GRAPHEME	tone	stress	syllabic	short	long	consonantal	sonorant	continuant	delayedRelease	approximant	tap	trill	nasal	lateral	labial	round	labiodental	coronal	anterior	distributed	strident	dorsal	high	low	front	back	tense	retractedTongueRoot	advancedTongueRoot	periodicGlottalSource	epilaryngealSource	spreadGlottis	constrictedGlottis	fortis	lenis	raisedLarynxEjective	loweredLarynxImplosive	click
N	.	-	-	-	-	+	+	-	.	-	-	-	+	-	.	.	.	.	.	.	.	.	.	.	.	.	.	.	.	+	-	-	-	-	-	-	-	-
R	.	-	-	-	-	+	+	+	.	+	.	.	-	-	-	.	.	+	+	-	-	-	.	.	.	.	.	.	.	+	-	-	-	-	-	-	-	-
Rʲ	.	-	-	-	-	+	+	+	.	+	.	.	-	-	-	.	.	+	+	-	-	.	+	-	+	-	.	.	.	+	-	-	-	-	-	-	-	-
R̪	.	-	-	-	-	+	+	+	.	+	.	.	-	-	-	.	.	+	+	+	-	-	.	.	.	.	.	.	.	+	-	-	-	-	-	-	-	-
R̪|R	.	-	-	-	-	+	+	+	.	+	.	.	-	-	-	.	.	+	+	.	-	-	.	.	.	.	.	.	.	+	-	-	-	-	-	-	-	-
R̪̥|R̥	.	-	-	-	-	+	+	+	.	+	.	.	-	-	-	.	.	+	+	.	-	-	.	.	.	.	.	.	.	-	-	-	-	-	-	-	-	-
R̪̰|R̰	.	-	-	-	-	+	+	+	.	+	.	.	-	-	-	.	.	+	+	.	-	-	.	.	.	.	.	.	.	+	-	-	+	-	-	-	-	-
a	.	-	+	-	-	-	+	+	.	+	-	-	-	-	-	.	.	-	.	.	.	+	-	+	-	-	.	-	-	+	-	-	-	.	.	-	-	.
ae	.	-	+	-	-	-	+	+	.	+	-	-	-	-	-	.	.	-	.	.	.	+	-	.	.	-	+	-	-	+	-	-	-	.	.	-	-	.
ae̞	.	-	+	-	-	-	+	+	.	+	-	-	-	-	-	.	.	-	.	.	.	+	-	.	.	-	.	-	-	+	-	-	-	.	.	-	-	.
ae̞ˤ	.	-	+	-	-	-	+	+	.	+	-	-	-	-	-	.	.	-	.	.	.	+	-	.	.	-	.	.	-	+	-	-	-	.	.	-	-	.
ae̯	.	-	.	-	-	-	+	+	.	+	-	-	-	-	-	.	.	-	.	.	.	+	-	.	.	-	+	-	-	+	-	-	-	.	.	-	-	.
ai	.	-	+	-	-	-	+	+	.	+	-	-	-	-	-	.	.	-	.	.	.	+	.	.	.	-	+	-	-	+	-	-	-	.	.	-	-	.
ai̯	.	-	.	-	-	-	+	+	.	+	-	-	-	-	-	.	.	-	.	.	.	+	.	.	.	-	+	-	-	+	-	-	-	.	.	-	-	.
ai̯ː	.	-	.	-	.	-	+	+	.	+	-	-	-	-	-	.	.	-	.	.	.	+	.	.	.	-	+	-	-	+	-	-	-	.	.	-	-	.
ao	.	-	+	-	-	-	+	+	.	+	-	-	-	-	.	+	-	-	.	.	.	+	-	.	-	.	+	-	-	+	-	-	-	.	.	-	-	.
ao̞	.	-	+	-	-	-	+	+	.	+	-	-	-	-	.	+	-	-	.	.	.	+	-	.	-	.	.	-	-	+	-	-	-	.	.	-	-	.
ao̞ˤ	.	-	+	-	-	-	+	+	.	+	-	-	-	-	.	+	-	-	.	.	.	+	-	.	-	.	.	.	-	+	-	-	-	.	.	-	-	.
au	.	-	+	-	-	-	+	+	.	+	-	-	-	-	.	+	-	-	.	.	.	+	.	.	-	.	+	-	-	+	-	-	-	.	.	-	-	.
auː	.	-	+	-	.	-	+	+	.	+	-	-	-	-	.	+	-	-	.	.	.	+	.	.	-	.	+	-	-	+	-	-	-	.	.	-	-	.
au̜	.	-	+	-	-	-	+	+	.	+	-	-	-	-	.	.	-	-	.	.	.	+	.	.	-	.	+	-	-	+	-	-	-	.	.	-	-	.
au̯	.	-	.	-	-	-	+	+	.	+	-	-	-	-	.	+	-	-	.	.	.	+	.	.	-	.	+	-	-	+	-	-	-	.	.	-	-	.
ay	.	-	+	-	-	-	+	+	.	+	-	-	-	-	.	+	-	-	.	.	.	+	.	.	.	-	+	-	-	+	-	-	-	.	.	-	-	.
aɔ	.	-	+	-	-	-	+	+	.	+	-	-	-	-	.	+	-	-	.	.	.	+	-	.	-	.	-	-	-	+	-	-	-	.	.	-	-	.
aə	.	-	+	-	-	-	+	+	.	+	-	-	-	-	-	.	.	-	.	.	.	+	-	.	-	-	-	-	-	+	-	-	-	.	.	-	-	.
aɛ	.	-	+	-	-	-	+	+	.	+	-	-	-	-	-	.	.	-	.	.	.	+	-	.	.	-	-	-	-	+	-	-	-	.	.	-	-	.
aɨ	.	-	+	-	-	-	+	+	.	+	-	-	-	-	-	.	.	-	.	.	.	+	.	.	-	-	+	-	-	+	-	-	-	.	.	-	-	.
aɪ	.	-	+	-	-	-	+	+	.	+	-	-	-	-	-	.	.	-	.	.	.	+	.	.	.	-	-	-	-	+	-	-	-	.	.	-	-	.
aɪ̃	.	-	+	-	-	-	+	+	.	+	-	-	.	-	-	.	.	-	.	.	.	+	.	.	.	-	-	-	-	+	-	-	-	.	.	-	-	.
aɪ̯	.	-	.	-	-	-	+	+	.	+	-	-	-	-	-	.	.	-	.	.	.	+	.	.	.	-	-	-	-	+	-	-	-	.	.	-	-	.
aɯ	.	-	+	-	-	-	+	+	.	+	-	-	-	-	-	.	.	-	.	.	.	+	.	.	-	.	+	-	-	+	-	-	-	.	.	-	-	.
aɯ̃	.	-	+	-	-	-	+	+	.	+	-	-	.	-	-	.	.	-	.	.	.	+	.	.	-	.	+	-	-	+	-	-	-	.	.	-	-	.
aɵ̯	.	-	.	-	-	-	+	+	.	+	-	-	-	-	.	+	-	-	.	.	.	+	-	.	-	-	+	-	-	+	-	-	-	.	.	-	-	.
aʊ	.	-	+	-	-	-	+	+	.	+	-	-	-	-	.	+	-	-	.	.	.	+	.	.	-	.	-	-	-	+	-	-	-	.	.	-	-	.
aʊɪ	.	-	+	-	-	-	+	+	.	+	-	-	-	-	.	+	-	-	.	.	.	+	.	.	.	.	-	-	-	+	-	-	-	.	.	-	-	.
aʊ̃	.	-	+	-	-	-	+	+	.	+	-	-	.	-	.	+	-	-	.	.	.	+	.	.	-	.	-	-	-	+	-	-	-	.	.	-	-	.
aʊ̯	.	-	.	-	-	-	+	+	.	+	-	-	-	-	.	+	-	-	.	.	.	+	.	.	-	.	-	-	-	+	-	-	-	.	.	-	-	.
aʱ	.	-	+	-	-	-	+	+	.	+	-	-	-	-	-	.	.	-	.	.	.	+	-	+	-	-	.	-	-	+	-	+	-	.	.	-	-	.
aʲ	.	-	+	-	-	-	+	+	.	+	-	-	-	-	-	.	.	-	.	.	.	+	.	.	.	-	.	-	-	+	-	-	-	.	.	-	-	.
aʲː	.	-	+	-	+	-	+	+	.	+	-	-	-	-	-	.	.	-	.	.	.	+	.	.	.	-	.	-	-	+	-	-	-	.	.	-	-	.
aˀ	.	-	+	-	-	-	+	+	.	+	-	-	-	-	-	.	.	-	.	.	.	+	-	+	-	-	.	-	-	+	-	-	+	.	.	-	-	.
aː	.	-	+	-	+	-	+	+	.	+	-	-	-	-	-	.	.	-	.	.	.	+	-	+	-	-	.	-	-	+	-	-	-	.	.	-	-	.
aːi	.	-	+	-	.	-	+	+	.	+	-	-	-	-	-	.	.	-	.	.	.	+	.	.	.	-	+	-	-	+	-	-	-	.	.	-	-	.
aːĭ	.	-	+	.	.	-	+	+	.	+	-	-	-	-	-	.	.	-	.	.	.	+	.	.	.	-	+	-	-	+	-	-	-	.	.	-	-	.
aːi̯	.	-	.	-	.	-	+	+	.	+	-	-	-	-	-	.	.	-	.	.	.	+	.	.	.	-	+	-	-	+	-	-	-	.	.	-	-	.
aːu	.	-	+	-	.	-	+	+	.	+	-	-	-	-	.	+	-	-	.	.	.	+	.	.	-	.	+	-	-	+	-	-	-	.	.	-	-	.
aːŭ	.	-	+	.	.	-	+	+	.	+	-	-	-	-	.	+	-	-	.	.	.	+	.	.	-	.	+	-	-	+	-	-	-	.	.	-	-	.
aːu̯	.	-	.	-	.	-	+	+	.	+	-	-	-	-	.	+	-	-	.	.	.	+	.	.	-	.	+	-	-	+	-	-	-	.	.	-	-	.
aːɪ	.	-	+	-	.	-	+	+	.	+	-	-	-	-	-	.	.	-	.	.	.	+	.	.	.	-	-	-	-	+	-	-	-	.	.	-	-	.
aˑ	.	-	+	+	+	-	+	+	.	+	-	-	-	-	-	.	.	-	.	.	.	+	-	+	-	-	.	-	-	+	-	-	-	.	.	-	-	.
a˞	.	-	+	-	-	-	+	+	.	+	-	-	-	-	-	.	.	+	+	+	+	+	-	+	-	-	.	-	-	+	-	-	-	.	.	-	-	.
a˞ː	.	-	+	-	+	-	+	+	.	+	-	-	-	-	-	.	.	+	+	+	+	+	-	+	-	-	.	-	-	+	-	-	-	.	.	-	-	.
a˞ˤ	.	-	+	-	-	-	+	+	.	+	-	-	-	-	-	.	.	+	+	+	+	+	-	+	-	-	.	.	-	+	-	-	-	.	.	-	-	.
aˠ	.	-	+	-	-	-	+	+	.	+	-	-	-	-	-	.	.	-	.	.	.	+	.	.	-	-	.	-	-	+	-	-	-	.	.	-	-	.
aˤ	.	-	+	-	-	-	+	+	.	+	-	-	-	-	-	.	.	-	.	.	.	+	-	+	-	-	.	.	-	+	-	-	-	.	.	-	-	.
aˤː	.	-	+	-	+	-	+	+	.	+	-	-	-	-	-	.	.	-	.	.	.	+	-	+	-	-	.	.	-	+	-	-	-	.	.	-	-	.
ã	.	-	+	-	-	-	+	+	.	+	-	-	+	-	-	.	.	-	.	.	.	+	-	+	-	-	.	-	-	+	-	-	-	.	.	-	-	.
ãẽ̞ˤ	.	-	+	-	-	-	+	+	.	+	-	-	+	-	-	.	.	-	.	.	.	+	-	.	.	-	.	.	-	+	-	-	-	.	.	-	-	.
ãi	.	-	+	-	-	-	+	+	.	+	-	-	.	-	-	.	.	-	.	.	.	+	.	.	.	-	+	-	-	+	-	-	-	.	.	-	-	.
ãĩ	.	-	+	-	-	-	+	+	.	+	-	-	+	-	-	.	.	-	.	.	.	+	.	.	.	-	+	-	-	+	-	-	-	.	.	-	-	.
ãi̯	.	-	.	-	-	-	+	+	.	+	-	-	.	-	-	.	.	-	.	.	.	+	.	.	.	-	+	-	-	+	-	-	-	.	.	-	-	.
ãõ	.	-	+	-	-	-	+	+	.	+	-	-	+	-	.	+	-	-	.	.	.	+	-	.	-	.	+	-	-	+	-	-	-	.	.	-	-	.
ãõ̞ˤ	.	-	+	-	-	-	+	+	.	+	-	-	+	-	.	+	-	-	.	.	.	+	-	.	-	.	.	.	-	+	-	-	-	.	.	-	-	.
ãũ	.	-	+	-	-	-	+	+	.	+	-	-	+	-	.	+	-	-	.	.	.	+	.	.	-	.	+	-	-	+	-	-	-	.	.	-	-	.
ãu̯	.	-	.	-	-	-	+	+	.	+	-	-	.	-	.	+	-	-	.	.	.	+	.	.	-	.	+	-	-	+	-	-	-	.	.	-	-	.
ãũ̯	.	-	.	-	-	-	+	+	.	+	-	-	+	-	.	+	-	-	.	.	.	+	.	.	-	.	+	-	-	+	-	-	-	.	.	-	-	.
ãɛ̃	.	-	+	-	-	-	+	+	.	+	-	-	+	-	-	.	.	-	.	.	.	+	-	.	.	-	-	-	-	+	-	-	-	.	.	-	-	.
ãɪ̯ː	.	-	.	-	.	-	+	+	.	+	-	-	.	-	-	.	.	-	.	.	.	+	.	.	.	-	-	-	-	+	-	-	-	.	.	-	-	.
ãː	.	-	+	-	+	-	+	+	.	+	-	-	+	-	-	.	.	-	.	.	.	+	-	+	-	-	.	-	-	+	-	-	-	.	.	-	-	.
ãˤ	.	-	+	-	-	-	+	+	.	+	-	-	+	-	-	.	.	-	.	.	.	+	-	+	-	-	.	.	-	+	-	-	-	.	.	-	-	.
ãˤː	.	-	+	-	+	-	+	+	.	+	-	-	+	-	-	.	.	-	.	.	.	+	-	+	-	-	.	.	-	+	-	-	-	.	.	-	-	.
ã̈	.	-	+	-	-	-	+	+	.	+	-	-	+	-	-	.	.	-	.	.	.	+	-	+	-	-	.	-	-	+	-	-	-	.	.	-	-	.
ã̈ː	.	-	+	-	+	-	+	+	.	+	-	-	+	-	-	.	.	-	.	.	.	+	-	+	-	-	.	-	-	+	-	-	-	.	.	-	-	.
ă	.	-	+	+	-	-	+	+	.	+	-	-	-	-	-	.	.	-	.	.	.	+	-	+	-	-	.	-	-	+	-	-	-	.	.	-	-	.
ẵ	.	-	+	+	-	-	+	+	.	+	-	-	+	-	-	.	.	-	.	.	.	+	-	+	-	-	.	-	-	+	-	-	-	.	.	-	-	.
ä	.	-	+	-	-	-	+	+	.	+	-	-	-	-	-	.	.	-	.	.	.	+	-	+	-	-	.	-	-	+	-	-	-	.	.	-	-	.
äi	.	-	+	-	-	-	+	+	.	+	-	-	-	-	-	.	.	-	.	.	.	+	.	.	.	-	+	-	-	+	-	-	-	.	.	-	-	.
äi̯	.	-	.	-	-	-	+	+	.	+	-	-	-	-	-	.	.	-	.	.	.	+	.	.	.	-	+	-	-	+	-	-	-	.	.	-	-	.
äu̯	.	-	.	-	-	-	+	+	.	+	-	-	-	-	.	+	-	-	.	.	.	+	.	.	-	.	+	-	-	+	-	-	-	.	.	-	-	.
äu̽	.	-	+	-	-	-	+	+	.	+	-	-	-	-	.	+	-	-	.	.	.	+	-	.	-	-	.	-	-	+	-	-	-	.	.	-	-	.
äː	.	-	+	-	+	-	+	+	.	+	-	-	-	-	-	.	.	-	.	.	.	+	-	+	-	-	.	-	-	+	-	-	-	.	.	-	-	.
å	.	-	+	-	-	-	+	+	.	+	-	-	-	-	-	.	.	-	.	.	.	+	-	+	-	-	.	-	-	-	-	-	-	.	.	-	-	.
a̙	.	-	+	-	-	-	+	+	.	+	-	-	-	-	-	.	.	-	.	.	.	+	-	+	-	-	.	+	-	+	-	-	-	.	.	-	-	.
a̙ː	.	-	+	-	+	-	+	+	.	+	-	-	-	-	-	.	.	-	.	.	.	+	-	+	-	-	.	+	-	+	-	-	-	.	.	-	-	.
a̙ˠ	.	-	+	-	-	-	+	+	.	+	-	-	-	-	-	.	.	-	.	.	.	+	.	.	-	-	.	+	-	+	-	-	-	.	.	-	-	.
a̞	.	-	+	-	-	-	+	+	.	+	-	-	-	-	-	.	.	-	.	.	.	+	-	+	-	-	.	-	-	+	-	-	-	.	.	-	-	.
a̟	.	-	+	-	-	-	+	+	.	+	-	-	-	-	-	.	.	-	.	.	.	+	-	+	.	-	.	-	-	+	-	-	-	.	.	-	-	.
a̟i	.	-	+	-	-	-	+	+	.	+	-	-	-	-	-	.	.	-	.	.	.	+	.	.	+	-	+	-	-	+	-	-	-	.	.	-	-	.
a̟ː	.	-	+	-	+	-	+	+	.	+	-	-	-	-	-	.	.	-	.	.	.	+	-	+	.	-	.	-	-	+	-	-	-	.	.	-	-	.
a̟˞	.	-	+	-	-	-	+	+	.	+	-	-	-	-	-	.	.	+	+	+	+	+	-	+	.	-	.	-	-	+	-	-	-	.	.	-	-	.
ã̟	.	-	+	-	-	-	+	+	.	+	-	-	+	-	-	.	.	-	.	.	.	+	-	+	.	-	.	-	-	+	-	-	-	.	.	-	-	.
ã̟ĩ	.	-	+	-	-	-	+	+	.	+	-	-	+	-	-	.	.	-	.	.	.	+	.	.	+	-	+	-	-	+	-	-	-	.	.	-	-	.
ã̟ː	.	-	+	-	+	-	+	+	.	+	-	-	+	-	-	.	.	-	.	.	.	+	-	+	.	-	.	-	-	+	-	-	-	.	.	-	-	.
a̟̙ː	.	-	+	-	+	-	+	+	.	+	-	-	-	-	-	.	.	-	.	.	.	+	-	+	.	-	.	+	-	+	-	-	-	.	.	-	-	.
a̠	.	-	+	-	-	-	+	+	.	+	-	-	-	-	-	.	.	-	-	+	.	+	-	+	-	-	.	-	-	+	-	-	-	.	.	-	-	.
a̠ː	.	-	+	-	+	-	+	+	.	+	-	-	-	-	-	.	.	-	-	+	.	+	-	+	-	-	.	-	-	+	-	-	-	.	.	-	-	.
ä̠	.	-	+	-	-	-	+	+	.	+	-	-	-	-	-	.	.	-	-	+	.	+	-	+	-	-	.	-	-	+	-	-	-	.	.	-	-	.
ä̠ː	.	-	+	-	+	-	+	+	.	+	-	-	-	-	-	.	.	-	-	+	.	+	-	+	-	-	.	-	-	+	-	-	-	.	.	-	-	.
a̤	.	-	+	-	-	-	+	+	.	+	-	-	-	-	-	.	.	-	.	.	.	+	-	+	-	-	.	-	-	+	-	+	-	.	.	-	-	.
a̤i̤	.	-	+	-	-	-	+	+	.	+	-	-	-	-	-	.	.	-	.	.	.	+	.	.	.	-	+	-	-	+	-	+	-	.	.	-	-	.
a̤ṳ	.	-	+	-	-	-	+	+	.	+	-	-	-	-	.	+	-	-	.	.	.	+	.	.	-	.	+	-	-	+	-	+	-	.	.	-	-	.
a̤ɯ̤	.	-	+	-	-	-	+	+	.	+	-	-	-	-	-	.	.	-	.	.	.	+	.	.	-	.	+	-	-	+	-	+	-	.	.	-	-	.
a̤ː	.	-	+	-	+	-	+	+	.	+	-	-	-	-	-	.	.	-	.	.	.	+	-	+	-	-	.	-	-	+	-	+	-	.	.	-	-	.
a̤ˑ	.	-	+	+	+	-	+	+	.	+	-	-	-	-	-	.	.	-	.	.	.	+	-	+	-	-	.	-	-	+	-	+	-	.	.	-	-	.
ã̤	.	-	+	-	-	-	+	+	.	+	-	-	+	-	-	.	.	-	.	.	.	+	-	+	-	-	.	-	-	+	-	+	-	.	.	-	-	.
ã̤̈ː	.	-	+	-	+	-	+	+	.	+	-	-	+	-	-	.	.	-	.	.	.	+	-	+	-	-	.	-	-	+	-	+	-	.	.	-	-	.
ä̤	.	-	+	-	-	-	+	+	.	+	-	-	-	-	-	.	.	-	.	.	.	+	-	+	-	-	.	-	-	+	-	+	-	.	.	-	-	.
ḁ	.	-	+	-	-	-	+	+	.	+	-	-	-	-	-	.	.	-	.	.	.	+	-	+	-	-	.	-	-	-	-	-	-	.	.	-	-	.
a̰	.	-	+	-	-	-	+	+	.	+	-	-	-	-	-	.	.	-	.	.	.	+	-	+	-	-	.	-	-	+	-	-	+	.	.	-	-	.
a̰ḭ	.	-	+	-	-	-	+	+	.	+	-	-	-	-	-	.	.	-	.	.	.	+	.	.	.	-	+	-	-	+	-	-	+	.	.	-	-	.
a̰ṵ	.	-	+	-	-	-	+	+	.	+	-	-	-	-	.	+	-	-	.	.	.	+	.	.	-	.	+	-	-	+	-	-	+	.	.	-	-	.
a̰ɪ̰	.	-	+	-	-	-	+	+	.	+	-	-	-	-	-	.	.	-	.	.	.	+	.	.	.	-	-	-	-	+	-	-	+	.	.	-	-	.
a̰ɯ̰	.	-	+	-	-	-	+	+	.	+	-	-	-	-	-	.	.	-	.	.	.	+	.	.	-	.	+	-	-	+	-	-	+	.	.	-	-	.
a̰ː	.	-	+	-	+	-	+	+	.	+	-	-	-	-	-	.	.	-	.	.	.	+	-	+	-	-	.	-	-	+	-	-	+	.	.	-	-	.
a̰ˑ	.	-	+	+	+	-	+	+	.	+	-	-	-	-	-	.	.	-	.	.	.	+	-	+	-	-	.	-	-	+	-	-	+	.	.	-	-	.
ã̰	.	-	+	-	-	-	+	+	.	+	-	-	+	-	-	.	.	-	.	.	.	+	-	+	-	-	.	-	-	+	-	-	+	.	.	-	-	.
aᴱ	.	-	+	-	-	-	+	+	.	+	-	-	-	-	-	.	.	-	.	.	.	+	-	+	-	-	.	-	-	+	+	-	-	.	.	-	-	.
b	.	-	-	-	-	+	-	-	-	-	-	-	-	-	+	-	-	-	.	.	.	-	.	.	.	.	.	-	-	+	-	-	-	-	-	-	-	-
bg	.	-	-	-	-	+	-	-	-	-	-	-	-	-	.	-	-	-	.	.	.	.	+	-	-	-	.	-	-	+	-	-	-	-	-	-	-	-
bm	.	-	-	-	-	+	.	-	-	-	-	-	.	-	+	-	-	-	.	.	.	-	.	.	.	.	.	-	-	+	-	-	-	-	-	-	-	-
br	.	-	-	-	-	+	.	.	-	.	-	.	-	-	.	-	-	.	+	-	-	-	.	.	.	.	.	-	-	+	-	-	-	-	-	-	-	-
bv	.	-	-	-	-	+	-	-	+	-	-	-	-	-	+	-	+	-	.	.	.	-	.	.	.	.	.	-	-	+	-	-	-	-	-	-	-	-
bvʷ	.	-	-	-	-	+	-	-	+	-	-	-	-	-	+	.	.	-	.	.	.	-	.	.	.	.	.	-	-	+	-	-	-	-	-	-	-	-
bz	.	-	-	-	-	+	-	.	.	-	-	-	-	-	.	-	-	.	+	-	+	-	.	.	.	.	.	-	-	+	-	-	-	-	-	-	-	-
bzʷ	.	-	-	-	-	+	-	.	.	-	-	-	-	-	.	.	-	.	+	-	+	-	.	.	.	.	.	-	-	+	-	-	-	-	-	-	-	-
bɦ	.	-	-	-	-	.	-	.	.	-	-	-	-	-	.	-	-	-	.	.	.	-	.	.	.	.	.	-	-	+	-	.	-	-	-	-	-	-
bɾ	.	-	-	-	-	+	.	.	-	.	.	-	-	-	.	-	-	.	+	-	-	-	.	.	.	.	.	-	-	+	-	-	-	-	-	-	-	-
bʱ	.	-	-	-	-	+	-	-	-	-	-	-	-	-	+	-	-	-	.	.	.	-	.	.	.	.	.	-	-	+	-	+	-	-	-	-	-	-
bʱː	.	-	-	-	+	+	-	-	-	-	-	-	-	-	+	-	-	-	.	.	.	-	.	.	.	.	.	-	-	+	-	+	-	-	-	-	-	-
bʲ	.	-	-	-	-	+	-	-	-	-	-	-	-	-	+	-	-	-	.	.	.	.	+	-	+	-	.	-	-	+	-	-	-	-	-	-	-	-
bʲː	.	-	-	-	+	+	-	-	-	-	-	-	-	-	+	-	-	-	.	.	.	.	+	-	+	-	.	-	-	+	-	-	-	-	-	-	-	-
bʷ	.	-	-	-	-	+	-	-	-	-	-	-	-	-	+	.	-	-	.	.	.	-	.	.	.	.	.	-	-	+	-	-	-	-	-	-	-	-
bʷː	.	-	-	-	+	+	-	-	-	-	-	-	-	-	+	.	-	-	.	.	.	-	.	.	.	.	.	-	-	+	-	-	-	-	-	-	-	-
bʷˠ	.	-	-	-	-	+	-	-	-	-	-	-	-	-	+	.	-	-	.	.	.	.	+	-	-	-	.	-	-	+	-	-	-	-	-	-	-	-
bʼ	.	-	-	-	-	+	-	-	-	-	-	-	-	-	+	-	-	-	.	.	.	-	.	.	.	.	.	-	-	-	-	-	+	-	-	+	-	-
bˀ	.	-	-	-	-	+	-	-	-	-	-	-	-	-	+	-	-	-	.	.	.	-	.	.	.	.	.	-	-	+	-	-	+	-	-	-	-	-
bː	.	-	-	-	+	+	-	-	-	-	-	-	-	-	+	-	-	-	.	.	.	-	.	.	.	.	.	-	-	+	-	-	-	-	-	-	-	-
b˞	.	-	-	-	-	+	-	-	-	-	-	-	-	-	+	-	-	+	+	+	+	+	.	.	.	.	.	-	-	+	-	-	-	-	-	-	-	-
bˠ	.	-	-	-	-	+	-	-	-	-	-	-	-	-	+	-	-	-	.	.	.	.	+	-	-	-	.	-	-	+	-	-	-	-	-	-	-	-
bˤ	.	-	-	-	-	+	-	-	-	-	-	-	-	-	+	-	-	-	.	.	.	-	.	.	.	.	.	.	-	+	-	-	-	-	-	-	-	-
bˤː	.	-	-	-	+	+	-	-	-	-	-	-	-	-	+	-	-	-	.	.	.	-	.	.	.	.	.	.	-	+	-	-	-	-	-	-	-	-
b̤	.	-	-	-	-	+	-	-	-	-	-	-	-	-	+	-	-	-	.	.	.	-	.	.	.	.	.	-	-	+	-	+	-	-	-	-	-	-
b̤v̤	.	-	-	-	-	+	-	-	+	-	-	-	-	-	+	-	+	-	.	.	.	-	.	.	.	.	.	-	-	+	-	+	-	-	-	-	-	-
b̤z̤	.	-	-	-	-	+	-	.	.	-	-	-	-	-	.	-	-	.	+	-	+	-	.	.	.	.	.	-	-	+	-	+	-	-	-	-	-	-
b̤ʲ	.	-	-	-	-	+	-	-	-	-	-	-	-	-	+	-	-	-	.	.	.	.	+	-	+	-	.	-	-	+	-	+	-	-	-	-	-	-
b̤ː	.	-	-	-	+	+	-	-	-	-	-	-	-	-	+	-	-	-	.	.	.	-	.	.	.	.	.	-	-	+	-	+	-	-	-	-	-	-
b̤̥	.	-	-	-	-	+	-	-	-	-	-	-	-	-	+	-	-	-	.	.	.	-	.	.	.	.	.	-	-	-	-	+	-	-	-	-	-	-
b̥	.	-	-	-	-	+	-	-	-	-	-	-	-	-	+	-	-	-	.	.	.	-	.	.	.	.	.	-	-	-	-	-	-	-	-	-	-	-
b̥ʰ	.	-	-	-	-	+	-	-	-	-	-	-	-	-	+	-	-	-	.	.	.	-	.	.	.	.	.	-	-	-	-	+	-	-	-	-	-	-
b̥ː	.	-	-	-	+	+	-	-	-	-	-	-	-	-	+	-	-	-	.	.	.	-	.	.	.	.	.	-	-	-	-	-	-	-	-	-	-	-
b̩	.	-	+	-	-	+	-	-	-	-	-	-	-	-	+	-	-	-	.	.	.	-	.	.	.	.	.	-	-	+	-	-	-	-	-	-	-	-
b̪	.	-	-	-	-	+	-	-	-	-	-	-	-	-	+	-	-	+	+	+	.	-	.	.	.	.	.	-	-	+	-	-	-	-	-	-	-	-
b̰	.	-	-	-	-	+	-	-	-	-	-	-	-	-	+	-	-	-	.	.	.	-	.	.	.	.	.	-	-	+	-	-	+	-	-	-	-	-
b̻	.	-	-	-	-	+	-	-	-	-	-	-	-	-	+	-	-	+	.	+	.	-	.	.	.	.	.	-	-	+	-	-	-	-	-	-	-	-
b͈	.	-	-	-	-	+	-	-	-	-	-	-	-	-	+	-	-	-	.	.	.	-	.	.	.	.	.	-	-	+	-	-	-	+	-	-	-	-
b͈ː	.	-	-	-	+	+	-	-	-	-	-	-	-	-	+	-	-	-	.	.	.	-	.	.	.	.	.	-	-	+	-	-	-	+	-	-	-	-
b͉	.	-	-	-	-	+	-	-	-	-	-	-	-	-	+	-	-	-	.	.	.	-	.	.	.	.	.	-	-	+	-	-	-	-	+	-	-	-
bβ	.	-	-	-	-	+	-	-	+	-	-	-	-	-	+	-	-	-	.	.	.	-	.	.	.	.	.	-	-	+	-	-	-	-	-	-	-	-
bⁿ	.	-	-	-	-	+	-	-	-	-	-	-	.	-	+	-	-	-	.	.	.	-	.	.	.	.	.	-	-	+	-	-	-	-	-	-	-	-
c	.	-	-	-	-	+	-	-	-	-	-	-	-	-	-	.	.	+	-	+	-	+	+	-	+	-	.	-	-	-	-	-	-	-	-	-	-	-
cç	.	-	-	-	-	+	-	-	+	-	-	-	-	-	-	.	.	+	-	+	-	+	+	-	+	-	.	-	-	-	-	-	-	-	-	-	-	-
cçʰ	.	-	-	-	-	+	-	-	+	-	-	-	-	-	-	.	.	+	-	+	-	+	+	-	+	-	.	-	-	-	-	+	-	-	-	-	-	-
cçʷ	.	-	-	-	-	+	-	-	+	-	-	-	-	-	.	+	-	+	-	+	-	+	+	-	+	-	.	-	-	-	-	-	-	-	-	-	-	-
cçʷʰ	.	-	-	-	-	+	-	-	+	-	-	-	-	-	.	+	-	+	-	+	-	+	+	-	+	-	.	-	-	-	-	+	-	-	-	-	-	-
cçʼ	.	-	-	-	-	+	-	-	+	-	-	-	-	-	-	.	.	+	-	+	-	+	+	-	+	-	.	-	-	-	-	-	+	-	-	+	-	-
cçː	.	-	-	-	+	+	-	-	+	-	-	-	-	-	-	.	.	+	-	+	-	+	+	-	+	-	.	-	-	-	-	-	-	-	-	-	-	-
cn̠	.	-	-	-	-	+	.	-	-	-	-	-	.	-	-	.	.	+	-	+	-	.	+	-	+	-	.	-	-	.	-	-	-	-	-	-	-	-
cɲ	.	-	-	-	-	+	.	-	-	-	-	-	.	-	-	.	.	+	-	+	-	+	+	-	+	-	.	-	-	.	-	-	-	-	-	-	-	-
cʰ	.	-	-	-	-	+	-	-	-	-	-	-	-	-	-	.	.	+	-	+	-	+	+	-	+	-	.	-	-	-	-	+	-	-	-	-	-	-
cʰː	.	-	-	-	+	+	-	-	-	-	-	-	-	-	-	.	.	+	-	+	-	+	+	-	+	-	.	-	-	-	-	+	-	-	-	-	-	-
cʲ	.	-	-	-	-	+	-	-	-	-	-	-	-	-	-	.	.	+	-	+	-	+	+	-	+	-	.	-	-	-	-	-	-	-	-	-	-	-
cʷ	.	-	-	-	-	+	-	-	-	-	-	-	-	-	.	+	-	+	-	+	-	+	+	-	+	-	.	-	-	-	-	-	-	-	-	-	-	-
cʷʰ	.	-	-	-	-	+	-	-	-	-	-	-	-	-	.	+	-	+	-	+	-	+	+	-	+	-	.	-	-	-	-	+	-	-	-	-	-	-
cʼ	.	-	-	-	-	+	-	-	-	-	-	-	-	-	-	.	.	+	-	+	-	+	+	-	+	-	.	-	-	-	-	-	+	-	-	+	-	-
cʼː	.	-	-	-	+	+	-	-	-	-	-	-	-	-	-	.	.	+	-	+	-	+	+	-	+	-	.	-	-	-	-	-	+	-	-	+	-	-
cˀ	.	-	-	-	-	+	-	-	-	-	-	-	-	-	-	.	.	+	-	+	-	+	+	-	+	-	.	-	-	-	-	-	+	-	-	-	-	-
cː	.	-	-	-	+	+	-	-	-	-	-	-	-	-	-	.	.	+	-	+	-	+	+	-	+	-	.	-	-	-	-	-	-	-	-	-	-	-
c̟	.	-	-	-	-	+	-	-	-	-	-	-	-	-	-	.	.	+	+	+	-	+	+	-	+	-	.	-	-	-	-	-	-	-	-	-	-	-
c̠	.	-	-	-	-	+	-	-	-	-	-	-	-	-	-	.	.	+	-	+	-	+	+	-	+	-	.	-	-	-	-	-	-	-	-	-	-	-
c̤	.	-	-	-	-	+	-	-	-	-	-	-	-	-	-	.	.	+	-	+	-	+	+	-	+	-	.	-	-	+	-	+	-	-	-	-	-	-
ç	.	-	-	-	-	+	-	+	+	-	-	-	-	-	-	.	.	+	-	+	-	+	+	-	+	-	.	-	-	-	-	-	-	-	-	-	-	-
çʰ	.	-	-	-	-	+	-	+	+	-	-	-	-	-	-	.	.	+	-	+	-	+	+	-	+	-	.	-	-	-	-	+	-	-	-	-	-	-
çʲ	.	-	-	-	-	+	-	+	+	-	-	-	-	-	-	.	.	+	-	+	-	+	+	-	+	-	.	-	-	-	-	-	-	-	-	-	-	-
çʷ	.	-	-	-	-	+	-	+	+	-	-	-	-	-	.	+	-	+	-	+	-	+	+	-	+	-	.	-	-	-	-	-	-	-	-	-	-	-
çː	.	-	-	-	+	+	-	+	+	-	-	-	-	-	-	.	.	+	-	+	-	+	+	-	+	-	.	-	-	-	-	-	-	-	-	-	-	-
ç̟	.	-	-	-	-	+	-	+	+	-	-	-	-	-	-	.	.	+	+	+	-	+	+	-	+	-	.	-	-	-	-	-	-	-	-	-	-	-
c̰	.	-	-	-	-	+	-	-	-	-	-	-	-	-	-	.	.	+	-	+	-	+	+	-	+	-	.	-	-	+	-	-	+	-	-	-	-	-
c̻	.	-	-	-	-	+	-	-	-	-	-	-	-	-	-	.	.	+	-	+	-	+	+	-	+	-	.	-	-	-	-	-	-	-	-	-	-	-
c̻̟	.	-	-	-	-	+	-	-	-	-	-	-	-	-	-	.	.	+	+	+	-	+	+	-	+	-	.	-	-	-	-	-	-	-	-	-	-	-
d	.	-	-	-	-	+	-	-	-	-	-	-	-	-	-	.	.	+	+	-	-	-	.	.	.	.	.	-	-	+	-	-	-	-	-	-	-	-
dl	.	-	-	-	-	+	.	.	-	.	-	-	-	.	-	.	.	+	+	-	-	-	.	.	.	.	.	-	-	+	-	-	-	-	-	-	-	-
dlʷ	.	-	-	-	-	+	.	.	-	.	-	-	-	.	.	+	-	+	+	-	-	-	.	.	.	.	.	-	-	+	-	-	-	-	-	-	-	-
dn	.	-	-	-	-	+	.	-	-	-	-	-	.	-	-	.	.	+	+	-	-	-	.	.	.	.	.	-	-	+	-	-	-	-	-	-	-	-
dr	.	-	-	-	-	+	.	.	-	.	-	.	-	-	-	.	.	+	+	-	-	-	.	.	.	.	.	-	-	+	-	-	-	-	-	-	-	-
dx	.	-	-	-	-	+	-	.	.	-	-	-	-	-	-	.	.	.	+	-	-	.	+	-	-	-	.	-	-	.	-	-	-	-	-	-	-	-
dz	.	-	-	-	-	+	-	-	+	-	-	-	-	-	-	.	.	+	+	-	+	-	.	.	.	.	.	-	-	+	-	-	-	-	-	-	-	-
dzʱ	.	-	-	-	-	+	-	-	+	-	-	-	-	-	-	.	.	+	+	-	+	-	.	.	.	.	.	-	-	+	-	+	-	-	-	-	-	-
dzʲ	.	-	-	-	-	+	-	-	+	-	-	-	-	-	-	.	.	+	+	-	+	.	+	-	+	-	.	-	-	+	-	-	-	-	-	-	-	-
dzʷ	.	-	-	-	-	+	-	-	+	-	-	-	-	-	.	+	-	+	+	-	+	-	.	.	.	.	.	-	-	+	-	-	-	-	-	-	-	-
dzʼ	.	-	-	-	-	+	-	-	+	-	-	-	-	-	-	.	.	+	+	-	+	-	.	.	.	.	.	-	-	-	-	-	+	-	-	+	-	-
dzː	.	-	-	-	+	+	-	-	+	-	-	-	-	-	-	.	.	+	+	-	+	-	.	.	.	.	.	-	-	+	-	-	-	-	-	-	-	-
dzˠ	.	-	-	-	-	+	-	-	+	-	-	-	-	-	-	.	.	+	+	-	+	.	+	-	-	-	.	-	-	+	-	-	-	-	-	-	-	-
dz̤	.	-	-	-	-	+	-	-	+	-	-	-	-	-	-	.	.	+	+	-	+	-	.	.	.	.	.	-	-	+	-	+	-	-	-	-	-	-
dz̪	.	-	-	-	-	+	-	-	+	-	-	-	-	-	-	.	.	+	+	+	+	-	.	.	.	.	.	-	-	+	-	-	-	-	-	-	-	-
dz̺	.	-	-	-	-	+	-	-	+	-	-	-	-	-	-	.	.	+	+	-	+	-	.	.	.	.	.	-	-	+	-	-	-	-	-	-	-	-
dz̻	.	-	-	-	-	+	-	-	+	-	-	-	-	-	-	.	.	+	+	+	+	-	.	.	.	.	.	-	-	+	-	-	-	-	-	-	-	-
dɮ	.	-	-	-	-	+	-	.	.	-	-	-	-	.	-	.	.	+	+	-	-	-	.	.	.	.	.	-	-	+	-	-	-	-	-	-	-	-
dɾ	.	-	-	-	-	+	.	.	-	.	.	-	-	-	-	.	.	+	+	-	-	-	.	.	.	.	.	-	-	+	-	-	-	-	-	-	-	-
dʑ	.	-	-	-	-	+	-	.	.	-	-	-	-	-	-	.	.	+	+	.	.	.	+	-	+	-	.	-	-	+	-	-	-	-	-	-	-	-
dʑʱ	.	-	-	-	-	+	-	.	.	-	-	-	-	-	-	.	.	+	+	.	.	.	+	-	+	-	.	-	-	+	-	.	-	-	-	-	-	-
dʑʱː	.	-	-	-	.	+	-	.	.	-	-	-	-	-	-	.	.	+	+	.	.	.	+	-	+	-	.	-	-	+	-	.	-	-	-	-	-	-
dʑː	.	-	-	-	.	+	-	.	.	-	-	-	-	-	-	.	.	+	+	.	.	.	+	-	+	-	.	-	-	+	-	-	-	-	-	-	-	-
dʑᶣ	.	-	-	-	-	+	-	.	.	-	-	-	-	-	.	+	-	+	+	.	.	.	+	-	+	-	.	-	-	+	-	-	-	-	-	-	-	-
dʱ	.	-	-	-	-	+	-	-	-	-	-	-	-	-	-	.	.	+	+	-	-	-	.	.	.	.	.	-	-	+	-	+	-	-	-	-	-	-
dʲ	.	-	-	-	-	+	-	-	-	-	-	-	-	-	-	.	.	+	+	-	-	.	+	-	+	-	.	-	-	+	-	-	-	-	-	-	-	-
dʷ	.	-	-	-	-	+	-	-	-	-	-	-	-	-	.	+	-	+	+	-	-	-	.	.	.	.	.	-	-	+	-	-	-	-	-	-	-	-
dʷʲ	.	-	-	-	-	+	-	-	-	-	-	-	-	-	.	+	-	+	+	-	-	.	+	-	+	-	.	-	-	+	-	-	-	-	-	-	-	-
dʼ	.	-	-	-	-	+	-	-	-	-	-	-	-	-	-	.	.	+	+	-	-	-	.	.	.	.	.	-	-	-	-	-	+	-	-	+	-	-
dʼkxʼ	.	-	-	-	-	+	-	-	.	-	-	-	-	-	-	.	.	.	+	-	-	.	+	-	-	-	.	-	-	-	-	-	+	-	-	+	-	-
dˀ	.	-	-	-	-	+	-	-	-	-	-	-	-	-	-	.	.	+	+	-	-	-	.	.	.	.	.	-	-	+	-	-	+	-	-	-	-	-
dː	.	-	-	-	+	+	-	-	-	-	-	-	-	-	-	.	.	+	+	-	-	-	.	.	.	.	.	-	-	+	-	-	-	-	-	-	-	-
dˠ	.	-	-	-	-	+	-	-	-	-	-	-	-	-	-	.	.	+	+	-	-	.	+	-	-	-	.	-	-	+	-	-	-	-	-	-	-	-
dˤ	.	-	-	-	-	+	-	-	-	-	-	-	-	-	-	.	.	+	+	-	-	-	.	.	.	.	.	.	-	+	-	-	-	-	-	-	-	-
dˤː	.	-	-	-	+	+	-	-	-	-	-	-	-	-	-	.	.	+	+	-	-	-	.	.	.	.	.	.	-	+	-	-	-	-	-	-	-	-
d̙ˤ	.	-	-	-	-	+	-	-	-	-	-	-	-	-	-	.	.	+	+	-	-	-	.	.	.	.	.	+	-	+	-	-	-	-	-	-	-	-
d̞	.	-	-	-	-	+	-	-	+	-	-	-	-	-	-	.	.	+	+	-	-	-	.	.	.	.	.	-	-	+	-	-	-	-	-	-	-	-
d̟	.	-	-	-	-	+	-	-	-	-	-	-	-	-	-	.	.	+	+	-	-	-	.	.	.	.	.	-	-	+	-	-	-	-	-	-	-	-
d̟z̟	.	-	-	-	-	+	-	-	+	-	-	-	-	-	-	.	.	+	+	-	+	-	.	.	.	.	.	-	-	+	-	-	-	-	-	-	-	-
d̟ʑ̟	.	-	-	-	-	+	-	.	.	-	-	-	-	-	-	.	.	+	+	.	.	.	+	-	+	-	.	-	-	+	-	-	-	-	-	-	-	-
d̟ʒ̟	.	-	-	-	-	+	-	-	+	-	-	-	-	-	-	.	.	+	+	+	+	-	.	.	.	.	.	-	-	+	-	-	-	-	-	-	-	-
d̟ːʑ̟	.	-	-	-	.	+	-	.	.	-	-	-	-	-	-	.	.	+	+	.	.	.	+	-	+	-	.	-	-	+	-	-	-	-	-	-	-	-
d̠	.	-	-	-	-	+	-	-	-	-	-	-	-	-	-	.	.	+	-	+	-	-	.	.	.	.	.	-	-	+	-	-	-	-	-	-	-	-
d̠z̠ʲ	.	-	-	-	-	+	-	-	+	-	-	-	-	-	-	.	.	+	-	+	+	.	+	-	+	-	.	-	-	+	-	-	-	-	-	-	-	-
d̠ʒ	.	-	-	-	-	+	-	-	+	-	-	-	-	-	-	.	.	+	-	+	+	-	.	.	.	.	.	-	-	+	-	-	-	-	-	-	-	-
d̠ʒxʼ	.	-	-	-	-	+	-	.	+	-	-	-	-	-	-	.	.	.	-	+	+	.	+	-	-	-	.	-	-	.	-	-	.	-	-	.	-	-
d̠ʒɾ	.	-	-	-	-	+	.	.	+	.	.	-	-	-	-	.	.	+	.	.	.	-	.	.	.	.	.	-	-	+	-	-	-	-	-	-	-	-
d̠ʒʰ	.	-	-	-	-	+	-	-	+	-	-	-	-	-	-	.	.	+	-	+	+	-	.	.	.	.	.	-	-	-	-	+	-	-	-	-	-	-
d̠ʒʱ	.	-	-	-	-	+	-	-	+	-	-	-	-	-	-	.	.	+	-	+	+	-	.	.	.	.	.	-	-	+	-	+	-	-	-	-	-	-
d̠ʒʲ	.	-	-	-	-	+	-	-	+	-	-	-	-	-	-	.	.	+	-	+	+	.	+	-	+	-	.	-	-	+	-	-	-	-	-	-	-	-
d̠ʒʷ	.	-	-	-	-	+	-	-	+	-	-	-	-	-	.	+	-	+	-	+	+	-	.	.	.	.	.	-	-	+	-	-	-	-	-	-	-	-
d̠ʒʼ	.	-	-	-	-	+	-	-	+	-	-	-	-	-	-	.	.	+	-	+	+	-	.	.	.	.	.	-	-	-	-	-	+	-	-	+	-	-
d̠ʒː	.	-	-	-	+	+	-	-	+	-	-	-	-	-	-	.	.	+	-	+	+	-	.	.	.	.	.	-	-	+	-	-	-	-	-	-	-	-
d̠ʒˠ	.	-	-	-	-	+	-	-	+	-	-	-	-	-	-	.	.	+	-	+	+	.	+	-	-	-	.	-	-	+	-	-	-	-	-	-	-	-
d̠ʒ̤	.	-	-	-	-	+	-	-	+	-	-	-	-	-	-	.	.	+	-	+	+	-	.	.	.	.	.	-	-	+	-	+	-	-	-	-	-	-
d̠ʒ̤ː	.	-	-	-	+	+	-	-	+	-	-	-	-	-	-	.	.	+	-	+	+	-	.	.	.	.	.	-	-	+	-	+	-	-	-	-	-	-
d̠ʓ	.	-	-	-	-	+	-	.	.	-	-	-	-	-	-	.	.	+	-	+	-	-	.	.	.	.	.	-	-	+	-	-	-	-	-	-	-	-
d̠ʓʷ	.	-	-	-	-	+	-	.	.	-	-	-	-	-	.	+	-	+	-	+	-	-	.	.	.	.	.	-	-	+	-	-	-	-	-	-	-	-
d̠ʲ	.	-	-	-	-	+	-	-	-	-	-	-	-	-	-	.	.	+	-	+	-	.	+	-	+	-	.	-	-	+	-	-	-	-	-	-	-	-
d̠ːʒ	.	-	-	-	+	+	-	-	+	-	-	-	-	-	-	.	.	+	-	+	+	-	.	.	.	.	.	-	-	+	-	-	-	-	-	-	-	-
d̠̤ʒ̤	.	-	-	-	-	+	-	-	+	-	-	-	-	-	-	.	.	+	-	+	+	-	.	.	.	.	.	-	-	+	-	+	-	-	-	-	-	-
d̠̰	.	-	-	-	-	+	-	-	-	-	-	-	-	-	-	.	.	+	-	+	-	-	.	.	.	.	.	-	-	+	-	-	+	-	-	-	-	-
d̠͈ʒ	.	-	-	-	-	+	-	-	+	-	-	-	-	-	-	.	.	+	-	+	+	-	.	.	.	.	.	-	-	+	-	-	-	+	-	-	-	-
d̠ⁿ	.	-	-	-	-	+	-	-	-	-	-	-	.	-	-	.	.	+	-	+	-	-	.	.	.	.	.	-	-	+	-	-	-	-	-	-	-	-
d̤	.	-	-	-	-	+	-	-	-	-	-	-	-	-	-	.	.	+	+	-	-	-	.	.	.	.	.	-	-	+	-	+	-	-	-	-	-	-
d̤z	.	-	-	-	-	+	-	-	+	-	-	-	-	-	-	.	.	+	+	-	+	-	.	.	.	.	.	-	-	+	-	+	-	-	-	-	-	-
d̤z̤	.	-	-	-	-	+	-	-	+	-	-	-	-	-	-	.	.	+	+	-	+	-	.	.	.	.	.	-	-	+	-	+	-	-	-	-	-	-
d̤z̤ː	.	-	-	-	+	+	-	-	+	-	-	-	-	-	-	.	.	+	+	-	+	-	.	.	.	.	.	-	-	+	-	+	-	-	-	-	-	-
d̤ɮ̤	.	-	-	-	-	+	-	.	.	-	-	-	-	.	-	.	.	+	+	-	-	-	.	.	.	.	.	-	-	+	-	+	-	-	-	-	-	-
d̤ʑ̤	.	-	-	-	-	+	-	.	.	-	-	-	-	-	-	.	.	+	+	.	.	.	+	-	+	-	.	-	-	+	-	+	-	-	-	-	-	-
d̤ʒ̤	.	-	-	-	-	+	-	-	+	-	-	-	-	-	-	.	.	+	-	+	+	-	.	.	.	.	.	-	-	+	-	+	-	-	-	-	-	-
d̤ʒ̤ː	.	-	-	-	+	+	-	-	+	-	-	-	-	-	-	.	.	+	-	+	+	-	.	.	.	.	.	-	-	+	-	+	-	-	-	-	-	-
d̤̥	.	-	-	-	-	+	-	-	-	-	-	-	-	-	-	.	.	+	+	-	-	-	.	.	.	.	.	-	-	-	-	+	-	-	-	-	-	-
d̥	.	-	-	-	-	+	-	-	-	-	-	-	-	-	-	.	.	+	+	-	-	-	.	.	.	.	.	-	-	-	-	-	-	-	-	-	-	-
d̥z̥	.	-	-	-	-	+	-	-	+	-	-	-	-	-	-	.	.	+	+	-	+	-	.	.	.	.	.	-	-	-	-	-	-	-	-	-	-	-
d̥z̥ʲ	.	-	-	-	-	+	-	-	+	-	-	-	-	-	-	.	.	+	+	-	+	.	+	-	+	-	.	-	-	-	-	-	-	-	-	-	-	-
d̥ʑ̥	.	-	-	-	-	+	-	.	.	-	-	-	-	-	-	.	.	+	+	.	.	.	+	-	+	-	.	-	-	-	-	-	-	-	-	-	-	-
d̥ʒ̊	.	-	-	-	-	+	-	-	+	-	-	-	-	-	-	.	.	+	-	+	+	-	.	.	.	.	.	-	-	-	-	-	-	-	-	-	-	-
d̥ʒ̥	.	-	-	-	-	+	-	-	+	-	-	-	-	-	-	.	.	+	-	+	+	-	.	.	.	.	.	-	-	-	-	-	-	-	-	-	-	-
d̥ʲ	.	-	-	-	-	+	-	-	-	-	-	-	-	-	-	.	.	+	+	-	-	.	+	-	+	-	.	-	-	-	-	-	-	-	-	-	-	-
d̥ː	.	-	-	-	+	+	-	-	-	-	-	-	-	-	-	.	.	+	+	-	-	-	.	.	.	.	.	-	-	-	-	-	-	-	-	-	-	-
d̩	.	-	+	-	-	+	-	-	-	-	-	-	-	-	-	.	.	+	+	-	-	-	.	.	.	.	.	-	-	+	-	-	-	-	-	-	-	-
d̪	.	-	-	-	-	+	-	-	-	-	-	-	-	-	-	.	.	+	+	+	-	-	.	.	.	.	.	-	-	+	-	-	-	-	-	-	-	-
d̪l̪	.	-	-	-	-	+	.	.	-	.	-	-	-	.	-	.	.	+	+	+	-	-	.	.	.	.	.	-	-	+	-	-	-	-	-	-	-	-
d̪n̪	.	-	-	-	-	+	.	-	-	-	-	-	.	-	-	.	.	+	+	+	-	-	.	.	.	.	.	-	-	+	-	-	-	-	-	-	-	-
d̪x	.	-	-	-	-	+	-	.	.	-	-	-	-	-	-	.	.	.	+	+	-	.	+	-	-	-	.	-	-	.	-	-	-	-	-	-	-	-
d̪z	.	-	-	-	-	+	-	-	+	-	-	-	-	-	-	.	.	+	+	+	+	-	.	.	.	.	.	-	-	+	-	-	-	-	-	-	-	-
d̪z̪	.	-	-	-	-	+	-	-	+	-	-	-	-	-	-	.	.	+	+	+	+	-	.	.	.	.	.	-	-	+	-	-	-	-	-	-	-	-
d̪z̪|dz	.	-	-	-	-	+	-	-	+	-	-	-	-	-	-	.	.	+	+	.	+	-	.	.	.	.	.	-	-	+	-	-	-	-	-	-	-	-
d̪z̪ʲ	.	-	-	-	-	+	-	-	+	-	-	-	-	-	-	.	.	+	+	+	+	.	+	-	+	-	.	-	-	+	-	-	-	-	-	-	-	-
d̪z̪ʲ|dzʲ	.	-	-	-	-	+	-	-	+	-	-	-	-	-	-	.	.	+	+	.	+	.	+	-	+	-	.	-	-	+	-	-	-	-	-	-	-	-
d̪z̪ː	.	-	-	-	+	+	-	-	+	-	-	-	-	-	-	.	.	+	+	+	+	-	.	.	.	.	.	-	-	+	-	-	-	-	-	-	-	-
d̪z̪̤|dz̤	.	-	-	-	-	+	-	-	+	-	-	-	-	-	-	.	.	+	+	.	+	-	.	.	.	.	.	-	-	+	-	+	-	-	-	-	-	-
d̪|d	.	-	-	-	-	+	-	-	-	-	-	-	-	-	-	.	.	+	+	.	-	-	.	.	.	.	.	-	-	+	-	-	-	-	-	-	-	-
d̪ð	.	-	-	-	-	+	-	-	+	-	-	-	-	-	-	.	.	+	+	+	-	-	.	.	.	.	.	-	-	+	-	-	-	-	-	-	-	-
d̪ð̪	.	-	-	-	-	+	-	-	+	-	-	-	-	-	-	.	.	+	+	+	-	-	.	.	.	.	.	-	-	+	-	-	-	-	-	-	-	-
d̪ɦ	.	-	-	-	-	.	-	.	.	-	-	-	-	-	-	.	.	.	+	+	-	-	.	.	.	.	.	-	-	+	-	.	-	-	-	-	-	-
d̪ɮ̪|dɮ	.	-	-	-	-	+	-	.	.	-	-	-	-	.	-	.	.	+	+	.	-	-	.	.	.	.	.	-	-	+	-	-	-	-	-	-	-	-
d̪ʒ	.	-	-	-	-	+	-	-	+	-	-	-	-	-	-	.	.	+	+	+	+	-	.	.	.	.	.	-	-	+	-	-	-	-	-	-	-	-
d̪ʱ	.	-	-	-	-	+	-	-	-	-	-	-	-	-	-	.	.	+	+	+	-	-	.	.	.	.	.	-	-	+	-	+	-	-	-	-	-	-
d̪ʱː	.	-	-	-	+	+	-	-	-	-	-	-	-	-	-	.	.	+	+	+	-	-	.	.	.	.	.	-	-	+	-	+	-	-	-	-	-	-
d̪ʲ	.	-	-	-	-	+	-	-	-	-	-	-	-	-	-	.	.	+	+	+	-	.	+	-	+	-	.	-	-	+	-	-	-	-	-	-	-	-
d̪ʲ|dʲ	.	-	-	-	-	+	-	-	-	-	-	-	-	-	-	.	.	+	+	.	-	.	+	-	+	-	.	-	-	+	-	-	-	-	-	-	-	-
d̪ʷ|dʷ	.	-	-	-	-	+	-	-	-	-	-	-	-	-	.	+	-	+	+	.	-	-	.	.	.	.	.	-	-	+	-	-	-	-	-	-	-	-
d̪ʼkxʼ	.	-	-	-	-	+	-	-	.	-	-	-	-	-	-	.	.	.	+	+	-	.	+	-	-	-	.	-	-	-	-	-	+	-	-	+	-	-
d̪ː	.	-	-	-	+	+	-	-	-	-	-	-	-	-	-	.	.	+	+	+	-	-	.	.	.	.	.	-	-	+	-	-	-	-	-	-	-	-
d̪ˠ	.	-	-	-	-	+	-	-	-	-	-	-	-	-	-	.	.	+	+	+	-	.	+	-	-	-	.	-	-	+	-	-	-	-	-	-	-	-
d̪ˤ	.	-	-	-	-	+	-	-	-	-	-	-	-	-	-	.	.	+	+	+	-	-	.	.	.	.	.	.	-	+	-	-	-	-	-	-	-	-
d̪ˤ|dˤ	.	-	-	-	-	+	-	-	-	-	-	-	-	-	-	.	.	+	+	.	-	-	.	.	.	.	.	.	-	+	-	-	-	-	-	-	-	-
d̪ˤː	.	-	-	-	+	+	-	-	-	-	-	-	-	-	-	.	.	+	+	+	-	-	.	.	.	.	.	.	-	+	-	-	-	-	-	-	-	-
d̪̚	.	-	-	-	-	+	-	-	-	-	-	-	-	-	-	.	.	+	+	+	-	-	.	.	.	.	.	-	-	+	-	-	-	-	-	-	-	-
d̪̤	.	-	-	-	-	+	-	-	-	-	-	-	-	-	-	.	.	+	+	+	-	-	.	.	.	.	.	-	-	+	-	+	-	-	-	-	-	-
d̪̤|d̤	.	-	-	-	-	+	-	-	-	-	-	-	-	-	-	.	.	+	+	.	-	-	.	.	.	.	.	-	-	+	-	+	-	-	-	-	-	-
d̪̤ː	.	-	-	-	+	+	-	-	-	-	-	-	-	-	-	.	.	+	+	+	-	-	.	.	.	.	.	-	-	+	-	+	-	-	-	-	-	-
d̪̤̥	.	-	-	-	-	+	-	-	-	-	-	-	-	-	-	.	.	+	+	+	-	-	.	.	.	.	.	-	-	-	-	+	-	-	-	-	-	-
d̪̥	.	-	-	-	-	+	-	-	-	-	-	-	-	-	-	.	.	+	+	+	-	-	.	.	.	.	.	-	-	-	-	-	-	-	-	-	-	-
d̪̰	.	-	-	-	-	+	-	-	-	-	-	-	-	-	-	.	.	+	+	+	-	-	.	.	.	.	.	-	-	+	-	-	+	-	-	-	-	-
d̪̰|d̰	.	-	-	-	-	+	-	-	-	-	-	-	-	-	-	.	.	+	+	.	-	-	.	.	.	.	.	-	-	+	-	-	+	-	-	-	-	-
d̪̺	.	-	-	-	-	+	-	-	-	-	-	-	-	-	-	.	.	+	+	-	-	-	.	.	.	.	.	-	-	+	-	-	-	-	-	-	-	-
d̪̻	.	-	-	-	-	+	-	-	-	-	-	-	-	-	-	.	.	+	+	+	-	-	.	.	.	.	.	-	-	+	-	-	-	-	-	-	-	-
d̪ⁿ	.	-	-	-	-	+	-	-	-	-	-	-	.	-	-	.	.	+	+	+	-	-	.	.	.	.	.	-	-	+	-	-	-	-	-	-	-	-
d̰	.	-	-	-	-	+	-	-	-	-	-	-	-	-	-	.	.	+	+	-	-	-	.	.	.	.	.	-	-	+	-	-	+	-	-	-	-	-
d̺	.	-	-	-	-	+	-	-	-	-	-	-	-	-	-	.	.	+	+	-	-	-	.	.	.	.	.	-	-	+	-	-	-	-	-	-	-	-
d̺z̺	.	-	-	-	-	+	-	-	+	-	-	-	-	-	-	.	.	+	+	-	+	-	.	.	.	.	.	-	-	+	-	-	-	-	-	-	-	-
d̺z̺ː	.	-	-	-	+	+	-	-	+	-	-	-	-	-	-	.	.	+	+	-	+	-	.	.	.	.	.	-	-	+	-	-	-	-	-	-	-	-
d̺ʒ̺	.	-	-	-	-	+	-	-	+	-	-	-	-	-	-	.	.	+	-	-	+	-	.	.	.	.	.	-	-	+	-	-	-	-	-	-	-	-
d̺ː	.	-	-	-	+	+	-	-	-	-	-	-	-	-	-	.	.	+	+	-	-	-	.	.	.	.	.	-	-	+	-	-	-	-	-	-	-	-
d̺̠ʒ̺ʷ	.	-	-	-	-	+	-	-	+	-	-	-	-	-	.	+	-	+	-	-	+	-	.	.	.	.	.	-	-	+	-	-	-	-	-	-	-	-
d̺̤	.	-	-	-	-	+	-	-	-	-	-	-	-	-	-	.	.	+	+	-	-	-	.	.	.	.	.	-	-	+	-	+	-	-	-	-	-	-
d̺̥	.	-	-	-	-	+	-	-	-	-	-	-	-	-	-	.	.	+	+	-	-	-	.	.	.	.	.	-	-	-	-	-	-	-	-	-	-	-
d̺̥z̺̥	.	-	-	-	-	+	-	-	+	-	-	-	-	-	-	.	.	+	+	-	+	-	.	.	.	.	.	-	-	-	-	-	-	-	-	-	-	-
d̻	.	-	-	-	-	+	-	-	-	-	-	-	-	-	-	.	.	+	+	+	-	-	.	.	.	.	.	-	-	+	-	-	-	-	-	-	-	-
d̻z̻	.	-	-	-	-	+	-	-	+	-	-	-	-	-	-	.	.	+	+	+	+	-	.	.	.	.	.	-	-	+	-	-	-	-	-	-	-	-
d̻z̻ː	.	-	-	-	+	+	-	-	+	-	-	-	-	-	-	.	.	+	+	+	+	-	.	.	.	.	.	-	-	+	-	-	-	-	-	-	-	-
d̻ʑ̻	.	-	-	-	-	+	-	.	.	-	-	-	-	-	-	.	.	+	+	+	.	.	+	-	+	-	.	-	-	+	-	-	-	-	-	-	-	-
d̻ʒ̻	.	-	-	-	-	+	-	-	+	-	-	-	-	-	-	.	.	+	-	+	+	-	.	.	.	.	.	-	-	+	-	-	-	-	-	-	-	-
d̻ʲ	.	-	-	-	-	+	-	-	-	-	-	-	-	-	-	.	.	+	+	+	-	.	+	-	+	-	.	-	-	+	-	-	-	-	-	-	-	-
d̻ː	.	-	-	-	+	+	-	-	-	-	-	-	-	-	-	.	.	+	+	+	-	-	.	.	.	.	.	-	-	+	-	-	-	-	-	-	-	-
d̻̤	.	-	-	-	-	+	-	-	-	-	-	-	-	-	-	.	.	+	+	+	-	-	.	.	.	.	.	-	-	+	-	+	-	-	-	-	-	-
d̻̤ʑ̻̤	.	-	-	-	-	+	-	.	.	-	-	-	-	-	-	.	.	+	+	+	.	.	+	-	+	-	.	-	-	+	-	+	-	-	-	-	-	-
d͇z͇	.	-	-	-	-	+	-	-	+	-	-	-	-	-	-	.	.	+	+	-	-	-	.	.	.	.	.	-	-	+	-	-	-	-	-	-	-	-
d͈	.	-	-	-	-	+	-	-	-	-	-	-	-	-	-	.	.	+	+	-	-	-	.	.	.	.	.	-	-	+	-	-	-	+	-	-	-	-
d͈ː	.	-	-	-	+	+	-	-	-	-	-	-	-	-	-	.	.	+	+	-	-	-	.	.	.	.	.	-	-	+	-	-	-	+	-	-	-	-
dᶣ	.	-	-	-	-	+	-	-	-	-	-	-	-	-	.	+	-	+	+	-	-	.	+	-	+	-	.	-	-	+	-	-	-	-	-	-	-	-
dⁿ	.	-	-	-	-	+	-	-	-	-	-	-	.	-	-	.	.	+	+	-	-	-	.	.	.	.	.	-	-	+	-	-	-	-	-	-	-	-
e	.	-	+	-	-	-	+	+	.	+	-	-	-	-	-	.	.	-	.	.	.	+	-	-	+	-	+	-	-	+	-	-	-	.	.	-	-	.
ea	.	-	+	-	-	-	+	+	.	+	-	-	-	-	-	.	.	-	.	.	.	+	-	.	.	-	+	-	-	+	-	-	-	.	.	-	-	.
ei	.	-	+	-	-	-	+	+	.	+	-	-	-	-	-	.	.	-	.	.	.	+	.	-	+	-	+	-	-	+	-	-	-	.	.	-	-	.
eĩ	.	-	+	-	-	-	+	+	.	+	-	-	.	-	-	.	.	-	.	.	.	+	.	-	+	-	+	-	-	+	-	-	-	.	.	-	-	.
ei̙	.	-	+	-	-	-	+	+	.	+	-	-	-	-	-	.	.	-	.	.	.	+	.	-	+	-	+	.	-	+	-	-	-	.	.	-	-	.
ei̯	.	-	.	-	-	-	+	+	.	+	-	-	-	-	-	.	.	-	.	.	.	+	.	-	+	-	+	-	-	+	-	-	-	.	.	-	-	.
eo	.	-	+	-	-	-	+	+	.	+	-	-	-	-	.	+	-	-	.	.	.	+	-	-	.	.	+	-	-	+	-	-	-	.	.	-	-	.
eu	.	-	+	-	-	-	+	+	.	+	-	-	-	-	.	+	-	-	.	.	.	+	.	-	.	.	+	-	-	+	-	-	-	.	.	-	-	.
eu̜	.	-	+	-	-	-	+	+	.	+	-	-	-	-	.	.	-	-	.	.	.	+	.	-	.	.	+	-	-	+	-	-	-	.	.	-	-	.
eu̯	.	-	.	-	-	-	+	+	.	+	-	-	-	-	.	+	-	-	.	.	.	+	.	-	.	.	+	-	-	+	-	-	-	.	.	-	-	.
eɔ	.	-	+	-	-	-	+	+	.	+	-	-	-	-	.	+	-	-	.	.	.	+	-	-	.	.	.	-	-	+	-	-	-	.	.	-	-	.
eɘ	.	-	+	-	-	-	+	+	.	+	-	-	-	-	-	.	.	-	.	.	.	+	-	-	.	-	+	-	-	+	-	-	-	.	.	-	-	.
eə	.	-	+	-	-	-	+	+	.	+	-	-	-	-	-	.	.	-	.	.	.	+	-	-	.	-	.	-	-	+	-	-	-	.	.	-	-	.
eəɪ	.	-	+	-	-	-	+	+	.	+	-	-	-	-	-	.	.	-	.	.	.	+	.	-	.	-	.	-	-	+	-	-	-	.	.	-	-	.
eɛ	.	-	+	-	-	-	+	+	.	+	-	-	-	-	-	.	.	-	.	.	.	+	-	-	+	-	.	-	-	+	-	-	-	.	.	-	-	.
eɪ	.	-	+	-	-	-	+	+	.	+	-	-	-	-	-	.	.	-	.	.	.	+	.	-	+	-	.	-	-	+	-	-	-	.	.	-	-	.
eɪ̃	.	-	+	-	-	-	+	+	.	+	-	-	.	-	-	.	.	-	.	.	.	+	.	-	+	-	.	-	-	+	-	-	-	.	.	-	-	.
eɪ̯	.	-	.	-	-	-	+	+	.	+	-	-	-	-	-	.	.	-	.	.	.	+	.	-	+	-	.	-	-	+	-	-	-	.	.	-	-	.
eʊ	.	-	+	-	-	-	+	+	.	+	-	-	-	-	.	+	-	-	.	.	.	+	.	-	.	.	.	-	-	+	-	-	-	.	.	-	-	.
eʊ̯	.	-	.	-	-	-	+	+	.	+	-	-	-	-	.	+	-	-	.	.	.	+	.	-	.	.	.	-	-	+	-	-	-	.	.	-	-	.
eʌ̯	.	-	.	-	-	-	+	+	.	+	-	-	-	-	-	.	.	-	.	.	.	+	-	-	.	.	.	-	-	+	-	-	-	.	.	-	-	.
eʱ	.	-	+	-	-	-	+	+	.	+	-	-	-	-	-	.	.	-	.	.	.	+	-	-	+	-	+	-	-	+	-	+	-	.	.	-	-	.
eˀ	.	-	+	-	-	-	+	+	.	+	-	-	-	-	-	.	.	-	.	.	.	+	-	-	+	-	+	-	-	+	-	-	+	.	.	-	-	.
eː	.	-	+	-	+	-	+	+	.	+	-	-	-	-	-	.	.	-	.	.	.	+	-	-	+	-	+	-	-	+	-	-	-	.	.	-	-	.
eːi̯	.	-	.	-	.	-	+	+	.	+	-	-	-	-	-	.	.	-	.	.	.	+	.	-	+	-	+	-	-	+	-	-	-	.	.	-	-	.
eˑ	.	-	+	+	+	-	+	+	.	+	-	-	-	-	-	.	.	-	.	.	.	+	-	-	+	-	+	-	-	+	-	-	-	.	.	-	-	.
e˞	.	-	+	-	-	-	+	+	.	+	-	-	-	-	-	.	.	+	+	+	+	+	-	-	+	-	+	-	-	+	-	-	-	.	.	-	-	.
eˠ	.	-	+	-	-	-	+	+	.	+	-	-	-	-	-	.	.	-	.	.	.	+	.	-	.	-	+	-	-	+	-	-	-	.	.	-	-	.
eˤ	.	-	+	-	-	-	+	+	.	+	-	-	-	-	-	.	.	-	.	.	.	+	-	-	+	-	+	.	-	+	-	-	-	.	.	-	-	.
ẽ	.	-	+	-	-	-	+	+	.	+	-	-	+	-	-	.	.	-	.	.	.	+	-	-	+	-	+	-	-	+	-	-	-	.	.	-	-	.
ẽĩ	.	-	+	-	-	-	+	+	.	+	-	-	+	-	-	.	.	-	.	.	.	+	.	-	+	-	+	-	-	+	-	-	-	.	.	-	-	.
ẽi̯	.	-	.	-	-	-	+	+	.	+	-	-	.	-	-	.	.	-	.	.	.	+	.	-	+	-	+	-	-	+	-	-	-	.	.	-	-	.
ẽɪ̃	.	-	+	-	-	-	+	+	.	+	-	-	+	-	-	.	.	-	.	.	.	+	.	-	+	-	.	-	-	+	-	-	-	.	.	-	-	.
ẽɪ̯̃	.	-	.	-	-	-	+	+	.	+	-	-	+	-	-	.	.	-	.	.	.	+	.	-	+	-	.	-	-	+	-	-	-	.	.	-	-	.
ẽː	.	-	+	-	+	-	+	+	.	+	-	-	+	-	-	.	.	-	.	.	.	+	-	-	+	-	+	-	-	+	-	-	-	.	.	-	-	.
ĕ	.	-	+	+	-	-	+	+	.	+	-	-	-	-	-	.	.	-	.	.	.	+	-	-	+	-	+	-	-	+	-	-	-	.	.	-	-	.
ë	.	-	+	-	-	-	+	+	.	+	-	-	-	-	-	.	.	-	.	.	.	+	-	-	.	-	.	-	-	+	-	-	-	.	.	-	-	.
ëː	.	-	+	-	+	-	+	+	.	+	-	-	-	-	-	.	.	-	.	.	.	+	-	-	.	-	.	-	-	+	-	-	-	.	.	-	-	.
e̘	.	-	+	-	-	-	+	+	.	+	-	-	-	-	-	.	.	-	.	.	.	+	-	-	+	-	+	-	+	+	-	-	-	.	.	-	-	.
e̘ː	.	-	+	-	+	-	+	+	.	+	-	-	-	-	-	.	.	-	.	.	.	+	-	-	+	-	+	-	+	+	-	-	-	.	.	-	-	.
e̙	.	-	+	-	-	-	+	+	.	+	-	-	-	-	-	.	.	-	.	.	.	+	-	-	+	-	+	+	-	+	-	-	-	.	.	-	-	.
e̝	.	-	+	-	-	-	+	+	.	+	-	-	-	-	-	.	.	-	.	.	.	+	.	-	+	-	+	-	-	+	-	-	-	.	.	-	-	.
e̞	.	-	+	-	-	-	+	+	.	+	-	-	-	-	-	.	.	-	.	.	.	+	-	-	+	-	.	-	-	+	-	-	-	.	.	-	-	.
e̞a	.	-	+	-	-	-	+	+	.	+	-	-	-	-	-	.	.	-	.	.	.	+	-	.	.	-	.	-	-	+	-	-	-	.	.	-	-	.
e̞i	.	-	+	-	-	-	+	+	.	+	-	-	-	-	-	.	.	-	.	.	.	+	.	-	+	-	+	-	-	+	-	-	-	.	.	-	-	.
e̞o̞	.	-	+	-	-	-	+	+	.	+	-	-	-	-	.	+	-	-	.	.	.	+	-	-	.	.	.	-	-	+	-	-	-	.	.	-	-	.
e̞u	.	-	+	-	-	-	+	+	.	+	-	-	-	-	.	+	-	-	.	.	.	+	.	-	.	.	+	-	-	+	-	-	-	.	.	-	-	.
e̞u̯	.	-	.	-	-	-	+	+	.	+	-	-	-	-	.	+	-	-	.	.	.	+	.	-	.	.	+	-	-	+	-	-	-	.	.	-	-	.
e̞ə	.	-	+	-	-	-	+	+	.	+	-	-	-	-	-	.	.	-	.	.	.	+	-	-	.	-	-	-	-	+	-	-	-	.	.	-	-	.
e̞ː	.	-	+	-	+	-	+	+	.	+	-	-	-	-	-	.	.	-	.	.	.	+	-	-	+	-	.	-	-	+	-	-	-	.	.	-	-	.
e̞ˤ	.	-	+	-	-	-	+	+	.	+	-	-	-	-	-	.	.	-	.	.	.	+	-	-	+	-	.	.	-	+	-	-	-	.	.	-	-	.
ẽ̞	.	-	+	-	-	-	+	+	.	+	-	-	+	-	-	.	.	-	.	.	.	+	-	-	+	-	.	-	-	+	-	-	-	.	.	-	-	.
ẽ̞ĩ	.	-	+	-	-	-	+	+	.	+	-	-	+	-	-	.	.	-	.	.	.	+	.	-	+	-	+	-	-	+	-	-	-	.	.	-	-	.
ẽ̞ũ	.	-	+	-	-	-	+	+	.	+	-	-	+	-	.	+	-	-	.	.	.	+	.	-	.	.	+	-	-	+	-	-	-	.	.	-	-	.
ẽ̞ː	.	-	+	-	+	-	+	+	.	+	-	-	+	-	-	.	.	-	.	.	.	+	-	-	+	-	.	-	-	+	-	-	-	.	.	-	-	.
ĕ̞	.	-	+	+	-	-	+	+	.	+	-	-	-	-	-	.	.	-	.	.	.	+	-	-	+	-	.	-	-	+	-	-	-	.	.	-	-	.
ë̞	.	-	+	-	-	-	+	+	.	+	-	-	-	-	-	.	.	-	.	.	.	+	-	-	.	-	.	-	-	+	-	-	-	.	.	-	-	.
e̞̥	.	-	+	-	-	-	+	+	.	+	-	-	-	-	-	.	.	-	.	.	.	+	-	-	+	-	.	-	-	-	-	-	-	.	.	-	-	.
e̞̰	.	-	+	-	-	-	+	+	.	+	-	-	-	-	-	.	.	-	.	.	.	+	-	-	+	-	.	-	-	+	-	-	+	.	.	-	-	.
ẽ̞̰	.	-	+	-	-	-	+	+	.	+	-	-	+	-	-	.	.	-	.	.	.	+	-	-	+	-	.	-	-	+	-	-	+	.	.	-	-	.
e̠	.	-	+	-	-	-	+	+	.	+	-	-	-	-	-	.	.	-	-	+	.	+	-	-	+	-	+	-	-	+	-	-	-	.	.	-	-	.
e̠̞	.	-	+	-	-	-	+	+	.	+	-	-	-	-	-	.	.	-	-	+	.	+	-	-	+	-	.	-	-	+	-	-	-	.	.	-	-	.
e̤	.	-	+	-	-	-	+	+	.	+	-	-	-	-	-	.	.	-	.	.	.	+	-	-	+	-	+	-	-	+	-	+	-	.	.	-	-	.
e̤ː	.	-	+	-	+	-	+	+	.	+	-	-	-	-	-	.	.	-	.	.	.	+	-	-	+	-	+	-	-	+	-	+	-	.	.	-	-	.
e̤ˑ	.	-	+	+	+	-	+	+	.	+	-	-	-	-	-	.	.	-	.	.	.	+	-	-	+	-	+	-	-	+	-	+	-	.	.	-	-	.
e̥	.	-	+	-	-	-	+	+	.	+	-	-	-	-	-	.	.	-	.	.	.	+	-	-	+	-	+	-	-	-	-	-	-	.	.	-	-	.
e̥ː	.	-	+	-	+	-	+	+	.	+	-	-	-	-	-	.	.	-	.	.	.	+	-	-	+	-	+	-	-	-	-	-	-	.	.	-	-	.
e̯	.	-	-	-	-	-	+	+	.	+	-	-	-	-	-	.	.	-	.	.	.	+	-	-	+	-	+	-	-	+	-	-	-	.	.	-	-	.
e̯ä	.	-	.	-	-	-	+	+	.	+	-	-	-	-	-	.	.	-	.	.	.	+	-	.	.	-	+	-	-	+	-	-	-	.	.	-	-	.
ḛ	.	-	+	-	-	-	+	+	.	+	-	-	-	-	-	.	.	-	.	.	.	+	-	-	+	-	+	-	-	+	-	-	+	.	.	-	-	.
ḛɪ̰	.	-	+	-	-	-	+	+	.	+	-	-	-	-	-	.	.	-	.	.	.	+	.	-	+	-	.	-	-	+	-	-	+	.	.	-	-	.
ḛː	.	-	+	-	+	-	+	+	.	+	-	-	-	-	-	.	.	-	.	.	.	+	-	-	+	-	+	-	-	+	-	-	+	.	.	-	-	.
ḛˑ	.	-	+	+	+	-	+	+	.	+	-	-	-	-	-	.	.	-	.	.	.	+	-	-	+	-	+	-	-	+	-	-	+	.	.	-	-	.
ḛ̃	.	-	+	-	-	-	+	+	.	+	-	-	+	-	-	.	.	-	.	.	.	+	-	-	+	-	+	-	-	+	-	-	+	.	.	-	-	.
f	.	-	-	-	-	+	-	+	+	-	-	-	-	-	+	-	+	-	.	.	.	-	.	.	.	.	.	-	-	-	-	-	-	-	-	-	-	-
fɾ	.	-	-	-	-	+	.	+	+	.	.	-	-	-	.	-	+	.	+	-	-	-	.	.	.	.	.	-	-	.	-	-	-	-	-	-	-	-
fʃ	.	-	-	-	-	+	-	+	+	-	-	-	-	-	.	-	+	.	-	+	+	-	.	.	.	.	.	-	-	-	-	-	-	-	-	-	-	-
fʰ	.	-	-	-	-	+	-	+	+	-	-	-	-	-	+	-	+	-	.	.	.	-	.	.	.	.	.	-	-	-	-	+	-	-	-	-	-	-
fʲ	.	-	-	-	-	+	-	+	+	-	-	-	-	-	+	-	+	-	.	.	.	.	+	-	+	-	.	-	-	-	-	-	-	-	-	-	-	-
fʲː	.	-	-	-	+	+	-	+	+	-	-	-	-	-	+	-	+	-	.	.	.	.	+	-	+	-	.	-	-	-	-	-	-	-	-	-	-	-
fʷ	.	-	-	-	-	+	-	+	+	-	-	-	-	-	+	.	.	-	.	.	.	-	.	.	.	.	.	-	-	-	-	-	-	-	-	-	-	-
fʷː	.	-	-	-	+	+	-	+	+	-	-	-	-	-	+	.	.	-	.	.	.	-	.	.	.	.	.	-	-	-	-	-	-	-	-	-	-	-
fʼ	.	-	-	-	-	+	-	+	+	-	-	-	-	-	+	-	+	-	.	.	.	-	.	.	.	.	.	-	-	-	-	-	+	-	-	+	-	-
fː	.	-	-	-	+	+	-	+	+	-	-	-	-	-	+	-	+	-	.	.	.	-	.	.	.	.	.	-	-	-	-	-	-	-	-	-	-	-
fˑ	.	-	-	+	+	+	-	+	+	-	-	-	-	-	+	-	+	-	.	.	.	-	.	.	.	.	.	-	-	-	-	-	-	-	-	-	-	-
fˠ	.	-	-	-	-	+	-	+	+	-	-	-	-	-	+	-	+	-	.	.	.	.	+	-	-	-	.	-	-	-	-	-	-	-	-	-	-	-
f̩	.	-	+	-	-	+	-	+	+	-	-	-	-	-	+	-	+	-	.	.	.	-	.	.	.	.	.	-	-	-	-	-	-	-	-	-	-	-
f̰	.	-	-	-	-	+	-	+	+	-	-	-	-	-	+	-	+	-	.	.	.	-	.	.	.	.	.	-	-	+	-	-	+	-	-	-	-	-
f͈ː	.	-	-	-	+	+	-	+	+	-	-	-	-	-	+	-	+	-	.	.	.	-	.	.	.	.	.	-	-	-	-	-	-	+	-	-	-	-
f͉	.	-	-	-	-	+	-	+	+	-	-	-	-	-	+	-	+	-	.	.	.	-	.	.	.	.	.	-	-	-	-	-	-	-	+	-	-	-
g	.	-	-	-	-	+	-	-	-	-	-	-	-	-	-	.	.	-	.	.	.	+	+	-	-	-	.	-	-	+	-	-	-	-	-	-	-	-
gb	.	-	-	-	-	+	-	-	-	-	-	-	-	-	+	-	-	-	.	.	.	+	+	-	-	-	.	-	-	+	-	-	-	-	-	-	-	-
gbr	.	-	-	-	-	+	-	-	-	-	-	+	-	-	+	-	-	+	+	-	-	+	+	-	-	-	.	-	-	+	-	-	-	-	-	-	-	-
gbɾ	.	-	-	-	-	+	-	-	-	-	+	-	-	-	+	-	-	+	+	-	-	+	+	-	-	-	.	-	-	+	-	-	-	-	-	-	-	-
gbʲ	.	-	-	-	-	+	-	-	-	-	-	-	-	-	+	-	-	-	.	.	.	+	+	-	.	-	.	-	-	+	-	-	-	-	-	-	-	-
gbʷ	.	-	-	-	-	+	-	-	-	-	-	-	-	-	+	.	-	-	.	.	.	+	+	-	-	-	.	-	-	+	-	-	-	-	-	-	-	-
gbː	.	-	-	-	+	+	-	-	-	-	-	-	-	-	+	-	-	-	.	.	.	+	+	-	-	-	.	-	-	+	-	-	-	-	-	-	-	-
gbˤ	.	-	-	-	-	+	-	-	-	-	-	-	-	-	+	-	-	-	.	.	.	+	+	-	-	-	.	.	-	+	-	-	-	-	-	-	-	-
gb̩	.	-	+	-	-	+	-	-	-	-	-	-	-	-	+	-	-	-	.	.	.	+	+	-	-	-	.	-	-	+	-	-	-	-	-	-	-	-
gm	.	-	-	-	-	+	.	-	-	-	-	-	.	-	.	-	-	-	.	.	.	.	+	-	-	-	.	-	-	+	-	-	-	-	-	-	-	-
gv	.	-	-	-	-	+	-	.	.	-	-	-	-	-	.	-	+	-	.	.	.	.	+	-	-	-	.	-	-	+	-	-	-	-	-	-	-	-
gǀ	.	-	-	-	-	+	-	-	-	-	-	-	-	-	-	.	.	+	+	+	-	+	+	-	-	-	.	-	-	+	-	-	-	-	-	-	-	+
gǀkxʼ	.	-	-	-	-	+	-	-	.	-	-	-	-	-	-	.	.	.	+	+	-	+	+	-	-	-	.	-	-	.	-	-	.	-	-	.	-	.
gǀkʰ	.	-	-	-	-	+	-	-	-	-	-	-	-	-	-	.	.	.	+	+	-	+	+	-	-	-	.	-	-	.	-	.	-	-	-	-	-	.
gǀx	.	-	-	-	-	+	-	.	.	-	-	-	-	-	-	.	.	.	+	+	-	+	+	-	-	-	.	-	-	.	-	-	-	-	-	-	-	.
gǀxʼ	.	-	-	-	-	+	-	.	.	-	-	-	-	-	-	.	.	.	+	+	-	+	+	-	-	-	.	-	-	.	-	-	.	-	-	.	-	.
gǀʱ	.	-	-	-	-	+	-	-	-	-	-	-	-	-	-	.	.	+	+	+	-	+	+	-	-	-	.	-	-	+	-	+	-	-	-	-	-	+
gǀ͓	.	-	-	-	-	+	-	-	+	-	-	-	-	-	-	.	.	+	+	+	-	+	+	-	-	-	.	-	-	+	-	-	-	-	-	-	-	+
gǀ͓x	.	-	-	-	-	+	-	.	+	-	-	-	-	-	-	.	.	.	+	+	-	+	+	-	-	-	.	-	-	.	-	-	-	-	-	-	-	.
gǁ	.	-	-	-	-	+	-	-	-	-	-	-	-	+	-	.	.	+	+	-	-	+	+	-	-	-	.	-	-	+	-	-	-	-	-	-	-	+
gǁkxʼ	.	-	-	-	-	+	-	-	.	-	-	-	-	.	-	.	.	.	+	-	-	+	+	-	-	-	.	-	-	.	-	-	.	-	-	.	-	.
gǁkʰ	.	-	-	-	-	+	-	-	-	-	-	-	-	.	-	.	.	.	+	-	-	+	+	-	-	-	.	-	-	.	-	.	-	-	-	-	-	.
gǁx	.	-	-	-	-	+	-	.	.	-	-	-	-	.	-	.	.	.	+	-	-	+	+	-	-	-	.	-	-	.	-	-	-	-	-	-	-	.
gǁxʼ	.	-	-	-	-	+	-	.	.	-	-	-	-	.	-	.	.	.	+	-	-	+	+	-	-	-	.	-	-	.	-	-	.	-	-	.	-	.
gǁ͓	.	-	-	-	-	+	-	-	+	-	-	-	-	+	-	.	.	+	+	-	-	+	+	-	-	-	.	-	-	+	-	-	-	-	-	-	-	+
gǂ	.	-	-	-	-	+	-	-	-	-	-	-	-	-	-	.	.	+	-	+	-	+	+	-	-	-	.	-	-	+	-	-	-	-	-	-	-	+
gǂkxʼ	.	-	-	-	-	+	-	-	.	-	-	-	-	-	-	.	.	.	-	+	-	+	+	-	-	-	.	-	-	.	-	-	.	-	-	.	-	.
gǂkʰ	.	-	-	-	-	+	-	-	-	-	-	-	-	-	-	.	.	.	-	+	-	+	+	-	-	-	.	-	-	.	-	.	-	-	-	-	-	.
gǂx	.	-	-	-	-	+	-	.	.	-	-	-	-	-	-	.	.	.	-	+	-	+	+	-	-	-	.	-	-	.	-	-	-	-	-	-	-	.
gǂ͓ˡ	.	-	-	-	-	+	-	-	+	-	-	-	-	.	-	.	.	+	-	+	-	+	+	-	-	-	.	-	-	+	-	-	-	-	-	-	-	+
gǂ͓ˡx	.	-	-	-	-	+	-	.	+	-	-	-	-	.	-	.	.	.	-	+	-	+	+	-	-	-	.	-	-	.	-	-	-	-	-	-	-	.
gǃ	.	-	-	-	-	+	-	-	-	-	-	-	-	-	-	.	.	+	+	-	-	+	+	-	-	-	.	-	-	+	-	-	-	-	-	-	-	+
gǃkxʼ	.	-	-	-	-	+	-	-	.	-	-	-	-	-	-	.	.	.	+	-	-	+	+	-	-	-	.	-	-	.	-	-	.	-	-	.	-	.
gǃkʰ	.	-	-	-	-	+	-	-	-	-	-	-	-	-	-	.	.	.	+	-	-	+	+	-	-	-	.	-	-	.	-	.	-	-	-	-	-	.
gǃx	.	-	-	-	-	+	-	.	.	-	-	-	-	-	-	.	.	.	+	-	-	+	+	-	-	-	.	-	-	.	-	-	-	-	-	-	-	.
gǃxʼ	.	-	-	-	-	+	-	.	.	-	-	-	-	-	-	.	.	.	+	-	-	+	+	-	-	-	.	-	-	.	-	-	.	-	-	.	-	.
gǃʱ	.	-	-	-	-	+	-	-	-	-	-	-	-	-	-	.	.	+	+	-	-	+	+	-	-	-	.	-	-	+	-	+	-	-	-	-	-	+
gǃ̠	.	-	-	-	-	+	-	-	-	-	-	-	-	-	-	.	.	+	-	+	-	+	+	-	-	-	.	-	-	+	-	-	-	-	-	-	-	+
gɓ	.	-	-	-	-	+	-	-	-	-	-	-	-	-	.	-	-	-	.	.	.	.	+	-	-	-	.	-	-	+	-	-	-	-	-	-	.	-
gɣ	.	-	-	-	-	+	-	-	+	-	-	-	-	-	-	.	.	-	.	.	.	+	+	-	-	-	.	-	-	+	-	-	-	-	-	-	-	-
gɦ	.	-	-	-	-	.	-	.	.	-	-	-	-	-	-	.	.	-	.	.	.	.	+	-	-	-	.	-	-	+	-	.	-	-	-	-	-	-
gɾ	.	-	-	-	-	+	.	.	-	.	.	-	-	-	-	.	.	.	+	-	-	.	+	-	-	-	.	-	-	+	-	-	-	-	-	-	-	-
gʘ	.	-	-	-	-	+	-	-	-	-	-	-	-	-	+	-	-	-	.	.	.	+	+	-	-	-	.	-	-	+	-	-	-	-	-	-	-	+
gʘkxʼ	.	-	-	-	-	+	-	-	.	-	-	-	-	-	.	-	-	-	.	.	.	+	+	-	-	-	.	-	-	.	-	-	.	-	-	.	-	.
gʘkʰ	.	-	-	-	-	+	-	-	-	-	-	-	-	-	.	-	-	-	.	.	.	+	+	-	-	-	.	-	-	.	-	.	-	-	-	-	-	.
gʘx	.	-	-	-	-	+	-	.	.	-	-	-	-	-	.	-	-	-	.	.	.	+	+	-	-	-	.	-	-	.	-	-	-	-	-	-	-	.
gʱ	.	-	-	-	-	+	-	-	-	-	-	-	-	-	-	.	.	-	.	.	.	+	+	-	-	-	.	-	-	+	-	+	-	-	-	-	-	-
gʲ	.	-	-	-	-	+	-	-	-	-	-	-	-	-	-	.	.	-	.	.	.	+	+	-	.	-	.	-	-	+	-	-	-	-	-	-	-	-
gʲː	.	-	-	-	+	+	-	-	-	-	-	-	-	-	-	.	.	-	.	.	.	+	+	-	.	-	.	-	-	+	-	-	-	-	-	-	-	-
gʷ	.	-	-	-	-	+	-	-	-	-	-	-	-	-	.	+	-	-	.	.	.	+	+	-	-	-	.	-	-	+	-	-	-	-	-	-	-	-
gʷʲ	.	-	-	-	-	+	-	-	-	-	-	-	-	-	.	+	-	-	.	.	.	+	+	-	.	-	.	-	-	+	-	-	-	-	-	-	-	-
gʷː	.	-	-	-	+	+	-	-	-	-	-	-	-	-	.	+	-	-	.	.	.	+	+	-	-	-	.	-	-	+	-	-	-	-	-	-	-	-
gʼ	.	-	-	-	-	+	-	-	-	-	-	-	-	-	-	.	.	-	.	.	.	+	+	-	-	-	.	-	-	-	-	-	+	-	-	+	-	-
gʼkxʼ	.	-	-	-	-	+	-	-	.	-	-	-	-	-	-	.	.	-	.	.	.	+	+	-	-	-	.	-	-	-	-	-	+	-	-	+	-	-
gː	.	-	-	-	+	+	-	-	-	-	-	-	-	-	-	.	.	-	.	.	.	+	+	-	-	-	.	-	-	+	-	-	-	-	-	-	-	-
g˞	.	-	-	-	-	+	-	-	-	-	-	-	-	-	-	.	.	+	+	+	+	+	+	-	-	-	.	-	-	+	-	-	-	-	-	-	-	-
gˡ	.	-	-	-	-	+	-	-	-	-	-	-	-	.	-	.	.	-	.	.	.	+	+	-	-	-	.	-	-	+	-	-	-	-	-	-	-	-
g̊	.	-	-	-	-	+	-	-	-	-	-	-	-	-	-	.	.	-	.	.	.	+	+	-	-	-	.	-	-	-	-	-	-	-	-	-	-	-
g̊ʰ	.	-	-	-	-	+	-	-	-	-	-	-	-	-	-	.	.	-	.	.	.	+	+	-	-	-	.	-	-	-	-	+	-	-	-	-	-	-
g̊ʷ	.	-	-	-	-	+	-	-	-	-	-	-	-	-	.	+	-	-	.	.	.	+	+	-	-	-	.	-	-	-	-	-	-	-	-	-	-	-
g̊ː	.	-	-	-	+	+	-	-	-	-	-	-	-	-	-	.	.	-	.	.	.	+	+	-	-	-	.	-	-	-	-	-	-	-	-	-	-	-
g̙	.	-	-	-	-	+	-	-	-	-	-	-	-	-	-	.	.	-	.	.	.	+	+	-	-	-	.	+	-	+	-	-	-	-	-	-	-	-
g̟	.	-	-	-	-	+	-	-	-	-	-	-	-	-	-	.	.	-	.	.	.	+	+	-	+	-	.	-	-	+	-	-	-	-	-	-	-	-
g̟ʲ	.	-	-	-	-	+	-	-	-	-	-	-	-	-	-	.	.	-	.	.	.	+	+	-	+	-	.	-	-	+	-	-	-	-	-	-	-	-
g̤	.	-	-	-	-	+	-	-	-	-	-	-	-	-	-	.	.	-	.	.	.	+	+	-	-	-	.	-	-	+	-	+	-	-	-	-	-	-
g̤ǀ	.	-	-	-	-	+	-	-	-	-	-	-	-	-	-	.	.	+	+	+	-	+	+	-	-	-	.	-	-	+	-	+	-	-	-	-	-	+
g̤ǀ͓	.	-	-	-	-	+	-	-	+	-	-	-	-	-	-	.	.	+	+	+	-	+	+	-	-	-	.	-	-	+	-	+	-	-	-	-	-	+
g̤ǁ	.	-	-	-	-	+	-	-	-	-	-	-	-	+	-	.	.	+	+	-	-	+	+	-	-	-	.	-	-	+	-	+	-	-	-	-	-	+
g̤ǂ	.	-	-	-	-	+	-	-	-	-	-	-	-	-	-	.	.	+	-	+	-	+	+	-	-	-	.	-	-	+	-	+	-	-	-	-	-	+
g̤ǂ͓ˡ	.	-	-	-	-	+	-	-	+	-	-	-	-	.	-	.	.	+	-	+	-	+	+	-	-	-	.	-	-	+	-	+	-	-	-	-	-	+
g̤ǃ	.	-	-	-	-	+	-	-	-	-	-	-	-	-	-	.	.	+	+	-	-	+	+	-	-	-	.	-	-	+	-	+	-	-	-	-	-	+
g̤ʷ	.	-	-	-	-	+	-	-	-	-	-	-	-	-	.	+	-	-	.	.	.	+	+	-	-	-	.	-	-	+	-	+	-	-	-	-	-	-
g̤ː	.	-	-	-	+	+	-	-	-	-	-	-	-	-	-	.	.	-	.	.	.	+	+	-	-	-	.	-	-	+	-	+	-	-	-	-	-	-
g̤̥	.	-	-	-	-	+	-	-	-	-	-	-	-	-	-	.	.	-	.	.	.	+	+	-	-	-	.	-	-	-	-	+	-	-	-	-	-	-
g̩	.	-	+	-	-	+	-	-	-	-	-	-	-	-	-	.	.	-	.	.	.	+	+	-	-	-	.	-	-	+	-	-	-	-	-	-	-	-
g̩ʷ	.	-	+	-	-	+	-	-	-	-	-	-	-	-	.	+	-	-	.	.	.	+	+	-	-	-	.	-	-	+	-	-	-	-	-	-	-	-
g̰	.	-	-	-	-	+	-	-	-	-	-	-	-	-	-	.	.	-	.	.	.	+	+	-	-	-	.	-	-	+	-	-	+	-	-	-	-	-
g̰ǀ͓x	.	-	-	-	-	+	-	.	+	-	-	-	-	-	-	.	.	.	+	+	-	+	+	-	-	-	.	-	-	.	-	-	.	-	-	-	-	.
g̰ǂx	.	-	-	-	-	+	-	.	.	-	-	-	-	-	-	.	.	.	-	+	-	+	+	-	-	-	.	-	-	.	-	-	.	-	-	-	-	.
g̰ǂ͓ˡx	.	-	-	-	-	+	-	.	+	-	-	-	-	.	-	.	.	.	-	+	-	+	+	-	-	-	.	-	-	.	-	-	.	-	-	-	-	.
g̰ǃx	.	-	-	-	-	+	-	.	.	-	-	-	-	-	-	.	.	.	+	-	-	+	+	-	-	-	.	-	-	.	-	-	.	-	-	-	-	.
g͈ː	.	-	-	-	+	+	-	-	-	-	-	-	-	-	-	.	.	-	.	.	.	+	+	-	-	-	.	-	-	+	-	-	-	+	-	-	-	-
gᶣ	.	-	-	-	-	+	-	-	-	-	-	-	-	-	.	+	-	-	.	.	.	+	+	-	.	-	.	-	-	+	-	-	-	-	-	-	-	-
g‼	.	-	-	-	-	+	-	-	-	-	-	-	-	-	-	.	.	+	-	-	-	+	+	-	-	-	.	-	-	+	-	-	-	-	-	-	-	+
g‼x	.	-	-	-	-	+	-	.	.	-	-	-	-	-	-	.	.	.	-	-	-	+	+	-	-	-	.	-	-	.	-	-	-	-	-	-	-	.
g‼xʼ	.	-	-	-	-	+	-	.	.	-	-	-	-	-	-	.	.	.	-	-	-	+	+	-	-	-	.	-	-	.	-	-	.	-	-	.	-	.
g‼ʱ	.	-	-	-	-	+	-	-	-	-	-	-	-	-	-	.	.	+	-	-	-	+	+	-	-	-	.	-	-	+	-	+	-	-	-	-	-	+
gⁿ	.	-	-	-	-	+	-	-	-	-	-	-	.	-	-	.	.	-	.	.	.	+	+	-	-	-	.	-	-	+	-	-	-	-	-	-	-	-
h	.	-	-	-	-	-	-	+	+	-	-	-	-	-	-	.	.	-	.	.	.	-	.	.	.	.	.	-	-	-	-	+	-	-	-	-	-	-
hʲ	.	-	-	-	-	-	-	+	+	-	-	-	-	-	-	.	.	-	.	.	.	.	+	-	+	-	.	-	-	-	-	+	-	-	-	-	-	-
hʷ	.	-	-	-	-	-	-	+	+	-	-	-	-	-	.	+	-	-	.	.	.	-	.	.	.	.	.	-	-	-	-	+	-	-	-	-	-	-
hʷʲ	.	-	-	-	-	-	-	+	+	-	-	-	-	-	.	+	-	-	.	.	.	.	+	-	+	-	.	-	-	-	-	+	-	-	-	-	-	-
hʼ	.	-	-	-	-	-	-	+	+	-	-	-	-	-	-	.	.	-	.	.	.	-	.	.	.	.	.	-	-	-	-	-	+	-	-	+	-	-
hˀ	.	-	-	-	-	-	-	+	+	-	-	-	-	-	-	.	.	-	.	.	.	-	.	.	.	.	.	-	-	-	-	-	+	-	-	-	-	-
hː	.	-	-	-	+	-	-	+	+	-	-	-	-	-	-	.	.	-	.	.	.	-	.	.	.	.	.	-	-	-	-	+	-	-	-	-	-	-
h̃	.	-	-	-	-	-	-	+	+	-	-	-	+	-	-	.	.	-	.	.	.	-	.	.	.	.	.	-	-	-	-	+	-	-	-	-	-	-
hᶣ	.	-	-	-	-	-	-	+	+	-	-	-	-	-	.	+	-	-	.	.	.	.	+	-	+	-	.	-	-	-	-	+	-	-	-	-	-	-
i	.	-	+	-	-	-	+	+	.	+	-	-	-	-	-	.	.	-	.	.	.	+	+	-	+	-	+	-	-	+	-	-	-	.	.	-	-	.
ia	.	-	+	-	-	-	+	+	.	+	-	-	-	-	-	.	.	-	.	.	.	+	.	.	.	-	+	-	-	+	-	-	-	.	.	-	-	.
iau	.	-	+	-	-	-	+	+	.	+	-	-	-	-	.	+	-	-	.	.	.	+	.	.	.	.	+	-	-	+	-	-	-	.	.	-	-	.
iaː	.	-	+	-	.	-	+	+	.	+	-	-	-	-	-	.	.	-	.	.	.	+	.	.	.	-	+	-	-	+	-	-	-	.	.	-	-	.
iã	.	-	+	-	-	-	+	+	.	+	-	-	.	-	-	.	.	-	.	.	.	+	.	.	.	-	+	-	-	+	-	-	-	.	.	-	-	.
iäu̽	.	-	+	-	-	-	+	+	.	+	-	-	-	-	.	+	-	-	.	.	.	+	.	.	.	-	+	-	-	+	-	-	-	.	.	-	-	.
ia̟	.	-	+	-	-	-	+	+	.	+	-	-	-	-	-	.	.	-	.	.	.	+	.	.	+	-	+	-	-	+	-	-	-	.	.	-	-	.
ie	.	-	+	-	-	-	+	+	.	+	-	-	-	-	-	.	.	-	.	.	.	+	.	-	+	-	+	-	-	+	-	-	-	.	.	-	-	.
ieː	.	-	+	-	.	-	+	+	.	+	-	-	-	-	-	.	.	-	.	.	.	+	.	-	+	-	+	-	-	+	-	-	-	.	.	-	-	.
iẽ	.	-	+	-	-	-	+	+	.	+	-	-	.	-	-	.	.	-	.	.	.	+	.	-	+	-	+	-	-	+	-	-	-	.	.	-	-	.
iẽː	.	-	+	-	.	-	+	+	.	+	-	-	.	-	-	.	.	-	.	.	.	+	.	-	+	-	+	-	-	+	-	-	-	.	.	-	-	.
ie̞	.	-	+	-	-	-	+	+	.	+	-	-	-	-	-	.	.	-	.	.	.	+	.	-	+	-	+	-	-	+	-	-	-	.	.	-	-	.
ii	.	-	+	-	-	-	+	+	.	+	-	-	-	-	-	.	.	-	.	.	.	+	+	-	+	-	+	-	-	+	-	-	-	.	.	-	-	.
ii̯	.	-	.	-	-	-	+	+	.	+	-	-	-	-	-	.	.	-	.	.	.	+	+	-	+	-	+	-	-	+	-	-	-	.	.	-	-	.
io	.	-	+	-	-	-	+	+	.	+	-	-	-	-	.	+	-	-	.	.	.	+	.	-	.	.	+	-	-	+	-	-	-	.	.	-	-	.
iou	.	-	+	-	-	-	+	+	.	+	-	-	-	-	.	+	-	-	.	.	.	+	.	-	.	.	+	-	-	+	-	-	-	.	.	-	-	.
ioː	.	-	+	-	.	-	+	+	.	+	-	-	-	-	.	+	-	-	.	.	.	+	.	-	.	.	+	-	-	+	-	-	-	.	.	-	-	.
io̞	.	-	+	-	-	-	+	+	.	+	-	-	-	-	.	+	-	-	.	.	.	+	.	-	.	.	+	-	-	+	-	-	-	.	.	-	-	.
iu	.	-	+	-	-	-	+	+	.	+	-	-	-	-	.	+	-	-	.	.	.	+	+	-	.	.	+	-	-	+	-	-	-	.	.	-	-	.
iu̜	.	-	+	-	-	-	+	+	.	+	-	-	-	-	.	.	-	-	.	.	.	+	+	-	.	.	+	-	-	+	-	-	-	.	.	-	-	.
iu̯	.	-	.	-	-	-	+	+	.	+	-	-	-	-	.	+	-	-	.	.	.	+	+	-	.	.	+	-	-	+	-	-	-	.	.	-	-	.
iæ	.	-	+	-	-	-	+	+	.	+	-	-	-	-	-	.	.	-	.	.	.	+	.	.	+	-	+	-	-	+	-	-	-	.	.	-	-	.
iæ̃	.	-	+	-	-	-	+	+	.	+	-	-	.	-	-	.	.	-	.	.	.	+	.	.	+	-	+	-	-	+	-	-	-	.	.	-	-	.
iø	.	-	+	-	-	-	+	+	.	+	-	-	-	-	.	+	-	-	.	.	.	+	.	-	+	-	+	-	-	+	-	-	-	.	.	-	-	.
iɐ	.	-	+	-	-	-	+	+	.	+	-	-	-	-	.	+	-	-	.	.	.	+	.	.	.	-	+	-	-	+	-	-	-	.	.	-	-	.
iɑ	.	-	+	-	-	-	+	+	.	+	-	-	-	-	-	.	.	-	.	.	.	+	.	.	.	.	+	-	-	+	-	-	-	.	.	-	-	.
iɑu	.	-	+	-	-	-	+	+	.	+	-	-	-	-	.	+	-	-	.	.	.	+	.	.	.	.	+	-	-	+	-	-	-	.	.	-	-	.
iɔ	.	-	+	-	-	-	+	+	.	+	-	-	-	-	.	+	-	-	.	.	.	+	.	-	.	.	.	-	-	+	-	-	-	.	.	-	-	.
iɔ̽	.	-	+	-	-	-	+	+	.	+	-	-	-	-	.	+	-	-	.	.	.	+	.	-	.	-	.	-	-	+	-	-	-	.	.	-	-	.
iə	.	-	+	-	-	-	+	+	.	+	-	-	-	-	-	.	.	-	.	.	.	+	.	-	.	-	.	-	-	+	-	-	-	.	.	-	-	.
iəɪ	.	-	+	-	-	-	+	+	.	+	-	-	-	-	-	.	.	-	.	.	.	+	.	-	.	-	.	-	-	+	-	-	-	.	.	-	-	.
iə̯	.	-	.	-	-	-	+	+	.	+	-	-	-	-	-	.	.	-	.	.	.	+	.	-	.	-	.	-	-	+	-	-	-	.	.	-	-	.
iɛ	.	-	+	-	-	-	+	+	.	+	-	-	-	-	-	.	.	-	.	.	.	+	.	-	+	-	.	-	-	+	-	-	-	.	.	-	-	.
iɛi̯	.	-	.	-	-	-	+	+	.	+	-	-	-	-	-	.	.	-	.	.	.	+	.	-	+	-	.	-	-	+	-	-	-	.	.	-	-	.
iɛː	.	-	+	-	.	-	+	+	.	+	-	-	-	-	-	.	.	-	.	.	.	+	.	-	+	-	.	-	-	+	-	-	-	.	.	-	-	.
iɛ̃	.	-	+	-	-	-	+	+	.	+	-	-	.	-	-	.	.	-	.	.	.	+	.	-	+	-	.	-	-	+	-	-	-	.	.	-	-	.
iɛ̠	.	-	+	-	-	-	+	+	.	+	-	-	-	-	-	.	.	-	-	+	.	+	.	-	+	-	.	-	-	+	-	-	-	.	.	-	-	.
iɜ	.	-	+	-	-	-	+	+	.	+	-	-	-	-	-	.	.	-	.	.	.	+	.	-	.	-	.	-	-	+	-	-	-	.	.	-	-	.
iɨ	.	-	+	-	-	-	+	+	.	+	-	-	-	-	-	.	.	-	.	.	.	+	+	-	.	-	+	-	-	+	-	-	-	.	.	-	-	.
iɪ	.	-	+	-	-	-	+	+	.	+	-	-	-	-	-	.	.	-	.	.	.	+	+	-	+	-	.	-	-	+	-	-	-	.	.	-	-	.
iɪ̯	.	-	.	-	-	-	+	+	.	+	-	-	-	-	-	.	.	-	.	.	.	+	+	-	+	-	.	-	-	+	-	-	-	.	.	-	-	.
iʊ	.	-	+	-	-	-	+	+	.	+	-	-	-	-	.	+	-	-	.	.	.	+	+	-	.	.	.	-	-	+	-	-	-	.	.	-	-	.
iʊ̯	.	-	.	-	-	-	+	+	.	+	-	-	-	-	.	+	-	-	.	.	.	+	+	-	.	.	.	-	-	+	-	-	-	.	.	-	-	.
iʌ	.	-	+	-	-	-	+	+	.	+	-	-	-	-	-	.	.	-	.	.	.	+	.	-	.	.	.	-	-	+	-	-	-	.	.	-	-	.
iʌ̯	.	-	.	-	-	-	+	+	.	+	-	-	-	-	-	.	.	-	.	.	.	+	.	-	.	.	.	-	-	+	-	-	-	.	.	-	-	.
iʱ	.	-	+	-	-	-	+	+	.	+	-	-	-	-	-	.	.	-	.	.	.	+	+	-	+	-	+	-	-	+	-	+	-	.	.	-	-	.
iˀ	.	-	+	-	-	-	+	+	.	+	-	-	-	-	-	.	.	-	.	.	.	+	+	-	+	-	+	-	-	+	-	-	+	.	.	-	-	.
iː	.	-	+	-	+	-	+	+	.	+	-	-	-	-	-	.	.	-	.	.	.	+	+	-	+	-	+	-	-	+	-	-	-	.	.	-	-	.
iːe	.	-	+	-	.	-	+	+	.	+	-	-	-	-	-	.	.	-	.	.	.	+	.	-	+	-	+	-	-	+	-	-	-	.	.	-	-	.
iːŭ	.	-	+	.	.	-	+	+	.	+	-	-	-	-	.	+	-	-	.	.	.	+	+	-	.	.	+	-	-	+	-	-	-	.	.	-	-	.
iːə	.	-	+	-	.	-	+	+	.	+	-	-	-	-	-	.	.	-	.	.	.	+	.	-	.	-	.	-	-	+	-	-	-	.	.	-	-	.
iːɛ	.	-	+	-	.	-	+	+	.	+	-	-	-	-	-	.	.	-	.	.	.	+	.	-	+	-	.	-	-	+	-	-	-	.	.	-	-	.
iˑ	.	-	+	+	+	-	+	+	.	+	-	-	-	-	-	.	.	-	.	.	.	+	+	-	+	-	+	-	-	+	-	-	-	.	.	-	-	.
i˞	.	-	+	-	-	-	+	+	.	+	-	-	-	-	-	.	.	+	+	+	+	+	+	-	+	-	+	-	-	+	-	-	-	.	.	-	-	.
i˞ˤ	.	-	+	-	-	-	+	+	.	+	-	-	-	-	-	.	.	+	+	+	+	+	+	-	+	-	+	.	-	+	-	-	-	.	.	-	-	.
i˞ˤː	.	-	+	-	+	-	+	+	.	+	-	-	-	-	-	.	.	+	+	+	+	+	+	-	+	-	+	.	-	+	-	-	-	.	.	-	-	.
iˠ	.	-	+	-	-	-	+	+	.	+	-	-	-	-	-	.	.	-	.	.	.	+	+	-	.	-	+	-	-	+	-	-	-	.	.	-	-	.
iˤ	.	-	+	-	-	-	+	+	.	+	-	-	-	-	-	.	.	-	.	.	.	+	+	-	+	-	+	.	-	+	-	-	-	.	.	-	-	.
iˤæ	.	-	+	-	-	-	+	+	.	+	-	-	-	-	-	.	.	-	.	.	.	+	.	.	+	-	+	.	-	+	-	-	-	.	.	-	-	.
iˤː	.	-	+	-	+	-	+	+	.	+	-	-	-	-	-	.	.	-	.	.	.	+	+	-	+	-	+	.	-	+	-	-	-	.	.	-	-	.
ĩ	.	-	+	-	-	-	+	+	.	+	-	-	+	-	-	.	.	-	.	.	.	+	+	-	+	-	+	-	-	+	-	-	-	.	.	-	-	.
ĩã	.	-	+	-	-	-	+	+	.	+	-	-	+	-	-	.	.	-	.	.	.	+	.	.	.	-	+	-	-	+	-	-	-	.	.	-	-	.
ĩẽ	.	-	+	-	-	-	+	+	.	+	-	-	+	-	-	.	.	-	.	.	.	+	.	-	+	-	+	-	-	+	-	-	-	.	.	-	-	.
ĩẽ̞	.	-	+	-	-	-	+	+	.	+	-	-	+	-	-	.	.	-	.	.	.	+	.	-	+	-	+	-	-	+	-	-	-	.	.	-	-	.
ĩõ	.	-	+	-	-	-	+	+	.	+	-	-	+	-	.	+	-	-	.	.	.	+	.	-	.	.	+	-	-	+	-	-	-	.	.	-	-	.
ĩə	.	-	+	-	-	-	+	+	.	+	-	-	.	-	-	.	.	-	.	.	.	+	.	-	.	-	.	-	-	+	-	-	-	.	.	-	-	.
ĩɛ̃ː	.	-	+	-	.	-	+	+	.	+	-	-	+	-	-	.	.	-	.	.	.	+	.	-	+	-	.	-	-	+	-	-	-	.	.	-	-	.
ĩː	.	-	+	-	+	-	+	+	.	+	-	-	+	-	-	.	.	-	.	.	.	+	+	-	+	-	+	-	-	+	-	-	-	.	.	-	-	.
ĩˠ	.	-	+	-	-	-	+	+	.	+	-	-	+	-	-	.	.	-	.	.	.	+	+	-	.	-	+	-	-	+	-	-	-	.	.	-	-	.
ĭ	.	-	+	+	-	-	+	+	.	+	-	-	-	-	-	.	.	-	.	.	.	+	+	-	+	-	+	-	-	+	-	-	-	.	.	-	-	.
ï	.	-	+	-	-	-	+	+	.	+	-	-	-	-	-	.	.	-	.	.	.	+	+	-	.	-	.	-	-	+	-	-	-	.	.	-	-	.
i̘	.	-	+	-	-	-	+	+	.	+	-	-	-	-	-	.	.	-	.	.	.	+	+	-	+	-	+	-	+	+	-	-	-	.	.	-	-	.
i̙	.	-	+	-	-	-	+	+	.	+	-	-	-	-	-	.	.	-	.	.	.	+	+	-	+	-	+	+	-	+	-	-	-	.	.	-	-	.
i̙ː	.	-	+	-	+	-	+	+	.	+	-	-	-	-	-	.	.	-	.	.	.	+	+	-	+	-	+	+	-	+	-	-	-	.	.	-	-	.
i̜	.	-	+	-	-	-	+	+	.	+	-	-	-	-	+	-	-	-	.	.	.	+	+	-	+	-	+	-	-	+	-	-	-	.	.	-	-	.
i̞	.	-	+	-	-	-	+	+	.	+	-	-	-	-	-	.	.	-	.	.	.	+	+	-	+	-	.	-	-	+	-	-	-	.	.	-	-	.
i̞ä	.	-	+	-	-	-	+	+	.	+	-	-	-	-	-	.	.	-	.	.	.	+	.	.	.	-	.	-	-	+	-	-	-	.	.	-	-	.
i̞e̞	.	-	+	-	-	-	+	+	.	+	-	-	-	-	-	.	.	-	.	.	.	+	.	-	+	-	.	-	-	+	-	-	-	.	.	-	-	.
i̞ː	.	-	+	-	+	-	+	+	.	+	-	-	-	-	-	.	.	-	.	.	.	+	+	-	+	-	.	-	-	+	-	-	-	.	.	-	-	.
ĩ̞	.	-	+	-	-	-	+	+	.	+	-	-	+	-	-	.	.	-	.	.	.	+	+	-	+	-	.	-	-	+	-	-	-	.	.	-	-	.
i̠	.	-	+	-	-	-	+	+	.	+	-	-	-	-	-	.	.	-	-	+	.	+	+	-	+	-	+	-	-	+	-	-	-	.	.	-	-	.
i̤	.	-	+	-	-	-	+	+	.	+	-	-	-	-	-	.	.	-	.	.	.	+	+	-	+	-	+	-	-	+	-	+	-	.	.	-	-	.
i̤a	.	-	+	-	-	-	+	+	.	+	-	-	-	-	-	.	.	-	.	.	.	+	.	.	.	-	+	-	-	+	-	.	-	.	.	-	-	.
i̤a̤	.	-	+	-	-	-	+	+	.	+	-	-	-	-	-	.	.	-	.	.	.	+	.	.	.	-	+	-	-	+	-	+	-	.	.	-	-	.
i̤ṳ	.	-	+	-	-	-	+	+	.	+	-	-	-	-	.	+	-	-	.	.	.	+	+	-	.	.	+	-	-	+	-	+	-	.	.	-	-	.
i̤ə̤	.	-	+	-	-	-	+	+	.	+	-	-	-	-	-	.	.	-	.	.	.	+	.	-	.	-	.	-	-	+	-	+	-	.	.	-	-	.
i̤ɛ̤	.	-	+	-	-	-	+	+	.	+	-	-	-	-	-	.	.	-	.	.	.	+	.	-	+	-	.	-	-	+	-	+	-	.	.	-	-	.
i̤ː	.	-	+	-	+	-	+	+	.	+	-	-	-	-	-	.	.	-	.	.	.	+	+	-	+	-	+	-	-	+	-	+	-	.	.	-	-	.
i̤ˑ	.	-	+	+	+	-	+	+	.	+	-	-	-	-	-	.	.	-	.	.	.	+	+	-	+	-	+	-	-	+	-	+	-	.	.	-	-	.
ĩ̤ː	.	-	+	-	+	-	+	+	.	+	-	-	+	-	-	.	.	-	.	.	.	+	+	-	+	-	+	-	-	+	-	+	-	.	.	-	-	.
i̥	.	-	+	-	-	-	+	+	.	+	-	-	-	-	-	.	.	-	.	.	.	+	+	-	+	-	+	-	-	-	-	-	-	.	.	-	-	.
i̩ː	.	-	+	-	+	-	+	+	.	+	-	-	-	-	-	.	.	-	.	.	.	+	+	-	+	-	+	-	-	+	-	-	-	.	.	-	-	.
i̯	.	-	-	-	-	-	+	+	.	+	-	-	-	-	-	.	.	-	.	.	.	+	+	-	+	-	+	-	-	+	-	-	-	.	.	-	-	.
i̯a	.	-	.	-	-	-	+	+	.	+	-	-	-	-	-	.	.	-	.	.	.	+	.	.	.	-	+	-	-	+	-	-	-	.	.	-	-	.
i̯ai	.	-	.	-	-	-	+	+	.	+	-	-	-	-	-	.	.	-	.	.	.	+	.	.	.	-	+	-	-	+	-	-	-	.	.	-	-	.
i̯ai̯	.	-	.	-	-	-	+	+	.	+	-	-	-	-	-	.	.	-	.	.	.	+	.	.	.	-	+	-	-	+	-	-	-	.	.	-	-	.
i̯au	.	-	.	-	-	-	+	+	.	+	-	-	-	-	.	+	-	-	.	.	.	+	.	.	.	.	+	-	-	+	-	-	-	.	.	-	-	.
i̯au̯	.	-	.	-	-	-	+	+	.	+	-	-	-	-	.	+	-	-	.	.	.	+	.	.	.	.	+	-	-	+	-	-	-	.	.	-	-	.
i̯aː	.	-	.	-	.	-	+	+	.	+	-	-	-	-	-	.	.	-	.	.	.	+	.	.	.	-	+	-	-	+	-	-	-	.	.	-	-	.
i̯ãː	.	-	.	-	.	-	+	+	.	+	-	-	.	-	-	.	.	-	.	.	.	+	.	.	.	-	+	-	-	+	-	-	-	.	.	-	-	.
i̯e	.	-	.	-	-	-	+	+	.	+	-	-	-	-	-	.	.	-	.	.	.	+	.	-	+	-	+	-	-	+	-	-	-	.	.	-	-	.
i̯ei̯	.	-	.	-	-	-	+	+	.	+	-	-	-	-	-	.	.	-	.	.	.	+	.	-	+	-	+	-	-	+	-	-	-	.	.	-	-	.
i̯eu̯	.	-	.	-	-	-	+	+	.	+	-	-	-	-	.	+	-	-	.	.	.	+	.	-	.	.	+	-	-	+	-	-	-	.	.	-	-	.
i̯ẽ	.	-	.	-	-	-	+	+	.	+	-	-	.	-	-	.	.	-	.	.	.	+	.	-	+	-	+	-	-	+	-	-	-	.	.	-	-	.
i̯e̞	.	-	.	-	-	-	+	+	.	+	-	-	-	-	-	.	.	-	.	.	.	+	.	-	+	-	+	-	-	+	-	-	-	.	.	-	-	.
i̯o	.	-	.	-	-	-	+	+	.	+	-	-	-	-	.	+	-	-	.	.	.	+	.	-	.	.	+	-	-	+	-	-	-	.	.	-	-	.
i̯oi	.	-	.	-	-	-	+	+	.	+	-	-	-	-	.	+	-	-	.	.	.	+	.	-	.	.	+	-	-	+	-	-	-	.	.	-	-	.
i̯oː	.	-	.	-	.	-	+	+	.	+	-	-	-	-	.	+	-	-	.	.	.	+	.	-	.	.	+	-	-	+	-	-	-	.	.	-	-	.
i̯u	.	-	.	-	-	-	+	+	.	+	-	-	-	-	.	+	-	-	.	.	.	+	+	-	.	.	+	-	-	+	-	-	-	.	.	-	-	.
i̯uaː	.	-	.	-	.	-	+	+	.	+	-	-	-	-	.	+	-	-	.	.	.	+	.	.	.	.	+	-	-	+	-	-	-	.	.	-	-	.
i̯ui	.	-	.	-	-	-	+	+	.	+	-	-	-	-	.	+	-	-	.	.	.	+	+	-	.	.	+	-	-	+	-	-	-	.	.	-	-	.
i̯uo	.	-	.	-	-	-	+	+	.	+	-	-	-	-	.	+	-	-	.	.	.	+	.	-	.	.	+	-	-	+	-	-	-	.	.	-	-	.
i̯uː	.	-	.	-	.	-	+	+	.	+	-	-	-	-	.	+	-	-	.	.	.	+	+	-	.	.	+	-	-	+	-	-	-	.	.	-	-	.
i̯ũo	.	-	.	-	-	-	+	+	.	+	-	-	.	-	.	+	-	-	.	.	.	+	.	-	.	.	+	-	-	+	-	-	-	.	.	-	-	.
i̯y	.	-	.	-	-	-	+	+	.	+	-	-	-	-	.	+	-	-	.	.	.	+	+	-	+	-	+	-	-	+	-	-	-	.	.	-	-	.
i̯æ	.	-	.	-	-	-	+	+	.	+	-	-	-	-	-	.	.	-	.	.	.	+	.	.	+	-	+	-	-	+	-	-	-	.	.	-	-	.
i̯æi	.	-	.	-	-	-	+	+	.	+	-	-	-	-	-	.	.	-	.	.	.	+	.	.	+	-	+	-	-	+	-	-	-	.	.	-	-	.
i̯ø	.	-	.	-	-	-	+	+	.	+	-	-	-	-	.	+	-	-	.	.	.	+	.	-	+	-	+	-	-	+	-	-	-	.	.	-	-	.
i̯œ	.	-	.	-	-	-	+	+	.	+	-	-	-	-	.	+	-	-	.	.	.	+	.	-	+	-	.	-	-	+	-	-	-	.	.	-	-	.
i̯œ̞	.	-	.	-	-	-	+	+	.	+	-	-	-	-	.	+	-	-	.	.	.	+	.	-	+	-	.	-	-	+	-	-	-	.	.	-	-	.
i̯ɑ	.	-	.	-	-	-	+	+	.	+	-	-	-	-	-	.	.	-	.	.	.	+	.	.	.	.	+	-	-	+	-	-	-	.	.	-	-	.
i̯ɒ	.	-	.	-	-	-	+	+	.	+	-	-	-	-	.	+	-	-	.	.	.	+	.	.	.	.	+	-	-	+	-	-	-	.	.	-	-	.
i̯ɔ	.	-	.	-	-	-	+	+	.	+	-	-	-	-	.	+	-	-	.	.	.	+	.	-	.	.	.	-	-	+	-	-	-	.	.	-	-	.
i̯ɛ	.	-	.	-	-	-	+	+	.	+	-	-	-	-	-	.	.	-	.	.	.	+	.	-	+	-	.	-	-	+	-	-	-	.	.	-	-	.
i̯ɛi	.	-	.	-	-	-	+	+	.	+	-	-	-	-	-	.	.	-	.	.	.	+	.	-	+	-	.	-	-	+	-	-	-	.	.	-	-	.
i̯ɛi̯	.	-	.	-	-	-	+	+	.	+	-	-	-	-	-	.	.	-	.	.	.	+	.	-	+	-	.	-	-	+	-	-	-	.	.	-	-	.
i̯ɛ̃	.	-	.	-	-	-	+	+	.	+	-	-	.	-	-	.	.	-	.	.	.	+	.	-	+	-	.	-	-	+	-	-	-	.	.	-	-	.
i̯ʌ	.	-	.	-	-	-	+	+	.	+	-	-	-	-	-	.	.	-	.	.	.	+	.	-	.	.	.	-	-	+	-	-	-	.	.	-	-	.
ĩ̯	.	-	-	-	-	-	+	+	.	+	-	-	+	-	-	.	.	-	.	.	.	+	+	-	+	-	+	-	-	+	-	-	-	.	.	-	-	.
ḭ	.	-	+	-	-	-	+	+	.	+	-	-	-	-	-	.	.	-	.	.	.	+	+	-	+	-	+	-	-	+	-	-	+	.	.	-	-	.
ḭu	.	-	+	-	-	-	+	+	.	+	-	-	-	-	.	+	-	-	.	.	.	+	+	-	.	.	+	-	-	+	-	-	.	.	.	-	-	.
ḭː	.	-	+	-	+	-	+	+	.	+	-	-	-	-	-	.	.	-	.	.	.	+	+	-	+	-	+	-	-	+	-	-	+	.	.	-	-	.
ḭˑ	.	-	+	+	+	-	+	+	.	+	-	-	-	-	-	.	.	-	.	.	.	+	+	-	+	-	+	-	-	+	-	-	+	.	.	-	-	.
ḭ̃	.	-	+	-	-	-	+	+	.	+	-	-	+	-	-	.	.	-	.	.	.	+	+	-	+	-	+	-	-	+	-	-	+	.	.	-	-	.
i̽	.	-	+	-	-	-	+	+	.	+	-	-	-	-	-	.	.	-	.	.	.	+	.	-	.	-	.	-	-	+	-	-	-	.	.	-	-	.
i͓	.	-	+	-	-	-	+	+	+	+	-	-	-	-	-	.	.	-	.	.	.	+	+	-	+	-	+	-	-	+	-	-	-	.	.	-	-	.
j	.	-	-	-	-	-	+	+	.	+	-	-	-	-	-	.	.	-	.	.	.	+	+	-	+	-	+	-	-	+	-	-	-	-	-	-	-	-
jʔ	.	-	-	-	-	.	.	.	-	.	-	-	-	-	-	.	.	-	.	.	.	.	+	-	+	-	+	-	-	.	-	-	.	-	-	-	-	-
jʱ	.	-	-	-	-	-	+	+	.	+	-	-	-	-	-	.	.	-	.	.	.	+	+	-	+	-	+	-	-	+	-	+	-	-	-	-	-	-
jʷ	.	-	-	-	-	-	+	+	.	+	-	-	-	-	.	+	-	-	.	.	.	+	+	-	+	-	+	-	-	+	-	-	-	-	-	-	-	-
jˀ	.	-	-	-	-	-	+	+	.	+	-	-	-	-	-	.	.	-	.	.	.	+	+	-	+	-	+	-	-	+	-	-	+	-	-	-	-	-
jː	.	-	-	-	+	-	+	+	.	+	-	-	-	-	-	.	.	-	.	.	.	+	+	-	+	-	+	-	-	+	-	-	-	-	-	-	-	-
jˤ	.	-	-	-	-	-	+	+	.	+	-	-	-	-	-	.	.	-	.	.	.	+	+	-	+	-	+	.	-	+	-	-	-	-	-	-	-	-
j̃	.	-	-	-	-	-	+	+	.	+	-	-	+	-	-	.	.	-	.	.	.	+	+	-	+	-	+	-	-	+	-	-	-	-	-	-	-	-
j̊	.	-	-	-	-	-	+	+	.	+	-	-	-	-	-	.	.	-	.	.	.	+	+	-	+	-	+	-	-	-	-	-	-	-	-	-	-	-
j̟	.	-	-	-	-	-	+	+	.	+	-	-	-	-	-	.	.	+	+	.	.	+	+	-	+	-	+	-	-	+	-	-	-	-	-	-	-	-
j̤	.	-	-	-	-	-	+	+	.	+	-	-	-	-	-	.	.	-	.	.	.	+	+	-	+	-	+	-	-	+	-	+	-	-	-	-	-	-
j̥	.	-	-	-	-	-	+	+	.	+	-	-	-	-	-	.	.	-	.	.	.	+	+	-	+	-	+	-	-	-	-	-	-	-	-	-	-	-
j̥ʷ	.	-	-	-	-	-	+	+	.	+	-	-	-	-	.	+	-	-	.	.	.	+	+	-	+	-	+	-	-	-	-	-	-	-	-	-	-	-
j̪	.	-	-	-	-	-	+	+	.	+	-	-	-	-	-	.	.	+	+	+	.	+	+	-	+	-	+	-	-	+	-	-	-	-	-	-	-	-
j̰	.	-	-	-	-	-	+	+	.	+	-	-	-	-	-	.	.	-	.	.	.	+	+	-	+	-	+	-	-	+	-	-	+	-	-	-	-	-
j̻	.	-	-	-	-	-	+	+	.	+	-	-	-	-	-	.	.	+	.	+	.	+	+	-	+	-	+	-	-	+	-	-	-	-	-	-	-	-
k	.	-	-	-	-	+	-	-	-	-	-	-	-	-	-	.	.	-	.	.	.	+	+	-	-	-	.	-	-	-	-	-	-	-	-	-	-	-
kf	.	-	-	-	-	+	-	.	.	-	-	-	-	-	.	-	+	-	.	.	.	.	+	-	-	-	.	-	-	-	-	-	-	-	-	-	-	-
kg	.	-	-	-	-	+	-	-	-	-	-	-	-	-	-	.	.	-	.	.	.	+	+	-	-	-	.	-	-	.	-	-	-	-	-	-	-	-
kl	.	-	-	-	-	+	.	.	-	.	-	-	-	.	-	.	.	.	+	-	-	.	+	-	-	-	.	-	-	.	-	-	-	-	-	-	-	-
km	.	-	-	-	-	+	.	-	-	-	-	-	.	-	.	-	-	-	.	.	.	.	+	-	-	-	.	-	-	.	-	-	-	-	-	-	-	-
kp	.	-	-	-	-	+	-	-	-	-	-	-	-	-	+	-	-	-	.	.	.	+	+	-	-	-	.	-	-	-	-	-	-	-	-	-	-	-
kpr	.	-	-	-	-	+	-	-	-	-	-	+	-	-	+	-	-	+	+	-	-	+	+	-	-	-	.	-	-	-	-	-	-	-	-	-	-	-
kpɾ	.	-	-	-	-	+	-	-	-	-	+	-	-	-	+	-	-	+	+	-	-	+	+	-	-	-	.	-	-	-	-	-	-	-	-	-	-	-
kpʰ	.	-	-	-	-	+	-	-	-	-	-	-	-	-	+	-	-	-	.	.	.	+	+	-	-	-	.	-	-	-	-	+	-	-	-	-	-	-
kpʲ	.	-	-	-	-	+	-	-	-	-	-	-	-	-	+	-	-	-	.	.	.	+	+	-	.	-	.	-	-	-	-	-	-	-	-	-	-	-
kpʷ	.	-	-	-	-	+	-	-	-	-	-	-	-	-	+	.	-	-	.	.	.	+	+	-	-	-	.	-	-	-	-	-	-	-	-	-	-	-
kpː	.	-	-	-	+	+	-	-	-	-	-	-	-	-	+	-	-	-	.	.	.	+	+	-	-	-	.	-	-	-	-	-	-	-	-	-	-	-
kpˤ	.	-	-	-	-	+	-	-	-	-	-	-	-	-	+	-	-	-	.	.	.	+	+	-	-	-	.	.	-	-	-	-	-	-	-	-	-	-
kx	.	-	-	-	-	+	-	-	+	-	-	-	-	-	-	.	.	-	.	.	.	+	+	-	-	-	.	-	-	-	-	-	-	-	-	-	-	-
kxʰ	.	-	-	-	-	+	-	-	+	-	-	-	-	-	-	.	.	-	.	.	.	+	+	-	-	-	.	-	-	-	-	+	-	-	-	-	-	-
kxʰː	.	-	-	-	+	+	-	-	+	-	-	-	-	-	-	.	.	-	.	.	.	+	+	-	-	-	.	-	-	-	-	+	-	-	-	-	-	-
kxʷ	.	-	-	-	-	+	-	-	+	-	-	-	-	-	.	+	-	-	.	.	.	+	+	-	-	-	.	-	-	-	-	-	-	-	-	-	-	-
kxʷʰ	.	-	-	-	-	+	-	-	+	-	-	-	-	-	.	+	-	-	.	.	.	+	+	-	-	-	.	-	-	-	-	+	-	-	-	-	-	-
kxʼ	.	-	-	-	-	+	-	-	+	-	-	-	-	-	-	.	.	-	.	.	.	+	+	-	-	-	.	-	-	-	-	-	+	-	-	+	-	-
kxʼː	.	-	-	-	+	+	-	-	+	-	-	-	-	-	-	.	.	-	.	.	.	+	+	-	-	-	.	-	-	-	-	-	+	-	-	+	-	-
kxː	.	-	-	-	+	+	-	-	+	-	-	-	-	-	-	.	.	-	.	.	.	+	+	-	-	-	.	-	-	-	-	-	-	-	-	-	-	-
kŋ	.	-	-	-	-	+	.	-	-	-	-	-	.	-	-	.	.	-	.	.	.	+	+	-	-	-	.	-	-	.	-	-	-	-	-	-	-	-
kǀ	.	-	-	-	-	+	-	-	-	-	-	-	-	-	-	.	.	+	+	+	-	+	+	-	-	-	.	-	-	-	-	-	-	-	-	-	-	+
kǀh	.	-	-	-	-	.	-	.	.	-	-	-	-	-	-	.	.	.	+	+	-	.	+	-	-	-	.	-	-	-	-	.	-	-	-	-	-	.
kǀkxʼ	.	-	-	-	-	+	-	-	.	-	-	-	-	-	-	.	.	.	+	+	-	+	+	-	-	-	.	-	-	-	-	-	.	-	-	.	-	.
kǀx	.	-	-	-	-	+	-	-	+	-	-	-	-	-	-	.	.	+	+	+	-	+	+	-	-	-	.	-	-	-	-	-	-	-	-	-	-	+
kǀxʼ	.	-	-	-	-	+	-	-	+	-	-	-	-	-	-	.	.	+	+	+	-	+	+	-	-	-	.	-	-	-	-	-	+	-	-	+	-	+
kǀʔ	.	-	-	-	-	+	-	-	-	-	-	-	-	-	-	.	.	.	+	+	-	.	+	-	-	-	.	-	-	-	-	-	.	-	-	-	-	.
kǀʰ	.	-	-	-	-	+	-	-	-	-	-	-	-	-	-	.	.	+	+	+	-	+	+	-	-	-	.	-	-	-	-	+	-	-	-	-	-	+
kǀʰʼ	.	-	-	-	-	+	-	-	-	-	-	-	-	-	-	.	.	.	+	+	-	.	+	-	-	-	.	-	-	-	-	.	.	-	-	.	-	+
kǀʷ	.	-	-	-	-	+	-	-	-	-	-	-	-	-	.	+	-	+	+	+	-	+	+	-	-	-	.	-	-	-	-	-	-	-	-	-	-	+
kǀʷʰ	.	-	-	-	-	+	-	-	-	-	-	-	-	-	.	+	-	+	+	+	-	+	+	-	-	-	.	-	-	-	-	+	-	-	-	-	-	+
kǀʼ	.	-	-	-	-	+	-	-	-	-	-	-	-	-	-	.	.	+	+	+	-	+	+	-	-	-	.	-	-	-	-	-	+	-	-	+	-	+
kǀ̪	.	-	-	-	-	+	-	-	-	-	-	-	-	-	-	.	.	+	+	+	-	+	+	-	-	-	.	-	-	-	-	-	-	-	-	-	-	+
kǀ͓	.	-	-	-	-	+	-	-	+	-	-	-	-	-	-	.	.	+	+	+	-	+	+	-	-	-	.	-	-	-	-	-	-	-	-	-	-	+
kǀ͓x	.	-	-	-	-	+	-	-	+	-	-	-	-	-	-	.	.	+	+	+	-	+	+	-	-	-	.	-	-	-	-	-	-	-	-	-	-	+
kǀ͓ʰ	.	-	-	-	-	+	-	-	+	-	-	-	-	-	-	.	.	+	+	+	-	+	+	-	-	-	.	-	-	-	-	+	-	-	-	-	-	+
kǀ͓ˀ	.	-	-	-	-	+	-	-	+	-	-	-	-	-	-	.	.	+	+	+	-	+	+	-	-	-	.	-	-	-	-	-	+	-	-	-	-	+
kǀ͓ˠʰ	.	-	-	-	-	+	-	-	+	-	-	-	-	-	-	.	.	+	+	+	-	+	+	-	-	-	.	-	-	-	-	+	-	-	-	-	-	+
kǁ	.	-	-	-	-	+	-	-	-	-	-	-	-	+	-	.	.	+	+	-	-	+	+	-	-	-	.	-	-	-	-	-	-	-	-	-	-	+
kǁh	.	-	-	-	-	.	-	.	.	-	-	-	-	.	-	.	.	.	+	-	-	.	+	-	-	-	.	-	-	-	-	.	-	-	-	-	-	.
kǁkxʼ	.	-	-	-	-	+	-	-	.	-	-	-	-	.	-	.	.	.	+	-	-	+	+	-	-	-	.	-	-	-	-	-	.	-	-	.	-	.
kǁx	.	-	-	-	-	+	-	-	+	-	-	-	-	+	-	.	.	+	+	-	-	+	+	-	-	-	.	-	-	-	-	-	-	-	-	-	-	+
kǁxʼ	.	-	-	-	-	+	-	-	+	-	-	-	-	+	-	.	.	+	+	-	-	+	+	-	-	-	.	-	-	-	-	-	+	-	-	+	-	+
kǁʔ	.	-	-	-	-	+	-	-	-	-	-	-	-	.	-	.	.	.	+	-	-	.	+	-	-	-	.	-	-	-	-	-	.	-	-	-	-	.
kǁʰ	.	-	-	-	-	+	-	-	-	-	-	-	-	+	-	.	.	+	+	-	-	+	+	-	-	-	.	-	-	-	-	+	-	-	-	-	-	+
kǁʰʼ	.	-	-	-	-	+	-	-	-	-	-	-	-	.	-	.	.	.	+	-	-	.	+	-	-	-	.	-	-	-	-	.	.	-	-	.	-	+
kǁʼ	.	-	-	-	-	+	-	-	-	-	-	-	-	+	-	.	.	+	+	-	-	+	+	-	-	-	.	-	-	-	-	-	+	-	-	+	-	+
kǁ͓	.	-	-	-	-	+	-	-	+	-	-	-	-	+	-	.	.	+	+	-	-	+	+	-	-	-	.	-	-	-	-	-	-	-	-	-	-	+
kǁ͓xʰ	.	-	-	-	-	+	-	-	+	-	-	-	-	+	-	.	.	+	+	-	-	+	+	-	-	-	.	-	-	-	-	+	-	-	-	-	-	+
kǁ͓ʰ	.	-	-	-	-	+	-	-	+	-	-	-	-	+	-	.	.	+	+	-	-	+	+	-	-	-	.	-	-	-	-	+	-	-	-	-	-	+
kǁ͓ˀ	.	-	-	-	-	+	-	-	+	-	-	-	-	+	-	.	.	+	+	-	-	+	+	-	-	-	.	-	-	-	-	-	+	-	-	-	-	+
kǂ	.	-	-	-	-	+	-	-	-	-	-	-	-	-	-	.	.	+	-	+	-	+	+	-	-	-	.	-	-	-	-	-	-	-	-	-	-	+
kǂh	.	-	-	-	-	.	-	.	.	-	-	-	-	-	-	.	.	.	-	+	-	.	+	-	-	-	.	-	-	-	-	.	-	-	-	-	-	.
kǂkxʼ	.	-	-	-	-	+	-	-	.	-	-	-	-	-	-	.	.	.	-	+	-	+	+	-	-	-	.	-	-	-	-	-	.	-	-	.	-	.
kǂx	.	-	-	-	-	+	-	-	+	-	-	-	-	-	-	.	.	+	-	+	-	+	+	-	-	-	.	-	-	-	-	-	-	-	-	-	-	+
kǂʔ	.	-	-	-	-	+	-	-	-	-	-	-	-	-	-	.	.	.	-	+	-	.	+	-	-	-	.	-	-	-	-	-	.	-	-	-	-	.
kǂʰ	.	-	-	-	-	+	-	-	-	-	-	-	-	-	-	.	.	+	-	+	-	+	+	-	-	-	.	-	-	-	-	+	-	-	-	-	-	+
kǂ͓ˡ	.	-	-	-	-	+	-	-	+	-	-	-	-	.	-	.	.	+	-	+	-	+	+	-	-	-	.	-	-	-	-	-	-	-	-	-	-	+
kǂ͓ˡx	.	-	-	-	-	+	-	-	+	-	-	-	-	.	-	.	.	+	-	+	-	+	+	-	-	-	.	-	-	-	-	-	-	-	-	-	-	+
kǂ͓ˡʰ	.	-	-	-	-	+	-	-	+	-	-	-	-	.	-	.	.	+	-	+	-	+	+	-	-	-	.	-	-	-	-	+	-	-	-	-	-	+
kǃ	.	-	-	-	-	+	-	-	-	-	-	-	-	-	-	.	.	+	+	-	-	+	+	-	-	-	.	-	-	-	-	-	-	-	-	-	-	+
kǃh	.	-	-	-	-	.	-	.	.	-	-	-	-	-	-	.	.	.	+	-	-	.	+	-	-	-	.	-	-	-	-	.	-	-	-	-	-	.
kǃkxʼ	.	-	-	-	-	+	-	-	.	-	-	-	-	-	-	.	.	.	+	-	-	+	+	-	-	-	.	-	-	-	-	-	.	-	-	.	-	.
kǃx	.	-	-	-	-	+	-	-	+	-	-	-	-	-	-	.	.	+	+	-	-	+	+	-	-	-	.	-	-	-	-	-	-	-	-	-	-	+
kǃxʰ	.	-	-	-	-	+	-	-	+	-	-	-	-	-	-	.	.	+	+	-	-	+	+	-	-	-	.	-	-	-	-	+	-	-	-	-	-	+
kǃxʼ	.	-	-	-	-	+	-	-	+	-	-	-	-	-	-	.	.	+	+	-	-	+	+	-	-	-	.	-	-	-	-	-	+	-	-	+	-	+
kǃʔ	.	-	-	-	-	+	-	-	-	-	-	-	-	-	-	.	.	.	+	-	-	.	+	-	-	-	.	-	-	-	-	-	.	-	-	-	-	.
kǃʰ	.	-	-	-	-	+	-	-	-	-	-	-	-	-	-	.	.	+	+	-	-	+	+	-	-	-	.	-	-	-	-	+	-	-	-	-	-	+
kǃʰʼ	.	-	-	-	-	+	-	-	-	-	-	-	-	-	-	.	.	.	+	-	-	.	+	-	-	-	.	-	-	-	-	.	.	-	-	.	-	+
kǃʼ	.	-	-	-	-	+	-	-	-	-	-	-	-	-	-	.	.	+	+	-	-	+	+	-	-	-	.	-	-	-	-	-	+	-	-	+	-	+
kǃ̠	.	-	-	-	-	+	-	-	-	-	-	-	-	-	-	.	.	+	-	+	-	+	+	-	-	-	.	-	-	-	-	-	-	-	-	-	-	+
kǃ̠xʰ	.	-	-	-	-	+	-	-	+	-	-	-	-	-	-	.	.	+	-	+	-	+	+	-	-	-	.	-	-	-	-	+	-	-	-	-	-	+
kǃ̠ʰ	.	-	-	-	-	+	-	-	-	-	-	-	-	-	-	.	.	+	-	+	-	+	+	-	-	-	.	-	-	-	-	+	-	-	-	-	-	+
kǃ̠ˀ	.	-	-	-	-	+	-	-	-	-	-	-	-	-	-	.	.	+	-	+	-	+	+	-	-	-	.	-	-	-	-	-	+	-	-	-	-	+
kǃ̪	.	-	-	-	-	+	-	-	-	-	-	-	-	-	-	.	.	+	+	+	-	+	+	-	-	-	.	-	-	-	-	-	-	-	-	-	-	+
kǃ͓	.	-	-	-	-	+	-	-	+	-	-	-	-	-	-	.	.	+	+	-	-	+	+	-	-	-	.	-	-	-	-	-	-	-	-	-	-	+
kɦ	.	-	-	-	-	.	-	.	.	-	-	-	-	-	-	.	.	-	.	.	.	.	+	-	-	-	.	-	-	.	-	.	-	-	-	-	-	-
kɬ	.	-	-	-	-	+	-	.	.	-	-	-	-	.	-	.	.	.	+	-	-	.	+	-	-	-	.	-	-	-	-	-	-	-	-	-	-	-
kɾ	.	-	-	-	-	+	.	.	-	.	.	-	-	-	-	.	.	.	+	-	-	.	+	-	-	-	.	-	-	.	-	-	-	-	-	-	-	-
kʘ	.	-	-	-	-	+	-	-	-	-	-	-	-	-	+	-	-	-	.	.	.	+	+	-	-	-	.	-	-	-	-	-	-	-	-	-	-	+
kʘh	.	-	-	-	-	.	-	.	.	-	-	-	-	-	.	-	-	-	.	.	.	.	+	-	-	-	.	-	-	-	-	.	-	-	-	-	-	.
kʘkxʼ	.	-	-	-	-	+	-	-	.	-	-	-	-	-	.	-	-	-	.	.	.	+	+	-	-	-	.	-	-	-	-	-	.	-	-	.	-	.
kʘx	.	-	-	-	-	+	-	-	+	-	-	-	-	-	+	-	-	-	.	.	.	+	+	-	-	-	.	-	-	-	-	-	-	-	-	-	-	+
kʘʔ	.	-	-	-	-	+	-	-	-	-	-	-	-	-	.	-	-	-	.	.	.	.	+	-	-	-	.	-	-	-	-	-	.	-	-	-	-	.
kʘʰ	.	-	-	-	-	+	-	-	-	-	-	-	-	-	+	-	-	-	.	.	.	+	+	-	-	-	.	-	-	-	-	+	-	-	-	-	-	+
kʟ̥ʼ	.	-	-	-	-	+	.	.	-	.	-	-	-	.	-	.	.	-	.	.	.	+	+	-	-	-	.	-	-	-	-	-	.	-	-	.	-	-
kʟ͓̥ʼ	.	-	-	-	-	+	.	.	.	.	-	-	-	.	-	.	.	-	.	.	.	+	+	-	-	-	.	-	-	-	-	-	.	-	-	.	-	-
kʰ	.	-	-	-	-	+	-	-	-	-	-	-	-	-	-	.	.	-	.	.	.	+	+	-	-	-	.	-	-	-	-	+	-	-	-	-	-	-
kʰː	.	-	-	-	+	+	-	-	-	-	-	-	-	-	-	.	.	-	.	.	.	+	+	-	-	-	.	-	-	-	-	+	-	-	-	-	-	-
kʲ	.	-	-	-	-	+	-	-	-	-	-	-	-	-	-	.	.	-	.	.	.	+	+	-	.	-	.	-	-	-	-	-	-	-	-	-	-	-
kʲʰ	.	-	-	-	-	+	-	-	-	-	-	-	-	-	-	.	.	-	.	.	.	+	+	-	.	-	.	-	-	-	-	+	-	-	-	-	-	-
kʲʼ	.	-	-	-	-	+	-	-	-	-	-	-	-	-	-	.	.	-	.	.	.	+	+	-	.	-	.	-	-	-	-	-	+	-	-	+	-	-
kʲː	.	-	-	-	+	+	-	-	-	-	-	-	-	-	-	.	.	-	.	.	.	+	+	-	.	-	.	-	-	-	-	-	-	-	-	-	-	-
kʷ	.	-	-	-	-	+	-	-	-	-	-	-	-	-	.	+	-	-	.	.	.	+	+	-	-	-	.	-	-	-	-	-	-	-	-	-	-	-
kʷɾ	.	-	-	-	-	+	.	.	-	.	.	-	-	-	.	+	-	.	+	-	-	.	+	-	-	-	.	-	-	.	-	-	-	-	-	-	-	-
kʷʰ	.	-	-	-	-	+	-	-	-	-	-	-	-	-	.	+	-	-	.	.	.	+	+	-	-	-	.	-	-	-	-	+	-	-	-	-	-	-
kʷʰː	.	-	-	-	+	+	-	-	-	-	-	-	-	-	.	+	-	-	.	.	.	+	+	-	-	-	.	-	-	-	-	+	-	-	-	-	-	-
kʷʲ	.	-	-	-	-	+	-	-	-	-	-	-	-	-	.	+	-	-	.	.	.	+	+	-	.	-	.	-	-	-	-	-	-	-	-	-	-	-
kʷʲʰ	.	-	-	-	-	+	-	-	-	-	-	-	-	-	.	+	-	-	.	.	.	+	+	-	.	-	.	-	-	-	-	+	-	-	-	-	-	-
kʷʲʼ	.	-	-	-	-	+	-	-	-	-	-	-	-	-	.	+	-	-	.	.	.	+	+	-	.	-	.	-	-	-	-	-	+	-	-	+	-	-
kʷʼ	.	-	-	-	-	+	-	-	-	-	-	-	-	-	.	+	-	-	.	.	.	+	+	-	-	-	.	-	-	-	-	-	+	-	-	+	-	-
kʷʼː	.	-	-	-	+	+	-	-	-	-	-	-	-	-	.	+	-	-	.	.	.	+	+	-	-	-	.	-	-	-	-	-	+	-	-	+	-	-
kʷˀ	.	-	-	-	-	+	-	-	-	-	-	-	-	-	.	+	-	-	.	.	.	+	+	-	-	-	.	-	-	-	-	-	+	-	-	-	-	-
kʷː	.	-	-	-	+	+	-	-	-	-	-	-	-	-	.	+	-	-	.	.	.	+	+	-	-	-	.	-	-	-	-	-	-	-	-	-	-	-
kʼ	.	-	-	-	-	+	-	-	-	-	-	-	-	-	-	.	.	-	.	.	.	+	+	-	-	-	.	-	-	-	-	-	+	-	-	+	-	-
kʼː	.	-	-	-	+	+	-	-	-	-	-	-	-	-	-	.	.	-	.	.	.	+	+	-	-	-	.	-	-	-	-	-	+	-	-	+	-	-
kˀ	.	-	-	-	-	+	-	-	-	-	-	-	-	-	-	.	.	-	.	.	.	+	+	-	-	-	.	-	-	-	-	-	+	-	-	-	-	-
kː	.	-	-	-	+	+	-	-	-	-	-	-	-	-	-	.	.	-	.	.	.	+	+	-	-	-	.	-	-	-	-	-	-	-	-	-	-	-
kˑ	.	-	-	+	+	+	-	-	-	-	-	-	-	-	-	.	.	-	.	.	.	+	+	-	-	-	.	-	-	-	-	-	-	-	-	-	-	-
k˞	.	-	-	-	-	+	-	-	-	-	-	-	-	-	-	.	.	+	+	+	+	+	+	-	-	-	.	-	-	-	-	-	-	-	-	-	-	-
k˞ʰ	.	-	-	-	-	+	-	-	-	-	-	-	-	-	-	.	.	+	+	+	+	+	+	-	-	-	.	-	-	-	-	+	-	-	-	-	-	-
kˤ	.	-	-	-	-	+	-	-	-	-	-	-	-	-	-	.	.	-	.	.	.	+	+	-	-	-	.	.	-	-	-	-	-	-	-	-	-	-
k̙	.	-	-	-	-	+	-	-	-	-	-	-	-	-	-	.	.	-	.	.	.	+	+	-	-	-	.	+	-	-	-	-	-	-	-	-	-	-
k̟	.	-	-	-	-	+	-	-	-	-	-	-	-	-	-	.	.	-	.	.	.	+	+	-	+	-	.	-	-	-	-	-	-	-	-	-	-	-
k̟ʰ	.	-	-	-	-	+	-	-	-	-	-	-	-	-	-	.	.	-	.	.	.	+	+	-	+	-	.	-	-	-	-	+	-	-	-	-	-	-
k̟ʲʰ	.	-	-	-	-	+	-	-	-	-	-	-	-	-	-	.	.	-	.	.	.	+	+	-	+	-	.	-	-	-	-	+	-	-	-	-	-	-
k̟ʲʼ	.	-	-	-	-	+	-	-	-	-	-	-	-	-	-	.	.	-	.	.	.	+	+	-	+	-	.	-	-	-	-	-	+	-	-	+	-	-
k̰	.	-	-	-	-	+	-	-	-	-	-	-	-	-	-	.	.	-	.	.	.	+	+	-	-	-	.	-	-	+	-	-	+	-	-	-	-	-
k̰ʷ	.	-	-	-	-	+	-	-	-	-	-	-	-	-	.	+	-	-	.	.	.	+	+	-	-	-	.	-	-	+	-	-	+	-	-	-	-	-
k̻	.	-	-	-	-	+	-	-	-	-	-	-	-	-	-	.	.	+	.	+	.	+	+	-	-	-	.	-	-	-	-	-	-	-	-	-	-	-
k͈	.	-	-	-	-	+	-	-	-	-	-	-	-	-	-	.	.	-	.	.	.	+	+	-	-	-	.	-	-	-	-	-	-	+	-	-	-	-
k͈ʷ	.	-	-	-	-	+	-	-	-	-	-	-	-	-	.	+	-	-	.	.	.	+	+	-	-	-	.	-	-	-	-	-	-	+	-	-	-	-
k͈ː	.	-	-	-	+	+	-	-	-	-	-	-	-	-	-	.	.	-	.	.	.	+	+	-	-	-	.	-	-	-	-	-	-	+	-	-	-	-
k͉	.	-	-	-	-	+	-	-	-	-	-	-	-	-	-	.	.	-	.	.	.	+	+	-	-	-	.	-	-	-	-	-	-	-	+	-	-	-
k͉ʷ	.	-	-	-	-	+	-	-	-	-	-	-	-	-	.	+	-	-	.	.	.	+	+	-	-	-	.	-	-	-	-	-	-	-	+	-	-	-
kᶣ	.	-	-	-	-	+	-	-	-	-	-	-	-	-	.	+	-	-	.	.	.	+	+	-	.	-	.	-	-	-	-	-	-	-	-	-	-	-
k‼	.	-	-	-	-	+	-	-	-	-	-	-	-	-	-	.	.	+	-	-	-	+	+	-	-	-	.	-	-	-	-	-	-	-	-	-	-	+
k‼x	.	-	-	-	-	+	-	-	+	-	-	-	-	-	-	.	.	+	-	-	-	+	+	-	-	-	.	-	-	-	-	-	-	-	-	-	-	+
k‼xʼ	.	-	-	-	-	+	-	-	+	-	-	-	-	-	-	.	.	+	-	-	-	+	+	-	-	-	.	-	-	-	-	-	+	-	-	+	-	+
k‼ʰ	.	-	-	-	-	+	-	-	-	-	-	-	-	-	-	.	.	+	-	-	-	+	+	-	-	-	.	-	-	-	-	+	-	-	-	-	-	+
k‼ʰʼ	.	-	-	-	-	+	-	-	-	-	-	-	-	-	-	.	.	.	-	-	-	.	+	-	-	-	.	-	-	-	-	.	.	-	-	.	-	+
k‼ʼ	.	-	-	-	-	+	-	-	-	-	-	-	-	-	-	.	.	+	-	-	-	+	+	-	-	-	.	-	-	-	-	-	+	-	-	+	-	+
l	.	-	-	-	-	+	+	+	.	+	-	-	-	+	-	.	.	+	+	-	-	-	.	.	.	.	.	-	-	+	-	-	-	-	-	-	-	-
ld	.	-	-	-	-	+	.	.	-	.	-	-	-	.	-	.	.	+	+	-	-	-	.	.	.	.	.	-	-	+	-	-	-	-	-	-	-	-
lɦ	.	-	-	-	-	.	.	+	+	.	-	-	-	.	-	.	.	.	+	-	-	-	.	.	.	.	.	-	-	+	-	.	-	-	-	-	-	-
lʔ	.	-	-	-	-	+	.	.	-	.	-	-	-	.	-	.	.	.	+	-	-	-	.	.	.	.	.	-	-	.	-	-	.	-	-	-	-	-
lʱ	.	-	-	-	-	+	+	+	.	+	-	-	-	+	-	.	.	+	+	-	-	-	.	.	.	.	.	-	-	+	-	+	-	-	-	-	-	-
lʲ	.	-	-	-	-	+	+	+	.	+	-	-	-	+	-	.	.	+	+	-	-	.	+	-	+	-	.	-	-	+	-	-	-	-	-	-	-	-
lʲː	.	-	-	-	+	+	+	+	.	+	-	-	-	+	-	.	.	+	+	-	-	.	+	-	+	-	.	-	-	+	-	-	-	-	-	-	-	-
lʲˑ	.	-	-	+	+	+	+	+	.	+	-	-	-	+	-	.	.	+	+	-	-	.	+	-	+	-	.	-	-	+	-	-	-	-	-	-	-	-
lʷ	.	-	-	-	-	+	+	+	.	+	-	-	-	+	.	+	-	+	+	-	-	-	.	.	.	.	.	-	-	+	-	-	-	-	-	-	-	-
lʷʲ	.	-	-	-	-	+	+	+	.	+	-	-	-	+	.	+	-	+	+	-	-	.	+	-	+	-	.	-	-	+	-	-	-	-	-	-	-	-
lʼ	.	-	-	-	-	+	+	+	.	+	-	-	-	+	-	.	.	+	+	-	-	-	.	.	.	.	.	-	-	-	-	-	+	-	-	+	-	-
lʼː	.	-	-	-	+	+	+	+	.	+	-	-	-	+	-	.	.	+	+	-	-	-	.	.	.	.	.	-	-	-	-	-	+	-	-	+	-	-
lˀ	.	-	-	-	-	+	+	+	.	+	-	-	-	+	-	.	.	+	+	-	-	-	.	.	.	.	.	-	-	+	-	-	+	-	-	-	-	-
lː	.	-	-	-	+	+	+	+	.	+	-	-	-	+	-	.	.	+	+	-	-	-	.	.	.	.	.	-	-	+	-	-	-	-	-	-	-	-
lˑ	.	-	-	+	+	+	+	+	.	+	-	-	-	+	-	.	.	+	+	-	-	-	.	.	.	.	.	-	-	+	-	-	-	-	-	-	-	-
lˠ	.	-	-	-	-	+	+	+	.	+	-	-	-	+	-	.	.	+	+	-	-	.	+	-	-	-	.	-	-	+	-	-	-	-	-	-	-	-
lˤ	.	-	-	-	-	+	+	+	.	+	-	-	-	+	-	.	.	+	+	-	-	-	.	.	.	.	.	.	-	+	-	-	-	-	-	-	-	-
lˤː	.	-	-	-	+	+	+	+	.	+	-	-	-	+	-	.	.	+	+	-	-	-	.	.	.	.	.	.	-	+	-	-	-	-	-	-	-	-
l̃	.	-	-	-	-	+	+	+	.	+	-	-	+	+	-	.	.	+	+	-	-	-	.	.	.	.	.	-	-	+	-	-	-	-	-	-	-	-
l̟	.	-	-	-	-	+	+	+	.	+	-	-	-	+	-	.	.	+	+	-	-	-	.	.	.	.	.	-	-	+	-	-	-	-	-	-	-	-
l̠	.	-	-	-	-	+	+	+	.	+	-	-	-	+	-	.	.	+	-	+	-	-	.	.	.	.	.	-	-	+	-	-	-	-	-	-	-	-
l̠ʲ	.	-	-	-	-	+	+	+	.	+	-	-	-	+	-	.	.	+	-	+	-	.	+	-	+	-	.	-	-	+	-	-	-	-	-	-	-	-
l̠˞	.	-	-	-	-	+	+	+	.	+	-	-	-	+	-	.	.	+	+	+	+	+	.	.	.	.	.	-	-	+	-	-	-	-	-	-	-	-
l̠̤	.	-	-	-	-	+	+	+	.	+	-	-	-	+	-	.	.	+	-	+	-	-	.	.	.	.	.	-	-	+	-	+	-	-	-	-	-	-
l̤	.	-	-	-	-	+	+	+	.	+	-	-	-	+	-	.	.	+	+	-	-	-	.	.	.	.	.	-	-	+	-	+	-	-	-	-	-	-
l̥	.	-	-	-	-	+	+	+	.	+	-	-	-	+	-	.	.	+	+	-	-	-	.	.	.	.	.	-	-	-	-	-	-	-	-	-	-	-
l̥ʲ	.	-	-	-	-	+	+	+	.	+	-	-	-	+	-	.	.	+	+	-	-	.	+	-	+	-	.	-	-	-	-	-	-	-	-	-	-	-
l̥ʲː	.	-	-	-	+	+	+	+	.	+	-	-	-	+	-	.	.	+	+	-	-	.	+	-	+	-	.	-	-	-	-	-	-	-	-	-	-	-
l̥ː	.	-	-	-	+	+	+	+	.	+	-	-	-	+	-	.	.	+	+	-	-	-	.	.	.	.	.	-	-	-	-	-	-	-	-	-	-	-
l̥ˠ	.	-	-	-	-	+	+	+	.	+	-	-	-	+	-	.	.	+	+	-	-	.	+	-	-	-	.	-	-	-	-	-	-	-	-	-	-	-
l̩	.	-	+	-	-	+	+	+	.	+	-	-	-	+	-	.	.	+	+	-	-	-	.	.	.	.	.	-	-	+	-	-	-	-	-	-	-	-
l̪	.	-	-	-	-	+	+	+	.	+	-	-	-	+	-	.	.	+	+	+	-	-	.	.	.	.	.	-	-	+	-	-	-	-	-	-	-	-
l̪|l	.	-	-	-	-	+	+	+	.	+	-	-	-	+	-	.	.	+	+	.	-	-	.	.	.	.	.	-	-	+	-	-	-	-	-	-	-	-
l̪ʲ	.	-	-	-	-	+	+	+	.	+	-	-	-	+	-	.	.	+	+	+	-	.	+	-	+	-	.	-	-	+	-	-	-	-	-	-	-	-
l̪ʲ|lʲ	.	-	-	-	-	+	+	+	.	+	-	-	-	+	-	.	.	+	+	.	-	.	+	-	+	-	.	-	-	+	-	-	-	-	-	-	-	-
l̪ʷ	.	-	-	-	-	+	+	+	.	+	-	-	-	+	.	+	-	+	+	+	-	-	.	.	.	.	.	-	-	+	-	-	-	-	-	-	-	-
l̪ː	.	-	-	-	+	+	+	+	.	+	-	-	-	+	-	.	.	+	+	+	-	-	.	.	.	.	.	-	-	+	-	-	-	-	-	-	-	-
l̪ˠ	.	-	-	-	-	+	+	+	.	+	-	-	-	+	-	.	.	+	+	+	-	.	+	-	-	-	.	-	-	+	-	-	-	-	-	-	-	-
l̪ˠ|lˠ	.	-	-	-	-	+	+	+	.	+	-	-	-	+	-	.	.	+	+	.	-	.	+	-	-	-	.	-	-	+	-	-	-	-	-	-	-	-
l̪ˤ	.	-	-	-	-	+	+	+	.	+	-	-	-	+	-	.	.	+	+	+	-	-	.	.	.	.	.	.	-	+	-	-	-	-	-	-	-	-
l̪ˤ|lˤ	.	-	-	-	-	+	+	+	.	+	-	-	-	+	-	.	.	+	+	.	-	-	.	.	.	.	.	.	-	+	-	-	-	-	-	-	-	-
l̪ˤː	.	-	-	-	+	+	+	+	.	+	-	-	-	+	-	.	.	+	+	+	-	-	.	.	.	.	.	.	-	+	-	-	-	-	-	-	-	-
l̪̊	.	-	-	-	-	+	+	+	.	+	-	-	-	+	-	.	.	+	+	+	-	-	.	.	.	.	.	-	-	-	-	-	-	-	-	-	-	-
l̪̤	.	-	-	-	-	+	+	+	.	+	-	-	-	+	-	.	.	+	+	+	-	-	.	.	.	.	.	-	-	+	-	+	-	-	-	-	-	-
l̪̤|l̤	.	-	-	-	-	+	+	+	.	+	-	-	-	+	-	.	.	+	+	.	-	-	.	.	.	.	.	-	-	+	-	+	-	-	-	-	-	-
l̪̥	.	-	-	-	-	+	+	+	.	+	-	-	-	+	-	.	.	+	+	+	-	-	.	.	.	.	.	-	-	-	-	-	-	-	-	-	-	-
l̪̥|l̥	.	-	-	-	-	+	+	+	.	+	-	-	-	+	-	.	.	+	+	.	-	-	.	.	.	.	.	-	-	-	-	-	-	-	-	-	-	-
l̪̩	.	-	+	-	-	+	+	+	.	+	-	-	-	+	-	.	.	+	+	+	-	-	.	.	.	.	.	-	-	+	-	-	-	-	-	-	-	-
l̪̰|l̰	.	-	-	-	-	+	+	+	.	+	-	-	-	+	-	.	.	+	+	.	-	-	.	.	.	.	.	-	-	+	-	-	+	-	-	-	-	-
l̰	.	-	-	-	-	+	+	+	.	+	-	-	-	+	-	.	.	+	+	-	-	-	.	.	.	.	.	-	-	+	-	-	+	-	-	-	-	-
l̺	.	-	-	-	-	+	+	+	.	+	-	-	-	+	-	.	.	+	+	-	-	-	.	.	.	.	.	-	-	+	-	-	-	-	-	-	-	-
l̻	.	-	-	-	-	+	+	+	.	+	-	-	-	+	-	.	.	+	+	+	-	-	.	.	.	.	.	-	-	+	-	-	-	-	-	-	-	-
l̻ː	.	-	-	-	+	+	+	+	.	+	-	-	-	+	-	.	.	+	+	+	-	-	.	.	.	.	.	-	-	+	-	-	-	-	-	-	-	-
l̻̰	.	-	-	-	-	+	+	+	.	+	-	-	-	+	-	.	.	+	+	+	-	-	.	.	.	.	.	-	-	+	-	-	+	-	-	-	-	-
l͈ː	.	-	-	-	+	+	+	+	.	+	-	-	-	+	-	.	.	+	+	-	-	-	.	.	.	.	.	-	-	+	-	-	-	+	-	-	-	-
l͉	.	-	-	-	-	+	+	+	.	+	-	-	-	+	-	.	.	+	+	-	-	-	.	.	.	.	.	-	-	+	-	-	-	-	+	-	-	-
lᶣ	.	-	-	-	-	+	+	+	.	+	-	-	-	+	.	+	-	+	+	-	-	.	+	-	+	-	.	-	-	+	-	-	-	-	-	-	-	-
m	.	-	-	-	-	+	+	-	.	-	-	-	+	-	+	-	-	-	.	.	.	-	.	.	.	.	.	-	-	+	-	-	-	-	-	-	-	-
mb	.	-	-	-	-	+	.	-	-	-	-	-	.	-	+	-	-	-	.	.	.	-	.	.	.	.	.	-	-	+	-	-	-	-	-	-	-	-
mbv	.	-	-	-	-	+	.	-	+	-	-	-	.	-	+	-	+	-	.	.	.	-	.	.	.	.	.	-	-	+	-	-	-	-	-	-	-	-
mbz	.	-	-	-	-	+	.	.	.	-	-	-	.	-	.	-	-	.	+	-	+	-	.	.	.	.	.	-	-	+	-	-	-	-	-	-	-	-
mbɾ	.	-	-	-	-	+	.	.	-	.	.	-	.	-	.	-	-	.	+	-	-	-	.	.	.	.	.	-	-	+	-	-	-	-	-	-	-	-
mbʲ	.	-	-	-	-	+	.	-	-	-	-	-	.	-	+	-	-	-	.	.	.	.	+	-	+	-	.	-	-	+	-	-	-	-	-	-	-	-
mbʷ	.	-	-	-	-	+	.	-	-	-	-	-	.	-	+	.	-	-	.	.	.	-	.	.	.	.	.	-	-	+	-	-	-	-	-	-	-	-
mbː	.	-	-	-	.	+	.	-	-	-	-	-	.	-	+	-	-	-	.	.	.	-	.	.	.	.	.	-	-	+	-	-	-	-	-	-	-	-
mbˠ	.	-	-	-	-	+	.	-	-	-	-	-	.	-	+	-	-	-	.	.	.	.	+	-	-	-	.	-	-	+	-	-	-	-	-	-	-	-
mp	.	-	-	-	-	+	.	-	-	-	-	-	.	-	+	-	-	-	.	.	.	-	.	.	.	.	.	-	-	.	-	-	-	-	-	-	-	-
mpf	.	-	-	-	-	+	.	-	+	-	-	-	.	-	+	-	+	-	.	.	.	-	.	.	.	.	.	-	-	.	-	-	-	-	-	-	-	-
mpfʼ	.	-	-	-	-	+	.	-	+	-	-	-	.	-	+	-	.	-	.	.	.	-	.	.	.	.	.	-	-	.	-	-	.	-	-	.	-	-
mpɾ	.	-	-	-	-	+	.	.	-	.	.	-	.	-	.	-	-	.	+	-	-	-	.	.	.	.	.	-	-	.	-	-	-	-	-	-	-	-
mpʰ	.	-	-	-	-	+	.	-	-	-	-	-	.	-	+	-	-	-	.	.	.	-	.	.	.	.	.	-	-	.	-	.	-	-	-	-	-	-
mpʲ	.	-	-	-	-	+	.	-	-	-	-	-	.	-	+	-	-	-	.	.	.	.	+	-	+	-	.	-	-	.	-	-	-	-	-	-	-	-
mpʷ	.	-	-	-	-	+	.	-	-	-	-	-	.	-	+	.	-	-	.	.	.	-	.	.	.	.	.	-	-	.	-	-	-	-	-	-	-	-
mpʼ	.	-	-	-	-	+	.	-	-	-	-	-	.	-	+	-	-	-	.	.	.	-	.	.	.	.	.	-	-	.	-	-	.	-	-	.	-	-
mv	.	-	-	-	-	+	.	.	+	-	-	-	.	-	+	-	.	-	.	.	.	-	.	.	.	.	.	-	-	+	-	-	-	-	-	-	-	-
mw	.	-	-	-	-	.	+	.	.	.	-	-	.	-	+	.	-	-	.	.	.	.	+	-	-	+	+	-	-	+	-	-	-	-	-	-	-	-
mɓ	.	-	-	-	-	+	.	-	-	-	-	-	.	-	+	-	-	-	.	.	.	-	.	.	.	.	.	-	-	+	-	-	-	-	-	-	.	-
mɦ	.	-	-	-	-	.	.	.	+	-	-	-	.	-	.	-	-	-	.	.	.	-	.	.	.	.	.	-	-	+	-	.	-	-	-	-	-	-
mɾ	.	-	-	-	-	+	+	.	.	.	.	-	.	-	.	-	-	.	+	-	-	-	.	.	.	.	.	-	-	+	-	-	-	-	-	-	-	-
mʱ	.	-	-	-	-	+	+	-	.	-	-	-	+	-	+	-	-	-	.	.	.	-	.	.	.	.	.	-	-	+	-	+	-	-	-	-	-	-
mʲ	.	-	-	-	-	+	+	-	.	-	-	-	+	-	+	-	-	-	.	.	.	.	+	-	+	-	.	-	-	+	-	-	-	-	-	-	-	-
mʲː	.	-	-	-	+	+	+	-	.	-	-	-	+	-	+	-	-	-	.	.	.	.	+	-	+	-	.	-	-	+	-	-	-	-	-	-	-	-
mʷ	.	-	-	-	-	+	+	-	.	-	-	-	+	-	+	.	-	-	.	.	.	-	.	.	.	.	.	-	-	+	-	-	-	-	-	-	-	-
mʷː	.	-	-	-	+	+	+	-	.	-	-	-	+	-	+	.	-	-	.	.	.	-	.	.	.	.	.	-	-	+	-	-	-	-	-	-	-	-
mʷˠ	.	-	-	-	-	+	+	-	.	-	-	-	+	-	+	.	-	-	.	.	.	.	+	-	-	-	.	-	-	+	-	-	-	-	-	-	-	-
mʷˠː	.	-	-	-	+	+	+	-	.	-	-	-	+	-	+	.	-	-	.	.	.	.	+	-	-	-	.	-	-	+	-	-	-	-	-	-	-	-
mʼ	.	-	-	-	-	+	+	-	.	-	-	-	+	-	+	-	-	-	.	.	.	-	.	.	.	.	.	-	-	-	-	-	+	-	-	+	-	-
mˀ	.	-	-	-	-	+	+	-	.	-	-	-	+	-	+	-	-	-	.	.	.	-	.	.	.	.	.	-	-	+	-	-	+	-	-	-	-	-
mː	.	-	-	-	+	+	+	-	.	-	-	-	+	-	+	-	-	-	.	.	.	-	.	.	.	.	.	-	-	+	-	-	-	-	-	-	-	-
mˑ	.	-	-	+	+	+	+	-	.	-	-	-	+	-	+	-	-	-	.	.	.	-	.	.	.	.	.	-	-	+	-	-	-	-	-	-	-	-
mˠ	.	-	-	-	-	+	+	-	.	-	-	-	+	-	+	-	-	-	.	.	.	.	+	-	-	-	.	-	-	+	-	-	-	-	-	-	-	-
mˤ	.	-	-	-	-	+	+	-	.	-	-	-	+	-	+	-	-	-	.	.	.	-	.	.	.	.	.	.	-	+	-	-	-	-	-	-	-	-
mˤː	.	-	-	-	+	+	+	-	.	-	-	-	+	-	+	-	-	-	.	.	.	-	.	.	.	.	.	.	-	+	-	-	-	-	-	-	-	-
m̤	.	-	-	-	-	+	+	-	.	-	-	-	+	-	+	-	-	-	.	.	.	-	.	.	.	.	.	-	-	+	-	+	-	-	-	-	-	-
m̤b̤	.	-	-	-	-	+	.	-	-	-	-	-	.	-	+	-	-	-	.	.	.	-	.	.	.	.	.	-	-	+	-	+	-	-	-	-	-	-
m̤b̤v̤	.	-	-	-	-	+	.	-	+	-	-	-	.	-	+	-	.	-	.	.	.	-	.	.	.	.	.	-	-	+	-	+	-	-	-	-	-	-
m̤pʰ	.	-	-	-	-	+	.	-	-	-	-	-	.	-	+	-	-	-	.	.	.	-	.	.	.	.	.	-	-	.	-	+	-	-	-	-	-	-
m̤ʱ	.	-	-	-	-	+	+	-	.	-	-	-	+	-	+	-	-	-	.	.	.	-	.	.	.	.	.	-	-	+	-	+	-	-	-	-	-	-
m̥	.	-	-	-	-	+	+	-	.	-	-	-	+	-	+	-	-	-	.	.	.	-	.	.	.	.	.	-	-	-	-	-	-	-	-	-	-	-
m̥m	.	-	-	-	-	+	+	-	.	-	-	-	+	-	+	-	-	-	.	.	.	-	.	.	.	.	.	-	-	.	-	-	-	-	-	-	-	-
m̥p	.	-	-	-	-	+	.	-	-	-	-	-	.	-	+	-	-	-	.	.	.	-	.	.	.	.	.	-	-	-	-	-	-	-	-	-	-	-
m̥ʰ	.	-	-	-	-	+	+	-	.	-	-	-	+	-	+	-	-	-	.	.	.	-	.	.	.	.	.	-	-	-	-	+	-	-	-	-	-	-
m̥ʲ	.	-	-	-	-	+	+	-	.	-	-	-	+	-	+	-	-	-	.	.	.	.	+	-	+	-	.	-	-	-	-	-	-	-	-	-	-	-
m̥ʲː	.	-	-	-	+	+	+	-	.	-	-	-	+	-	+	-	-	-	.	.	.	.	+	-	+	-	.	-	-	-	-	-	-	-	-	-	-	-
m̥ʷ	.	-	-	-	-	+	+	-	.	-	-	-	+	-	+	.	-	-	.	.	.	-	.	.	.	.	.	-	-	-	-	-	-	-	-	-	-	-
m̥ː	.	-	-	-	+	+	+	-	.	-	-	-	+	-	+	-	-	-	.	.	.	-	.	.	.	.	.	-	-	-	-	-	-	-	-	-	-	-
m̩	.	-	+	-	-	+	+	-	.	-	-	-	+	-	+	-	-	-	.	.	.	-	.	.	.	.	.	-	-	+	-	-	-	-	-	-	-	-
m̰	.	-	-	-	-	+	+	-	.	-	-	-	+	-	+	-	-	-	.	.	.	-	.	.	.	.	.	-	-	+	-	-	+	-	-	-	-	-
m̼	.	-	-	-	-	+	+	-	.	-	-	-	+	-	+	-	-	+	.	.	.	-	.	.	.	.	.	-	-	+	-	-	-	-	-	-	-	-
m͈ː	.	-	-	-	+	+	+	-	.	-	-	-	+	-	+	-	-	-	.	.	.	-	.	.	.	.	.	-	-	+	-	-	-	+	-	-	-	-
m͉	.	-	-	-	-	+	+	-	.	-	-	-	+	-	+	-	-	-	.	.	.	-	.	.	.	.	.	-	-	+	-	-	-	-	+	-	-	-
n	.	-	-	-	-	+	+	-	.	-	-	-	+	-	-	.	.	+	+	-	-	-	.	.	.	.	.	-	-	+	-	-	-	-	-	-	-	-
nb	.	-	-	-	-	+	.	-	-	-	-	-	.	-	.	-	-	.	+	-	-	-	.	.	.	.	.	-	-	+	-	-	-	-	-	-	-	-
nd	.	-	-	-	-	+	.	-	-	-	-	-	.	-	-	.	.	+	+	-	-	-	.	.	.	.	.	-	-	+	-	-	-	-	-	-	-	-
ndl	.	-	-	-	-	+	.	.	-	.	-	-	.	.	-	.	.	+	+	-	-	-	.	.	.	.	.	-	-	+	-	-	-	-	-	-	-	-
ndr	.	-	-	-	-	+	.	.	-	.	-	.	.	-	-	.	.	+	+	-	-	-	.	.	.	.	.	-	-	+	-	-	-	-	-	-	-	-
ndz	.	-	-	-	-	+	.	-	+	-	-	-	.	-	-	.	.	+	+	-	+	-	.	.	.	.	.	-	-	+	-	-	-	-	-	-	-	-
ndzʲ	.	-	-	-	-	+	.	-	+	-	-	-	.	-	-	.	.	+	+	-	.	.	+	-	+	-	.	-	-	+	-	-	-	-	-	-	-	-
ndzʷ	.	-	-	-	-	+	.	-	+	-	-	-	.	-	.	+	-	+	+	-	.	-	.	.	.	.	.	-	-	+	-	-	-	-	-	-	-	-
ndɾ	.	-	-	-	-	+	.	.	-	.	.	-	.	-	-	.	.	+	+	-	-	-	.	.	.	.	.	-	-	+	-	-	-	-	-	-	-	-
ndʑ	.	-	-	-	-	+	.	.	.	-	-	-	.	-	-	.	.	+	+	.	.	.	+	-	+	-	.	-	-	+	-	-	-	-	-	-	-	-
ndʲ	.	-	-	-	-	+	.	-	-	-	-	-	.	-	-	.	.	+	+	-	-	.	+	-	+	-	.	-	-	+	-	-	-	-	-	-	-	-
ndʷ	.	-	-	-	-	+	.	-	-	-	-	-	.	-	.	+	-	+	+	-	-	-	.	.	.	.	.	-	-	+	-	-	-	-	-	-	-	-
ndː	.	-	-	-	.	+	.	-	-	-	-	-	.	-	-	.	.	+	+	-	-	-	.	.	.	.	.	-	-	+	-	-	-	-	-	-	-	-
nd̪	.	-	-	-	-	+	.	-	-	-	-	-	.	-	-	.	.	+	+	.	-	-	.	.	.	.	.	-	-	+	-	-	-	-	-	-	-	-
nd͇z͇	.	-	-	-	-	+	.	-	+	-	-	-	.	-	-	.	.	+	+	-	-	-	.	.	.	.	.	-	-	+	-	-	-	-	-	-	-	-
ng	.	-	-	-	-	+	.	-	-	-	-	-	.	-	-	.	.	.	+	-	-	.	+	-	-	-	.	-	-	+	-	-	-	-	-	-	-	-
ngɾ	.	-	-	-	-	+	.	.	-	.	.	-	.	-	-	.	.	.	+	-	-	.	+	-	-	-	.	-	-	+	-	-	-	-	-	-	-	-
nh	.	-	-	-	-	.	.	.	+	-	-	-	.	-	-	.	.	.	+	-	-	-	.	.	.	.	.	-	-	.	-	.	-	-	-	-	-	-
nl	.	-	-	-	-	+	+	.	.	.	-	-	.	.	-	.	.	+	+	-	-	-	.	.	.	.	.	-	-	+	-	-	-	-	-	-	-	-
nr	.	-	-	-	-	+	+	.	.	.	-	.	.	-	-	.	.	+	+	-	-	-	.	.	.	.	.	-	-	+	-	-	-	-	-	-	-	-
ns	.	-	-	-	-	+	.	.	+	-	-	-	.	-	-	.	.	+	+	-	.	-	.	.	.	.	.	-	-	.	-	-	-	-	-	-	-	-
nsɾ	.	-	-	-	-	+	.	.	+	.	.	-	.	-	-	.	.	+	+	-	.	-	.	.	.	.	.	-	-	.	-	-	-	-	-	-	-	-
nsʰ	.	-	-	-	-	+	.	.	+	-	-	-	.	-	-	.	.	+	+	-	.	-	.	.	.	.	.	-	-	.	-	.	-	-	-	-	-	-
nsʷ	.	-	-	-	-	+	.	.	+	-	-	-	.	-	.	+	-	+	+	-	.	-	.	.	.	.	.	-	-	.	-	-	-	-	-	-	-	-
nt	.	-	-	-	-	+	.	-	-	-	-	-	.	-	-	.	.	+	+	-	-	-	.	.	.	.	.	-	-	.	-	-	-	-	-	-	-	-
ntlʼ	.	-	-	-	-	+	.	.	-	.	-	-	.	.	-	.	.	+	+	-	-	-	.	.	.	.	.	-	-	.	-	-	.	-	-	.	-	-
nts	.	-	-	-	-	+	.	-	+	-	-	-	.	-	-	.	.	+	+	-	+	-	.	.	.	.	.	-	-	.	-	-	-	-	-	-	-	-
ntsʰ	.	-	-	-	-	+	.	-	+	-	-	-	.	-	-	.	.	+	+	-	.	-	.	.	.	.	.	-	-	.	-	.	-	-	-	-	-	-
ntsʼ	.	-	-	-	-	+	.	-	+	-	-	-	.	-	-	.	.	+	+	-	.	-	.	.	.	.	.	-	-	.	-	-	.	-	-	.	-	-
ntɕ	.	-	-	-	-	+	.	.	.	-	-	-	.	-	-	.	.	+	+	.	.	.	+	-	+	-	.	-	-	.	-	-	-	-	-	-	-	-
ntɕʰ	.	-	-	-	-	+	.	.	.	-	-	-	.	-	-	.	.	+	+	.	.	.	+	-	+	-	.	-	-	.	-	.	-	-	-	-	-	-
ntɾ	.	-	-	-	-	+	.	.	-	.	.	-	.	-	-	.	.	+	+	-	-	-	.	.	.	.	.	-	-	.	-	-	-	-	-	-	-	-
ntʰ	.	-	-	-	-	+	.	-	-	-	-	-	.	-	-	.	.	+	+	-	-	-	.	.	.	.	.	-	-	.	-	.	-	-	-	-	-	-
ntʷ	.	-	-	-	-	+	.	-	-	-	-	-	.	-	.	+	-	+	+	-	-	-	.	.	.	.	.	-	-	.	-	-	-	-	-	-	-	-
ntʼ	.	-	-	-	-	+	.	-	-	-	-	-	.	-	-	.	.	+	+	-	-	-	.	.	.	.	.	-	-	.	-	-	.	-	-	.	-	-
nt͇s͇ʰ	.	-	-	-	-	+	.	-	+	-	-	-	.	-	-	.	.	+	+	-	-	-	.	.	.	.	.	-	-	.	-	.	-	-	-	-	-	-
nz	.	-	-	-	-	+	.	.	+	-	-	-	.	-	-	.	.	+	+	-	.	-	.	.	.	.	.	-	-	+	-	-	-	-	-	-	-	-
nzɾ	.	-	-	-	-	+	.	.	+	.	.	-	.	-	-	.	.	+	+	-	.	-	.	.	.	.	.	-	-	+	-	-	-	-	-	-	-	-
nzʷ	.	-	-	-	-	+	.	.	+	-	-	-	.	-	.	+	-	+	+	-	.	-	.	.	.	.	.	-	-	+	-	-	-	-	-	-	-	-
nð	.	-	-	-	-	+	.	.	+	-	-	-	.	-	-	.	.	+	+	.	-	-	.	.	.	.	.	-	-	+	-	-	-	-	-	-	-	-
nɗ	.	-	-	-	-	+	.	-	-	-	-	-	.	-	-	.	.	+	+	-	-	-	.	.	.	.	.	-	-	+	-	-	-	-	-	-	.	-
nɟ	.	-	-	-	-	+	.	-	-	-	-	-	.	-	-	.	.	+	.	.	-	.	+	-	+	-	.	-	-	+	-	-	-	-	-	-	-	-
nɦ	.	-	-	-	-	.	.	.	+	-	-	-	.	-	-	.	.	.	+	-	-	-	.	.	.	.	.	-	-	+	-	.	-	-	-	-	-	-
nɬ	.	-	-	-	-	+	.	.	+	-	-	-	.	.	-	.	.	+	+	-	-	-	.	.	.	.	.	-	-	.	-	-	-	-	-	-	-	-
nɮ	.	-	-	-	-	+	.	.	+	-	-	-	.	.	-	.	.	+	+	-	-	-	.	.	.	.	.	-	-	+	-	-	-	-	-	-	-	-
nɾ	.	-	-	-	-	+	+	.	.	.	.	-	.	-	-	.	.	+	+	-	-	-	.	.	.	.	.	-	-	+	-	-	-	-	-	-	-	-
nʱ	.	-	-	-	-	+	+	-	.	-	-	-	+	-	-	.	.	+	+	-	-	-	.	.	.	.	.	-	-	+	-	+	-	-	-	-	-	-
nʲ	.	-	-	-	-	+	+	-	.	-	-	-	+	-	-	.	.	+	+	-	-	.	+	-	+	-	.	-	-	+	-	-	-	-	-	-	-	-
nʲː	.	-	-	-	+	+	+	-	.	-	-	-	+	-	-	.	.	+	+	-	-	.	+	-	+	-	.	-	-	+	-	-	-	-	-	-	-	-
nʲˑ	.	-	-	+	+	+	+	-	.	-	-	-	+	-	-	.	.	+	+	-	-	.	+	-	+	-	.	-	-	+	-	-	-	-	-	-	-	-
nʷ	.	-	-	-	-	+	+	-	.	-	-	-	+	-	.	+	-	+	+	-	-	-	.	.	.	.	.	-	-	+	-	-	-	-	-	-	-	-
nʷʲ	.	-	-	-	-	+	+	-	.	-	-	-	+	-	.	+	-	+	+	-	-	.	+	-	+	-	.	-	-	+	-	-	-	-	-	-	-	-
nʼ	.	-	-	-	-	+	+	-	.	-	-	-	+	-	-	.	.	+	+	-	-	-	.	.	.	.	.	-	-	-	-	-	+	-	-	+	-	-
nˀ	.	-	-	-	-	+	+	-	.	-	-	-	+	-	-	.	.	+	+	-	-	-	.	.	.	.	.	-	-	+	-	-	+	-	-	-	-	-
nː	.	-	-	-	+	+	+	-	.	-	-	-	+	-	-	.	.	+	+	-	-	-	.	.	.	.	.	-	-	+	-	-	-	-	-	-	-	-
nˑ	.	-	-	+	+	+	+	-	.	-	-	-	+	-	-	.	.	+	+	-	-	-	.	.	.	.	.	-	-	+	-	-	-	-	-	-	-	-
nˠ	.	-	-	-	-	+	+	-	.	-	-	-	+	-	-	.	.	+	+	-	-	.	+	-	-	-	.	-	-	+	-	-	-	-	-	-	-	-
nˤ	.	-	-	-	-	+	+	-	.	-	-	-	+	-	-	.	.	+	+	-	-	-	.	.	.	.	.	.	-	+	-	-	-	-	-	-	-	-
nˤː	.	-	-	-	+	+	+	-	.	-	-	-	+	-	-	.	.	+	+	-	-	-	.	.	.	.	.	.	-	+	-	-	-	-	-	-	-	-
n̠	.	-	-	-	-	+	+	-	.	-	-	-	+	-	-	.	.	+	-	+	-	-	.	.	.	.	.	-	-	+	-	-	-	-	-	-	-	-
n̠d̠	.	-	-	-	-	+	.	-	-	-	-	-	.	-	-	.	.	+	-	+	-	-	.	.	.	.	.	-	-	+	-	-	-	-	-	-	-	-
n̠d̠ʒ	.	-	-	-	-	+	.	-	+	-	-	-	.	-	-	.	.	+	-	+	.	-	.	.	.	.	.	-	-	+	-	-	-	-	-	-	-	-
n̠d̠ʒʷ	.	-	-	-	-	+	.	-	+	-	-	-	.	-	.	+	-	+	-	+	.	-	.	.	.	.	.	-	-	+	-	-	-	-	-	-	-	-
n̠t̠	.	-	-	-	-	+	.	-	-	-	-	-	.	-	-	.	.	+	-	+	-	-	.	.	.	.	.	-	-	.	-	-	-	-	-	-	-	-
n̠t̠ʃ	.	-	-	-	-	+	.	-	+	-	-	-	.	-	-	.	.	+	-	+	.	-	.	.	.	.	.	-	-	.	-	-	-	-	-	-	-	-
n̠t̠ʃɾ	.	-	-	-	-	+	.	.	+	.	.	-	.	-	-	.	.	+	.	.	.	-	.	.	.	.	.	-	-	.	-	-	-	-	-	-	-	-
n̠t̠ʃʰ	.	-	-	-	-	+	.	-	+	-	-	-	.	-	-	.	.	+	-	+	.	-	.	.	.	.	.	-	-	.	-	.	-	-	-	-	-	-
n̠t̠ʃʷ	.	-	-	-	-	+	.	-	+	-	-	-	.	-	.	+	-	+	-	+	.	-	.	.	.	.	.	-	-	.	-	-	-	-	-	-	-	-
n̠t̠ʃʼ	.	-	-	-	-	+	.	-	+	-	-	-	.	-	-	.	.	+	-	+	.	-	.	.	.	.	.	-	-	.	-	-	.	-	-	.	-	-
n̠ʃ	.	-	-	-	-	+	.	.	+	-	-	-	.	-	-	.	.	+	-	+	.	-	.	.	.	.	.	-	-	.	-	-	-	-	-	-	-	-
n̠ʃʷ	.	-	-	-	-	+	.	.	+	-	-	-	.	-	.	+	-	+	-	+	.	-	.	.	.	.	.	-	-	.	-	-	-	-	-	-	-	-
n̠ʒ	.	-	-	-	-	+	.	.	+	-	-	-	.	-	-	.	.	+	-	+	.	-	.	.	.	.	.	-	-	+	-	-	-	-	-	-	-	-
n̠ʲ	.	-	-	-	-	+	+	-	.	-	-	-	+	-	-	.	.	+	-	+	-	.	+	-	+	-	.	-	-	+	-	-	-	-	-	-	-	-
n̠̤	.	-	-	-	-	+	+	-	.	-	-	-	+	-	-	.	.	+	-	+	-	-	.	.	.	.	.	-	-	+	-	+	-	-	-	-	-	-
n̠̤d̠̤ʒ	.	-	-	-	-	+	.	-	+	-	-	-	.	-	-	.	.	+	-	+	.	-	.	.	.	.	.	-	-	+	-	+	-	-	-	-	-	-
n̠̥	.	-	-	-	-	+	+	-	.	-	-	-	+	-	-	.	.	+	-	+	-	-	.	.	.	.	.	-	-	-	-	-	-	-	-	-	-	-
n̠̥t̠ʃ	.	-	-	-	-	+	.	-	+	-	-	-	.	-	-	.	.	+	-	+	.	-	.	.	.	.	.	-	-	-	-	-	-	-	-	-	-	-
n̠̩d̠ʒ	.	-	.	-	-	+	.	-	+	-	-	-	.	-	-	.	.	+	-	+	.	-	.	.	.	.	.	-	-	+	-	-	-	-	-	-	-	-
n̤	.	-	-	-	-	+	+	-	.	-	-	-	+	-	-	.	.	+	+	-	-	-	.	.	.	.	.	-	-	+	-	+	-	-	-	-	-	-
n̤d̤	.	-	-	-	-	+	.	-	-	-	-	-	.	-	-	.	.	+	+	-	-	-	.	.	.	.	.	-	-	+	-	+	-	-	-	-	-	-
n̤d̤z̤	.	-	-	-	-	+	.	-	+	-	-	-	.	-	-	.	.	+	+	-	.	-	.	.	.	.	.	-	-	+	-	+	-	-	-	-	-	-
n̤d̤ɮ̤	.	-	-	-	-	+	.	.	.	-	-	-	.	.	-	.	.	+	+	-	-	-	.	.	.	.	.	-	-	+	-	+	-	-	-	-	-	-
n̤g̤	.	-	-	-	-	+	.	-	-	-	-	-	.	-	-	.	.	.	+	-	-	.	+	-	-	-	.	-	-	+	-	+	-	-	-	-	-	-
n̤s	.	-	-	-	-	+	.	.	+	-	-	-	.	-	-	.	.	+	+	-	.	-	.	.	.	.	.	-	-	.	-	.	-	-	-	-	-	-
n̤tʰ	.	-	-	-	-	+	.	-	-	-	-	-	.	-	-	.	.	+	+	-	-	-	.	.	.	.	.	-	-	.	-	+	-	-	-	-	-	-
n̤ʱ	.	-	-	-	-	+	+	-	.	-	-	-	+	-	-	.	.	+	+	-	-	-	.	.	.	.	.	-	-	+	-	+	-	-	-	-	-	-
n̤ʷ	.	-	-	-	-	+	+	-	.	-	-	-	+	-	.	+	-	+	+	-	-	-	.	.	.	.	.	-	-	+	-	+	-	-	-	-	-	-
n̥	.	-	-	-	-	+	+	-	.	-	-	-	+	-	-	.	.	+	+	-	-	-	.	.	.	.	.	-	-	-	-	-	-	-	-	-	-	-
n̥n	.	-	-	-	-	+	+	-	.	-	-	-	+	-	-	.	.	+	+	-	-	-	.	.	.	.	.	-	-	.	-	-	-	-	-	-	-	-
n̥ʃ	.	-	-	-	-	+	.	.	+	-	-	-	.	-	-	.	.	+	.	.	.	-	.	.	.	.	.	-	-	-	-	-	-	-	-	-	-	-
n̥ʲ	.	-	-	-	-	+	+	-	.	-	-	-	+	-	-	.	.	+	+	-	-	.	+	-	+	-	.	-	-	-	-	-	-	-	-	-	-	-
n̥ʲː	.	-	-	-	+	+	+	-	.	-	-	-	+	-	-	.	.	+	+	-	-	.	+	-	+	-	.	-	-	-	-	-	-	-	-	-	-	-
n̥ː	.	-	-	-	+	+	+	-	.	-	-	-	+	-	-	.	.	+	+	-	-	-	.	.	.	.	.	-	-	-	-	-	-	-	-	-	-	-
n̥ˠ	.	-	-	-	-	+	+	-	.	-	-	-	+	-	-	.	.	+	+	-	-	.	+	-	-	-	.	-	-	-	-	-	-	-	-	-	-	-
n̩	.	-	+	-	-	+	+	-	.	-	-	-	+	-	-	.	.	+	+	-	-	-	.	.	.	.	.	-	-	+	-	-	-	-	-	-	-	-
n̪	.	-	-	-	-	+	+	-	.	-	-	-	+	-	-	.	.	+	+	+	-	-	.	.	.	.	.	-	-	+	-	-	-	-	-	-	-	-
n̪d̪	.	-	-	-	-	+	.	-	-	-	-	-	.	-	-	.	.	+	+	+	-	-	.	.	.	.	.	-	-	+	-	-	-	-	-	-	-	-
n̪d̪z̪	.	-	-	-	-	+	.	-	+	-	-	-	.	-	-	.	.	+	+	+	.	-	.	.	.	.	.	-	-	+	-	-	-	-	-	-	-	-
n̪d̪|nd	.	-	-	-	-	+	.	-	-	-	-	-	.	-	-	.	.	+	+	.	-	-	.	.	.	.	.	-	-	+	-	-	-	-	-	-	-	-
n̪d̪ʲ|ndʲ	.	-	-	-	-	+	.	-	-	-	-	-	.	-	-	.	.	+	+	.	-	.	+	-	+	-	.	-	-	+	-	-	-	-	-	-	-	-
n̪d̪ʷ|ndʷ	.	-	-	-	-	+	.	-	-	-	-	-	.	-	.	+	-	+	+	.	-	-	.	.	.	.	.	-	-	+	-	-	-	-	-	-	-	-
n̪s̪|ns	.	-	-	-	-	+	.	.	+	-	-	-	.	-	-	.	.	+	+	.	.	-	.	.	.	.	.	-	-	.	-	-	-	-	-	-	-	-
n̪t̪	.	-	-	-	-	+	.	-	-	-	-	-	.	-	-	.	.	+	+	+	-	-	.	.	.	.	.	-	-	.	-	-	-	-	-	-	-	-
n̪t̪s̪	.	-	-	-	-	+	.	-	+	-	-	-	.	-	-	.	.	+	+	+	.	-	.	.	.	.	.	-	-	.	-	-	-	-	-	-	-	-
n̪t̪s̪|nts	.	-	-	-	-	+	.	-	+	-	-	-	.	-	-	.	.	+	+	.	.	-	.	.	.	.	.	-	-	.	-	-	-	-	-	-	-	-
n̪t̪s̪ʰ	.	-	-	-	-	+	.	-	+	-	-	-	.	-	-	.	.	+	+	+	.	-	.	.	.	.	.	-	-	.	-	.	-	-	-	-	-	-
n̪t̪|nt	.	-	-	-	-	+	.	-	-	-	-	-	.	-	-	.	.	+	+	.	-	-	.	.	.	.	.	-	-	.	-	-	-	-	-	-	-	-
n̪t̪ʰ	.	-	-	-	-	+	.	-	-	-	-	-	.	-	-	.	.	+	+	+	-	-	.	.	.	.	.	-	-	.	-	.	-	-	-	-	-	-
n̪z̪	.	-	-	-	-	+	.	.	+	-	-	-	.	-	-	.	.	+	+	+	.	-	.	.	.	.	.	-	-	+	-	-	-	-	-	-	-	-
n̪z̪|nz	.	-	-	-	-	+	.	.	+	-	-	-	.	-	-	.	.	+	+	.	.	-	.	.	.	.	.	-	-	+	-	-	-	-	-	-	-	-
n̪|n	.	-	-	-	-	+	+	-	.	-	-	-	+	-	-	.	.	+	+	.	-	-	.	.	.	.	.	-	-	+	-	-	-	-	-	-	-	-
n̪ʲ	.	-	-	-	-	+	+	-	.	-	-	-	+	-	-	.	.	+	+	+	-	.	+	-	+	-	.	-	-	+	-	-	-	-	-	-	-	-
n̪ʲ|nʲ	.	-	-	-	-	+	+	-	.	-	-	-	+	-	-	.	.	+	+	.	-	.	+	-	+	-	.	-	-	+	-	-	-	-	-	-	-	-
n̪ʷ	.	-	-	-	-	+	+	-	.	-	-	-	+	-	.	+	-	+	+	+	-	-	.	.	.	.	.	-	-	+	-	-	-	-	-	-	-	-
n̪ʷ|nʷ	.	-	-	-	-	+	+	-	.	-	-	-	+	-	.	+	-	+	+	.	-	-	.	.	.	.	.	-	-	+	-	-	-	-	-	-	-	-
n̪ː	.	-	-	-	+	+	+	-	.	-	-	-	+	-	-	.	.	+	+	+	-	-	.	.	.	.	.	-	-	+	-	-	-	-	-	-	-	-
n̪ː|nː	.	-	-	-	+	+	+	-	.	-	-	-	+	-	-	.	.	+	+	.	-	-	.	.	.	.	.	-	-	+	-	-	-	-	-	-	-	-
n̪ˠ	.	-	-	-	-	+	+	-	.	-	-	-	+	-	-	.	.	+	+	+	-	.	+	-	-	-	.	-	-	+	-	-	-	-	-	-	-	-
n̪ˤ	.	-	-	-	-	+	+	-	.	-	-	-	+	-	-	.	.	+	+	+	-	-	.	.	.	.	.	.	-	+	-	-	-	-	-	-	-	-
n̪̊	.	-	-	-	-	+	+	-	.	-	-	-	+	-	-	.	.	+	+	+	-	-	.	.	.	.	.	-	-	-	-	-	-	-	-	-	-	-
n̪̤	.	-	-	-	-	+	+	-	.	-	-	-	+	-	-	.	.	+	+	+	-	-	.	.	.	.	.	-	-	+	-	+	-	-	-	-	-	-
n̪̤|n̤	.	-	-	-	-	+	+	-	.	-	-	-	+	-	-	.	.	+	+	.	-	-	.	.	.	.	.	-	-	+	-	+	-	-	-	-	-	-
n̪̥	.	-	-	-	-	+	+	-	.	-	-	-	+	-	-	.	.	+	+	+	-	-	.	.	.	.	.	-	-	-	-	-	-	-	-	-	-	-
n̪̥|n̥	.	-	-	-	-	+	+	-	.	-	-	-	+	-	-	.	.	+	+	.	-	-	.	.	.	.	.	-	-	-	-	-	-	-	-	-	-	-
n̪̩	.	-	+	-	-	+	+	-	.	-	-	-	+	-	-	.	.	+	+	+	-	-	.	.	.	.	.	-	-	+	-	-	-	-	-	-	-	-
n̪̰	.	-	-	-	-	+	+	-	.	-	-	-	+	-	-	.	.	+	+	+	-	-	.	.	.	.	.	-	-	+	-	-	+	-	-	-	-	-
n̪̰|n̰	.	-	-	-	-	+	+	-	.	-	-	-	+	-	-	.	.	+	+	.	-	-	.	.	.	.	.	-	-	+	-	-	+	-	-	-	-	-
n̪̺	.	-	-	-	-	+	+	-	.	-	-	-	+	-	-	.	.	+	+	-	-	-	.	.	.	.	.	-	-	+	-	-	-	-	-	-	-	-
n̰	.	-	-	-	-	+	+	-	.	-	-	-	+	-	-	.	.	+	+	-	-	-	.	.	.	.	.	-	-	+	-	-	+	-	-	-	-	-
n̺	.	-	-	-	-	+	+	-	.	-	-	-	+	-	-	.	.	+	+	-	-	-	.	.	.	.	.	-	-	+	-	-	-	-	-	-	-	-
n̻	.	-	-	-	-	+	+	-	.	-	-	-	+	-	-	.	.	+	+	+	-	-	.	.	.	.	.	-	-	+	-	-	-	-	-	-	-	-
n̻ʲ	.	-	-	-	-	+	+	-	.	-	-	-	+	-	-	.	.	+	+	+	-	.	+	-	+	-	.	-	-	+	-	-	-	-	-	-	-	-
n̻ː	.	-	-	-	+	+	+	-	.	-	-	-	+	-	-	.	.	+	+	+	-	-	.	.	.	.	.	-	-	+	-	-	-	-	-	-	-	-
n͈ː	.	-	-	-	+	+	+	-	.	-	-	-	+	-	-	.	.	+	+	-	-	-	.	.	.	.	.	-	-	+	-	-	-	+	-	-	-	-
n͉	.	-	-	-	-	+	+	-	.	-	-	-	+	-	-	.	.	+	+	-	-	-	.	.	.	.	.	-	-	+	-	-	-	-	+	-	-	-
nθ	.	-	-	-	-	+	.	.	+	-	-	-	.	-	-	.	.	+	+	.	-	-	.	.	.	.	.	-	-	.	-	-	-	-	-	-	-	-
o	.	-	+	-	-	-	+	+	.	+	-	-	-	-	+	+	-	-	.	.	.	+	-	-	-	+	+	-	-	+	-	-	-	.	.	-	-	.
oa	.	-	+	-	-	-	+	+	.	+	-	-	-	-	.	+	-	-	.	.	.	+	-	.	-	.	+	-	-	+	-	-	-	.	.	-	-	.
oä	.	-	+	-	-	-	+	+	.	+	-	-	-	-	.	+	-	-	.	.	.	+	-	.	-	.	+	-	-	+	-	-	-	.	.	-	-	.
oe	.	-	+	-	-	-	+	+	.	+	-	-	-	-	.	+	-	-	.	.	.	+	-	-	.	.	+	-	-	+	-	-	-	.	.	-	-	.
oe̞	.	-	+	-	-	-	+	+	.	+	-	-	-	-	.	+	-	-	.	.	.	+	-	-	.	.	+	-	-	+	-	-	-	.	.	-	-	.
oi	.	-	+	-	-	-	+	+	.	+	-	-	-	-	.	+	-	-	.	.	.	+	.	-	.	.	+	-	-	+	-	-	-	.	.	-	-	.
oi̯	.	-	.	-	-	-	+	+	.	+	-	-	-	-	.	+	-	-	.	.	.	+	.	-	.	.	+	-	-	+	-	-	-	.	.	-	-	.
oo	.	-	+	-	-	-	+	+	.	+	-	-	-	-	+	+	-	-	.	.	.	+	-	-	-	+	+	-	-	+	-	-	-	.	.	-	-	.
ou	.	-	+	-	-	-	+	+	.	+	-	-	-	-	+	+	-	-	.	.	.	+	.	-	-	+	+	-	-	+	-	-	-	.	.	-	-	.
oũ	.	-	+	-	-	-	+	+	.	+	-	-	.	-	+	+	-	-	.	.	.	+	.	-	-	+	+	-	-	+	-	-	-	.	.	-	-	.
ou̙	.	-	+	-	-	-	+	+	.	+	-	-	-	-	+	+	-	-	.	.	.	+	.	-	-	+	+	.	-	+	-	-	-	.	.	-	-	.
ou̯	.	-	.	-	-	-	+	+	.	+	-	-	-	-	+	+	-	-	.	.	.	+	.	-	-	+	+	-	-	+	-	-	-	.	.	-	-	.
oɔ	.	-	+	-	-	-	+	+	.	+	-	-	-	-	+	+	-	-	.	.	.	+	-	-	-	+	.	-	-	+	-	-	-	.	.	-	-	.
oɘ	.	-	+	-	-	-	+	+	.	+	-	-	-	-	.	+	-	-	.	.	.	+	-	-	-	.	+	-	-	+	-	-	-	.	.	-	-	.
oə	.	-	+	-	-	-	+	+	.	+	-	-	-	-	.	+	-	-	.	.	.	+	-	-	-	.	.	-	-	+	-	-	-	.	.	-	-	.
oəɪ	.	-	+	-	-	-	+	+	.	+	-	-	-	-	.	+	-	-	.	.	.	+	.	-	.	.	.	-	-	+	-	-	-	.	.	-	-	.
oɛ	.	-	+	-	-	-	+	+	.	+	-	-	-	-	.	+	-	-	.	.	.	+	-	-	.	.	.	-	-	+	-	-	-	.	.	-	-	.
oɪ	.	-	+	-	-	-	+	+	.	+	-	-	-	-	.	+	-	-	.	.	.	+	.	-	.	.	.	-	-	+	-	-	-	.	.	-	-	.
oɪ̯	.	-	.	-	-	-	+	+	.	+	-	-	-	-	.	+	-	-	.	.	.	+	.	-	.	.	.	-	-	+	-	-	-	.	.	-	-	.
oʊ	.	-	+	-	-	-	+	+	.	+	-	-	-	-	+	+	-	-	.	.	.	+	.	-	-	+	.	-	-	+	-	-	-	.	.	-	-	.
oʊ̃	.	-	+	-	-	-	+	+	.	+	-	-	.	-	+	+	-	-	.	.	.	+	.	-	-	+	.	-	-	+	-	-	-	.	.	-	-	.
oʊ̯	.	-	.	-	-	-	+	+	.	+	-	-	-	-	+	+	-	-	.	.	.	+	.	-	-	+	.	-	-	+	-	-	-	.	.	-	-	.
oʌ̯	.	-	.	-	-	-	+	+	.	+	-	-	-	-	.	+	-	-	.	.	.	+	-	-	-	+	.	-	-	+	-	-	-	.	.	-	-	.
oˀ	.	-	+	-	-	-	+	+	.	+	-	-	-	-	+	+	-	-	.	.	.	+	-	-	-	+	+	-	-	+	-	-	+	.	.	-	-	.
oː	.	-	+	-	+	-	+	+	.	+	-	-	-	-	+	+	-	-	.	.	.	+	-	-	-	+	+	-	-	+	-	-	-	.	.	-	-	.
oːu	.	-	+	-	.	-	+	+	.	+	-	-	-	-	+	+	-	-	.	.	.	+	.	-	-	+	+	-	-	+	-	-	-	.	.	-	-	.
oːu̯	.	-	.	-	.	-	+	+	.	+	-	-	-	-	+	+	-	-	.	.	.	+	.	-	-	+	+	-	-	+	-	-	-	.	.	-	-	.
oːə	.	-	+	-	.	-	+	+	.	+	-	-	-	-	.	+	-	-	.	.	.	+	-	-	-	.	.	-	-	+	-	-	-	.	.	-	-	.
oˑ	.	-	+	+	+	-	+	+	.	+	-	-	-	-	+	+	-	-	.	.	.	+	-	-	-	+	+	-	-	+	-	-	-	.	.	-	-	.
o˞	.	-	+	-	-	-	+	+	.	+	-	-	-	-	+	+	-	+	+	+	+	+	-	-	-	+	+	-	-	+	-	-	-	.	.	-	-	.
oˤ	.	-	+	-	-	-	+	+	.	+	-	-	-	-	+	+	-	-	.	.	.	+	-	-	-	+	+	.	-	+	-	-	-	.	.	-	-	.
oˤː	.	-	+	-	+	-	+	+	.	+	-	-	-	-	+	+	-	-	.	.	.	+	-	-	-	+	+	.	-	+	-	-	-	.	.	-	-	.
õ	.	-	+	-	-	-	+	+	.	+	-	-	+	-	+	+	-	-	.	.	.	+	-	-	-	+	+	-	-	+	-	-	-	.	.	-	-	.
õã	.	-	+	-	-	-	+	+	.	+	-	-	+	-	.	+	-	-	.	.	.	+	-	.	-	.	+	-	-	+	-	-	-	.	.	-	-	.
õi	.	-	+	-	-	-	+	+	.	+	-	-	.	-	.	+	-	-	.	.	.	+	.	-	.	.	+	-	-	+	-	-	-	.	.	-	-	.
õi̯	.	-	.	-	-	-	+	+	.	+	-	-	.	-	.	+	-	-	.	.	.	+	.	-	.	.	+	-	-	+	-	-	-	.	.	-	-	.
õũ	.	-	+	-	-	-	+	+	.	+	-	-	+	-	+	+	-	-	.	.	.	+	.	-	-	+	+	-	-	+	-	-	-	.	.	-	-	.
õɪ̯̃	.	-	.	-	-	-	+	+	.	+	-	-	+	-	.	+	-	-	.	.	.	+	.	-	.	.	.	-	-	+	-	-	-	.	.	-	-	.
õː	.	-	+	-	+	-	+	+	.	+	-	-	+	-	+	+	-	-	.	.	.	+	-	-	-	+	+	-	-	+	-	-	-	.	.	-	-	.
õˤ	.	-	+	-	-	-	+	+	.	+	-	-	+	-	+	+	-	-	.	.	.	+	-	-	-	+	+	.	-	+	-	-	-	.	.	-	-	.
ŏ	.	-	+	+	-	-	+	+	.	+	-	-	-	-	+	+	-	-	.	.	.	+	-	-	-	+	+	-	-	+	-	-	-	.	.	-	-	.
ŏ̃	.	-	+	+	-	-	+	+	.	+	-	-	+	-	+	+	-	-	.	.	.	+	-	-	-	+	+	-	-	+	-	-	-	.	.	-	-	.
ö	.	-	+	-	-	-	+	+	.	+	-	-	-	-	+	+	-	-	.	.	.	+	-	-	-	.	.	-	-	+	-	-	-	.	.	-	-	.
o̘	.	-	+	-	-	-	+	+	.	+	-	-	-	-	+	+	-	-	.	.	.	+	-	-	-	+	+	-	+	+	-	-	-	.	.	-	-	.
o̘ː	.	-	+	-	+	-	+	+	.	+	-	-	-	-	+	+	-	-	.	.	.	+	-	-	-	+	+	-	+	+	-	-	-	.	.	-	-	.
o̙	.	-	+	-	-	-	+	+	.	+	-	-	-	-	+	+	-	-	.	.	.	+	-	-	-	+	+	+	-	+	-	-	-	.	.	-	-	.
o̝	.	-	+	-	-	-	+	+	.	+	-	-	-	-	+	+	-	-	.	.	.	+	.	-	-	+	+	-	-	+	-	-	-	.	.	-	-	.
o̞	.	-	+	-	-	-	+	+	.	+	-	-	-	-	+	+	-	-	.	.	.	+	-	-	-	+	.	-	-	+	-	-	-	.	.	-	-	.
o̞a	.	-	+	-	-	-	+	+	.	+	-	-	-	-	.	+	-	-	.	.	.	+	-	.	-	.	.	-	-	+	-	-	-	.	.	-	-	.
o̞aˤ	.	-	+	-	-	-	+	+	.	+	-	-	-	-	.	+	-	-	.	.	.	+	-	.	-	.	.	.	-	+	-	-	-	.	.	-	-	.
o̞ä	.	-	+	-	-	-	+	+	.	+	-	-	-	-	.	+	-	-	.	.	.	+	-	.	-	.	.	-	-	+	-	-	-	.	.	-	-	.
o̞e̞	.	-	+	-	-	-	+	+	.	+	-	-	-	-	.	+	-	-	.	.	.	+	-	-	.	.	.	-	-	+	-	-	-	.	.	-	-	.
o̞i	.	-	+	-	-	-	+	+	.	+	-	-	-	-	.	+	-	-	.	.	.	+	.	-	.	.	+	-	-	+	-	-	-	.	.	-	-	.
o̞iˤ	.	-	+	-	-	-	+	+	.	+	-	-	-	-	.	+	-	-	.	.	.	+	.	-	.	.	+	.	-	+	-	-	-	.	.	-	-	.
o̞i̯	.	-	.	-	-	-	+	+	.	+	-	-	-	-	.	+	-	-	.	.	.	+	.	-	.	.	+	-	-	+	-	-	-	.	.	-	-	.
o̞u	.	-	+	-	-	-	+	+	.	+	-	-	-	-	+	+	-	-	.	.	.	+	.	-	-	+	+	-	-	+	-	-	-	.	.	-	-	.
o̞ː	.	-	+	-	+	-	+	+	.	+	-	-	-	-	+	+	-	-	.	.	.	+	-	-	-	+	.	-	-	+	-	-	-	.	.	-	-	.
o̞ˤ	.	-	+	-	-	-	+	+	.	+	-	-	-	-	+	+	-	-	.	.	.	+	-	-	-	+	.	.	-	+	-	-	-	.	.	-	-	.
o̞ˤː	.	-	+	-	+	-	+	+	.	+	-	-	-	-	+	+	-	-	.	.	.	+	-	-	-	+	.	.	-	+	-	-	-	.	.	-	-	.
õ̞	.	-	+	-	-	-	+	+	.	+	-	-	+	-	+	+	-	-	.	.	.	+	-	-	-	+	.	-	-	+	-	-	-	.	.	-	-	.
õ̞ã	.	-	+	-	-	-	+	+	.	+	-	-	+	-	.	+	-	-	.	.	.	+	-	.	-	.	.	-	-	+	-	-	-	.	.	-	-	.
õ̞ãˤ	.	-	+	-	-	-	+	+	.	+	-	-	+	-	.	+	-	-	.	.	.	+	-	.	-	.	.	.	-	+	-	-	-	.	.	-	-	.
õ̞ĩ	.	-	+	-	-	-	+	+	.	+	-	-	+	-	.	+	-	-	.	.	.	+	.	-	.	.	+	-	-	+	-	-	-	.	.	-	-	.
õ̞ĩˤ	.	-	+	-	-	-	+	+	.	+	-	-	+	-	.	+	-	-	.	.	.	+	.	-	.	.	+	.	-	+	-	-	-	.	.	-	-	.
õ̞ũ	.	-	+	-	-	-	+	+	.	+	-	-	+	-	+	+	-	-	.	.	.	+	.	-	-	+	+	-	-	+	-	-	-	.	.	-	-	.
õ̞ː	.	-	+	-	+	-	+	+	.	+	-	-	+	-	+	+	-	-	.	.	.	+	-	-	-	+	.	-	-	+	-	-	-	.	.	-	-	.
õ̞ˤ	.	-	+	-	-	-	+	+	.	+	-	-	+	-	+	+	-	-	.	.	.	+	-	-	-	+	.	.	-	+	-	-	-	.	.	-	-	.
ŏ̞	.	-	+	+	-	-	+	+	.	+	-	-	-	-	+	+	-	-	.	.	.	+	-	-	-	+	.	-	-	+	-	-	-	.	.	-	-	.
ö̞	.	-	+	-	-	-	+	+	.	+	-	-	-	-	+	+	-	-	.	.	.	+	-	-	-	.	.	-	-	+	-	-	-	.	.	-	-	.
o̞̙	.	-	+	-	-	-	+	+	.	+	-	-	-	-	+	+	-	-	.	.	.	+	-	-	-	+	.	+	-	+	-	-	-	.	.	-	-	.
o̞̜	.	-	+	-	-	-	+	+	.	+	-	-	-	-	+	.	-	-	.	.	.	+	-	-	-	+	.	-	-	+	-	-	-	.	.	-	-	.
o̞̜ː	.	-	+	-	+	-	+	+	.	+	-	-	-	-	+	.	-	-	.	.	.	+	-	-	-	+	.	-	-	+	-	-	-	.	.	-	-	.
o̞̥	.	-	+	-	-	-	+	+	.	+	-	-	-	-	+	+	-	-	.	.	.	+	-	-	-	+	.	-	-	-	-	-	-	.	.	-	-	.
o̞̰	.	-	+	-	-	-	+	+	.	+	-	-	-	-	+	+	-	-	.	.	.	+	-	-	-	+	.	-	-	+	-	-	+	.	.	-	-	.
õ̞̰	.	-	+	-	-	-	+	+	.	+	-	-	+	-	+	+	-	-	.	.	.	+	-	-	-	+	.	-	-	+	-	-	+	.	.	-	-	.
o̟	.	-	+	-	-	-	+	+	.	+	-	-	-	-	+	+	-	-	.	.	.	+	-	-	-	.	+	-	-	+	-	-	-	.	.	-	-	.
o̟ˑ	.	-	+	+	+	-	+	+	.	+	-	-	-	-	+	+	-	-	.	.	.	+	-	-	-	.	+	-	-	+	-	-	-	.	.	-	-	.
o̟̞	.	-	+	-	-	-	+	+	.	+	-	-	-	-	+	+	-	-	.	.	.	+	-	-	-	.	.	-	-	+	-	-	-	.	.	-	-	.
o̠	.	-	+	-	-	-	+	+	.	+	-	-	-	-	+	+	-	-	-	+	.	+	-	-	-	+	+	-	-	+	-	-	-	.	.	-	-	.
o̤	.	-	+	-	-	-	+	+	.	+	-	-	-	-	+	+	-	-	.	.	.	+	-	-	-	+	+	-	-	+	-	+	-	.	.	-	-	.
o̤i̤	.	-	+	-	-	-	+	+	.	+	-	-	-	-	.	+	-	-	.	.	.	+	.	-	.	.	+	-	-	+	-	+	-	.	.	-	-	.
o̤ː	.	-	+	-	+	-	+	+	.	+	-	-	-	-	+	+	-	-	.	.	.	+	-	-	-	+	+	-	-	+	-	+	-	.	.	-	-	.
o̤ˑ	.	-	+	+	+	-	+	+	.	+	-	-	-	-	+	+	-	-	.	.	.	+	-	-	-	+	+	-	-	+	-	+	-	.	.	-	-	.
o̯	.	-	-	-	-	-	+	+	.	+	-	-	-	-	+	+	-	-	.	.	.	+	-	-	-	+	+	-	-	+	-	-	-	.	.	-	-	.
o̯ä	.	-	.	-	-	-	+	+	.	+	-	-	-	-	.	+	-	-	.	.	.	+	-	.	-	.	+	-	-	+	-	-	-	.	.	-	-	.
o̰	.	-	+	-	-	-	+	+	.	+	-	-	-	-	+	+	-	-	.	.	.	+	-	-	-	+	+	-	-	+	-	-	+	.	.	-	-	.
o̰ː	.	-	+	-	+	-	+	+	.	+	-	-	-	-	+	+	-	-	.	.	.	+	-	-	-	+	+	-	-	+	-	-	+	.	.	-	-	.
o̰ˑ	.	-	+	+	+	-	+	+	.	+	-	-	-	-	+	+	-	-	.	.	.	+	-	-	-	+	+	-	-	+	-	-	+	.	.	-	-	.
õ̰	.	-	+	-	-	-	+	+	.	+	-	-	+	-	+	+	-	-	.	.	.	+	-	-	-	+	+	-	-	+	-	-	+	.	.	-	-	.
oᴱ	.	-	+	-	-	-	+	+	.	+	-	-	-	-	+	+	-	-	.	.	.	+	-	-	-	+	+	-	-	+	+	-	-	.	.	-	-	.
p	.	-	-	-	-	+	-	-	-	-	-	-	-	-	+	-	-	-	.	.	.	-	.	.	.	.	.	-	-	-	-	-	-	-	-	-	-	-
pf	.	-	-	-	-	+	-	-	+	-	-	-	-	-	+	-	+	-	.	.	.	-	.	.	.	.	.	-	-	-	-	-	-	-	-	-	-	-
pfʰ	.	-	-	-	-	+	-	-	+	-	-	-	-	-	+	-	+	-	.	.	.	-	.	.	.	.	.	-	-	-	-	+	-	-	-	-	-	-
pfʼ	.	-	-	-	-	+	-	-	+	-	-	-	-	-	+	-	+	-	.	.	.	-	.	.	.	.	.	-	-	-	-	-	+	-	-	+	-	-
pkʰ	.	-	-	-	-	+	-	-	-	-	-	-	-	-	.	-	-	-	.	.	.	.	+	-	-	-	.	-	-	-	-	.	-	-	-	-	-	-
pm	.	-	-	-	-	+	.	-	-	-	-	-	.	-	+	-	-	-	.	.	.	-	.	.	.	.	.	-	-	.	-	-	-	-	-	-	-	-
ps	.	-	-	-	-	+	-	.	.	-	-	-	-	-	.	-	-	.	+	-	+	-	.	.	.	.	.	-	-	-	-	-	-	-	-	-	-	-
psʰ	.	-	-	-	-	+	-	.	.	-	-	-	-	-	.	-	-	.	+	-	+	-	.	.	.	.	.	-	-	-	-	.	-	-	-	-	-	-
psʷ	.	-	-	-	-	+	-	.	.	-	-	-	-	-	.	.	-	.	+	-	+	-	.	.	.	.	.	-	-	-	-	-	-	-	-	-	-	-
psʷʰ	.	-	-	-	-	+	-	.	.	-	-	-	-	-	.	.	-	.	+	-	+	-	.	.	.	.	.	-	-	-	-	.	-	-	-	-	-	-
pt	.	-	-	-	-	+	-	-	-	-	-	-	-	-	.	-	-	.	+	-	-	-	.	.	.	.	.	-	-	-	-	-	-	-	-	-	-	-
pɦ	.	-	-	-	-	.	-	.	.	-	-	-	-	-	.	-	-	-	.	.	.	-	.	.	.	.	.	-	-	.	-	.	-	-	-	-	-	-
pɸ	.	-	-	-	-	+	-	-	+	-	-	-	-	-	+	-	-	-	.	.	.	-	.	.	.	.	.	-	-	-	-	-	-	-	-	-	-	-
pɾ	.	-	-	-	-	+	.	.	-	.	.	-	-	-	.	-	-	.	+	-	-	-	.	.	.	.	.	-	-	.	-	-	-	-	-	-	-	-
pʃʰ	.	-	-	-	-	+	-	.	.	-	-	-	-	-	.	-	-	.	-	+	+	-	.	.	.	.	.	-	-	-	-	.	-	-	-	-	-	-
pʃʼ	.	-	-	-	-	+	-	.	.	-	-	-	-	-	.	-	-	.	-	+	+	-	.	.	.	.	.	-	-	-	-	-	.	-	-	.	-	-
pʰ	.	-	-	-	-	+	-	-	-	-	-	-	-	-	+	-	-	-	.	.	.	-	.	.	.	.	.	-	-	-	-	+	-	-	-	-	-	-
pʰː	.	-	-	-	+	+	-	-	-	-	-	-	-	-	+	-	-	-	.	.	.	-	.	.	.	.	.	-	-	-	-	+	-	-	-	-	-	-
pʲ	.	-	-	-	-	+	-	-	-	-	-	-	-	-	+	-	-	-	.	.	.	.	+	-	+	-	.	-	-	-	-	-	-	-	-	-	-	-
pʲʰ	.	-	-	-	-	+	-	-	-	-	-	-	-	-	+	-	-	-	.	.	.	.	+	-	+	-	.	-	-	-	-	+	-	-	-	-	-	-
pʲʼ	.	-	-	-	-	+	-	-	-	-	-	-	-	-	+	-	-	-	.	.	.	.	+	-	+	-	.	-	-	-	-	-	+	-	-	+	-	-
pʲː	.	-	-	-	+	+	-	-	-	-	-	-	-	-	+	-	-	-	.	.	.	.	+	-	+	-	.	-	-	-	-	-	-	-	-	-	-	-
pʷ	.	-	-	-	-	+	-	-	-	-	-	-	-	-	+	.	-	-	.	.	.	-	.	.	.	.	.	-	-	-	-	-	-	-	-	-	-	-
pʷʰ	.	-	-	-	-	+	-	-	-	-	-	-	-	-	+	.	-	-	.	.	.	-	.	.	.	.	.	-	-	-	-	+	-	-	-	-	-	-
pʷʼ	.	-	-	-	-	+	-	-	-	-	-	-	-	-	+	.	-	-	.	.	.	-	.	.	.	.	.	-	-	-	-	-	+	-	-	+	-	-
pʷˠ	.	-	-	-	-	+	-	-	-	-	-	-	-	-	+	.	-	-	.	.	.	.	+	-	-	-	.	-	-	-	-	-	-	-	-	-	-	-
pʷˠʰ	.	-	-	-	-	+	-	-	-	-	-	-	-	-	+	.	-	-	.	.	.	.	+	-	-	-	.	-	-	-	-	+	-	-	-	-	-	-
pʷˠː	.	-	-	-	+	+	-	-	-	-	-	-	-	-	+	.	-	-	.	.	.	.	+	-	-	-	.	-	-	-	-	-	-	-	-	-	-	-
pʼ	.	-	-	-	-	+	-	-	-	-	-	-	-	-	+	-	-	-	.	.	.	-	.	.	.	.	.	-	-	-	-	-	+	-	-	+	-	-
pʼkxʼ	.	-	-	-	-	+	-	-	.	-	-	-	-	-	.	-	-	-	.	.	.	.	+	-	-	-	.	-	-	-	-	-	+	-	-	+	-	-
pʼː	.	-	-	-	+	+	-	-	-	-	-	-	-	-	+	-	-	-	.	.	.	-	.	.	.	.	.	-	-	-	-	-	+	-	-	+	-	-
pˀ	.	-	-	-	-	+	-	-	-	-	-	-	-	-	+	-	-	-	.	.	.	-	.	.	.	.	.	-	-	-	-	-	+	-	-	-	-	-
pː	.	-	-	-	+	+	-	-	-	-	-	-	-	-	+	-	-	-	.	.	.	-	.	.	.	.	.	-	-	-	-	-	-	-	-	-	-	-
pˑ	.	-	-	+	+	+	-	-	-	-	-	-	-	-	+	-	-	-	.	.	.	-	.	.	.	.	.	-	-	-	-	-	-	-	-	-	-	-
p˞	.	-	-	-	-	+	-	-	-	-	-	-	-	-	+	-	-	+	+	+	+	+	.	.	.	.	.	-	-	-	-	-	-	-	-	-	-	-
p˞ʰ	.	-	-	-	-	+	-	-	-	-	-	-	-	-	+	-	-	+	+	+	+	+	.	.	.	.	.	-	-	-	-	+	-	-	-	-	-	-
pˠ	.	-	-	-	-	+	-	-	-	-	-	-	-	-	+	-	-	-	.	.	.	.	+	-	-	-	.	-	-	-	-	-	-	-	-	-	-	-
pˠʰ	.	-	-	-	-	+	-	-	-	-	-	-	-	-	+	-	-	-	.	.	.	.	+	-	-	-	.	-	-	-	-	+	-	-	-	-	-	-
pˤ	.	-	-	-	-	+	-	-	-	-	-	-	-	-	+	-	-	-	.	.	.	-	.	.	.	.	.	.	-	-	-	-	-	-	-	-	-	-
pˤʰ	.	-	-	-	-	+	-	-	-	-	-	-	-	-	+	-	-	-	.	.	.	-	.	.	.	.	.	.	-	-	-	+	-	-	-	-	-	-
p̰	.	-	-	-	-	+	-	-	-	-	-	-	-	-	+	-	-	-	.	.	.	-	.	.	.	.	.	-	-	+	-	-	+	-	-	-	-	-
p̻	.	-	-	-	-	+	-	-	-	-	-	-	-	-	+	-	-	+	.	+	.	-	.	.	.	.	.	-	-	-	-	-	-	-	-	-	-	-
p̼	.	-	-	-	-	+	-	-	-	-	-	-	-	-	+	-	-	+	.	.	.	-	.	.	.	.	.	-	-	-	-	-	-	-	-	-	-	-
p͈	.	-	-	-	-	+	-	-	-	-	-	-	-	-	+	-	-	-	.	.	.	-	.	.	.	.	.	-	-	-	-	-	-	+	-	-	-	-
p͈ː	.	-	-	-	+	+	-	-	-	-	-	-	-	-	+	-	-	-	.	.	.	-	.	.	.	.	.	-	-	-	-	-	-	+	-	-	-	-
p͉	.	-	-	-	-	+	-	-	-	-	-	-	-	-	+	-	-	-	.	.	.	-	.	.	.	.	.	-	-	-	-	-	-	-	+	-	-	-
p͉ʲ	.	-	-	-	-	+	-	-	-	-	-	-	-	-	+	-	-	-	.	.	.	.	+	-	+	-	.	-	-	-	-	-	-	-	+	-	-	-
q	.	-	-	-	-	+	-	-	-	-	-	-	-	-	-	.	.	-	.	.	.	+	-	-	-	+	.	-	-	-	-	-	-	-	-	-	-	-
qm	.	-	-	-	-	+	.	-	-	-	-	-	.	-	.	-	-	-	.	.	.	.	-	-	-	+	.	-	-	.	-	-	-	-	-	-	-	-
qn	.	-	-	-	-	+	.	-	-	-	-	-	.	-	-	.	.	.	+	-	-	.	-	-	-	+	.	-	-	.	-	-	-	-	-	-	-	-
qǀ	.	-	-	-	-	+	-	-	-	-	-	-	-	-	-	.	.	+	+	+	-	+	-	-	-	+	.	-	-	-	-	-	-	-	-	-	-	+
qǀʼ	.	-	-	-	-	+	-	-	-	-	-	-	-	-	-	.	.	+	+	+	-	+	-	-	-	+	.	-	-	-	-	-	+	-	-	+	-	+
qǁ	.	-	-	-	-	+	-	-	-	-	-	-	-	+	-	.	.	+	+	-	-	+	-	-	-	+	.	-	-	-	-	-	-	-	-	-	-	+
qǁʼ	.	-	-	-	-	+	-	-	-	-	-	-	-	+	-	.	.	+	+	-	-	+	-	-	-	+	.	-	-	-	-	-	+	-	-	+	-	+
qǂ	.	-	-	-	-	+	-	-	-	-	-	-	-	-	-	.	.	+	-	+	-	+	-	-	-	+	.	-	-	-	-	-	-	-	-	-	-	+
qǂʼ	.	-	-	-	-	+	-	-	-	-	-	-	-	-	-	.	.	+	-	+	-	+	-	-	-	+	.	-	-	-	-	-	+	-	-	+	-	+
qǃ	.	-	-	-	-	+	-	-	-	-	-	-	-	-	-	.	.	+	+	-	-	+	-	-	-	+	.	-	-	-	-	-	-	-	-	-	-	+
qǃʼ	.	-	-	-	-	+	-	-	-	-	-	-	-	-	-	.	.	+	+	-	-	+	-	-	-	+	.	-	-	-	-	-	+	-	-	+	-	+
qʘ	.	-	-	-	-	+	-	-	-	-	-	-	-	-	+	-	-	-	.	.	.	+	-	-	-	+	.	-	-	-	-	-	-	-	-	-	-	+
qʘʼ	.	-	-	-	-	+	-	-	-	-	-	-	-	-	+	-	-	-	.	.	.	+	-	-	-	+	.	-	-	-	-	-	+	-	-	+	-	+
qʰ	.	-	-	-	-	+	-	-	-	-	-	-	-	-	-	.	.	-	.	.	.	+	-	-	-	+	.	-	-	-	-	+	-	-	-	-	-	-
qʲ	.	-	-	-	-	+	-	-	-	-	-	-	-	-	-	.	.	-	.	.	.	+	.	-	.	.	.	-	-	-	-	-	-	-	-	-	-	-
qʲʰ	.	-	-	-	-	+	-	-	-	-	-	-	-	-	-	.	.	-	.	.	.	+	.	-	.	.	.	-	-	-	-	+	-	-	-	-	-	-
qʲʼ	.	-	-	-	-	+	-	-	-	-	-	-	-	-	-	.	.	-	.	.	.	+	.	-	.	.	.	-	-	-	-	-	+	-	-	+	-	-
qʷ	.	-	-	-	-	+	-	-	-	-	-	-	-	-	.	+	-	-	.	.	.	+	-	-	-	+	.	-	-	-	-	-	-	-	-	-	-	-
qʷʰ	.	-	-	-	-	+	-	-	-	-	-	-	-	-	.	+	-	-	.	.	.	+	-	-	-	+	.	-	-	-	-	+	-	-	-	-	-	-
qʷʲ	.	-	-	-	-	+	-	-	-	-	-	-	-	-	.	+	-	-	.	.	.	+	.	-	.	.	.	-	-	-	-	-	-	-	-	-	-	-
qʷʲʰ	.	-	-	-	-	+	-	-	-	-	-	-	-	-	.	+	-	-	.	.	.	+	.	-	.	.	.	-	-	-	-	+	-	-	-	-	-	-
qʷʲʼ	.	-	-	-	-	+	-	-	-	-	-	-	-	-	.	+	-	-	.	.	.	+	.	-	.	.	.	-	-	-	-	-	+	-	-	+	-	-
qʷʼ	.	-	-	-	-	+	-	-	-	-	-	-	-	-	.	+	-	-	.	.	.	+	-	-	-	+	.	-	-	-	-	-	+	-	-	+	-	-
qʷʼː	.	-	-	-	+	+	-	-	-	-	-	-	-	-	.	+	-	-	.	.	.	+	-	-	-	+	.	-	-	-	-	-	+	-	-	+	-	-
qʷˀ	.	-	-	-	-	+	-	-	-	-	-	-	-	-	.	+	-	-	.	.	.	+	-	-	-	+	.	-	-	-	-	-	+	-	-	-	-	-
qʷː	.	-	-	-	+	+	-	-	-	-	-	-	-	-	.	+	-	-	.	.	.	+	-	-	-	+	.	-	-	-	-	-	-	-	-	-	-	-
qʷˤʰ	.	-	-	-	-	+	-	-	-	-	-	-	-	-	.	+	-	-	.	.	.	+	-	-	-	+	.	.	-	-	-	+	-	-	-	-	-	-
qʷˤʼ	.	-	-	-	-	+	-	-	-	-	-	-	-	-	.	+	-	-	.	.	.	+	-	-	-	+	.	.	-	-	-	-	+	-	-	+	-	-
qʼ	.	-	-	-	-	+	-	-	-	-	-	-	-	-	-	.	.	-	.	.	.	+	-	-	-	+	.	-	-	-	-	-	+	-	-	+	-	-
qʼː	.	-	-	-	+	+	-	-	-	-	-	-	-	-	-	.	.	-	.	.	.	+	-	-	-	+	.	-	-	-	-	-	+	-	-	+	-	-
qˀ	.	-	-	-	-	+	-	-	-	-	-	-	-	-	-	.	.	-	.	.	.	+	-	-	-	+	.	-	-	-	-	-	+	-	-	-	-	-
qː	.	-	-	-	+	+	-	-	-	-	-	-	-	-	-	.	.	-	.	.	.	+	-	-	-	+	.	-	-	-	-	-	-	-	-	-	-	-
qˤ	.	-	-	-	-	+	-	-	-	-	-	-	-	-	-	.	.	-	.	.	.	+	-	-	-	+	.	.	-	-	-	-	-	-	-	-	-	-
qˤʰ	.	-	-	-	-	+	-	-	-	-	-	-	-	-	-	.	.	-	.	.	.	+	-	-	-	+	.	.	-	-	-	+	-	-	-	-	-	-
qˤʼ	.	-	-	-	-	+	-	-	-	-	-	-	-	-	-	.	.	-	.	.	.	+	-	-	-	+	.	.	-	-	-	-	+	-	-	+	-	-
q̰	.	-	-	-	-	+	-	-	-	-	-	-	-	-	-	.	.	-	.	.	.	+	-	-	-	+	.	-	-	+	-	-	+	-	-	-	-	-
q̰ʷ	.	-	-	-	-	+	-	-	-	-	-	-	-	-	.	+	-	-	.	.	.	+	-	-	-	+	.	-	-	+	-	-	+	-	-	-	-	-
q̺	.	-	-	-	-	+	-	-	-	-	-	-	-	-	-	.	.	+	.	-	.	+	-	-	-	+	.	-	-	-	-	-	-	-	-	-	-	-
q͈	.	-	-	-	-	+	-	-	-	-	-	-	-	-	-	.	.	-	.	.	.	+	-	-	-	+	.	-	-	-	-	-	-	+	-	-	-	-
q͈ʷ	.	-	-	-	-	+	-	-	-	-	-	-	-	-	.	+	-	-	.	.	.	+	-	-	-	+	.	-	-	-	-	-	-	+	-	-	-	-
qχ	.	-	-	-	-	+	-	-	+	-	-	-	-	-	-	.	.	-	.	.	.	+	-	-	-	+	.	-	-	-	-	-	-	-	-	-	-	-
qχʰ	.	-	-	-	-	+	-	-	+	-	-	-	-	-	-	.	.	-	.	.	.	+	-	-	-	+	.	-	-	-	-	+	-	-	-	-	-	-
qχʰː	.	-	-	-	+	+	-	-	+	-	-	-	-	-	-	.	.	-	.	.	.	+	-	-	-	+	.	-	-	-	-	+	-	-	-	-	-	-
qχʷ	.	-	-	-	-	+	-	-	+	-	-	-	-	-	.	+	-	-	.	.	.	+	-	-	-	+	.	-	-	-	-	-	-	-	-	-	-	-
qχʷʼ	.	-	-	-	-	+	-	-	+	-	-	-	-	-	.	+	-	-	.	.	.	+	-	-	-	+	.	-	-	-	-	-	+	-	-	+	-	-
qχʷˤ	.	-	-	-	-	+	-	-	+	-	-	-	-	-	.	+	-	-	.	.	.	+	-	-	-	+	.	.	-	-	-	-	-	-	-	-	-	-
qχʷˤʼ	.	-	-	-	-	+	-	-	+	-	-	-	-	-	.	+	-	-	.	.	.	+	-	-	-	+	.	.	-	-	-	-	+	-	-	+	-	-
qχʼ	.	-	-	-	-	+	-	-	+	-	-	-	-	-	-	.	.	-	.	.	.	+	-	-	-	+	.	-	-	-	-	-	+	-	-	+	-	-
qχʼː	.	-	-	-	+	+	-	-	+	-	-	-	-	-	-	.	.	-	.	.	.	+	-	-	-	+	.	-	-	-	-	-	+	-	-	+	-	-
qχː	.	-	-	-	+	+	-	-	+	-	-	-	-	-	-	.	.	-	.	.	.	+	-	-	-	+	.	-	-	-	-	-	-	-	-	-	-	-
qχˤ	.	-	-	-	-	+	-	-	+	-	-	-	-	-	-	.	.	-	.	.	.	+	-	-	-	+	.	.	-	-	-	-	-	-	-	-	-	-
qχˤʼ	.	-	-	-	-	+	-	-	+	-	-	-	-	-	-	.	.	-	.	.	.	+	-	-	-	+	.	.	-	-	-	-	+	-	-	+	-	-
qχˤː	.	-	-	-	+	+	-	-	+	-	-	-	-	-	-	.	.	-	.	.	.	+	-	-	-	+	.	.	-	-	-	-	-	-	-	-	-	-
r	.	-	-	-	-	+	+	+	.	+	-	+	-	-	-	.	.	+	+	-	-	-	.	.	.	.	.	-	-	+	-	-	-	-	-	-	-	-
rʰ	.	-	-	-	-	+	+	+	.	+	-	+	-	-	-	.	.	+	+	-	-	-	.	.	.	.	.	-	-	-	-	+	-	-	-	-	-	-
rʱ	.	-	-	-	-	+	+	+	.	+	-	+	-	-	-	.	.	+	+	-	-	-	.	.	.	.	.	-	-	+	-	+	-	-	-	-	-	-
rʲ	.	-	-	-	-	+	+	+	.	+	-	+	-	-	-	.	.	+	+	-	-	.	+	-	+	-	.	-	-	+	-	-	-	-	-	-	-	-
rʲː	.	-	-	-	+	+	+	+	.	+	-	+	-	-	-	.	.	+	+	-	-	.	+	-	+	-	.	-	-	+	-	-	-	-	-	-	-	-
rʷ	.	-	-	-	-	+	+	+	.	+	-	+	-	-	.	+	-	+	+	-	-	-	.	.	.	.	.	-	-	+	-	-	-	-	-	-	-	-
rʼ	.	-	-	-	-	+	+	+	.	+	-	+	-	-	-	.	.	+	+	-	-	-	.	.	.	.	.	-	-	-	-	-	+	-	-	+	-	-
rʼː	.	-	-	-	+	+	+	+	.	+	-	+	-	-	-	.	.	+	+	-	-	-	.	.	.	.	.	-	-	-	-	-	+	-	-	+	-	-
rˀ	.	-	-	-	-	+	+	+	.	+	-	+	-	-	-	.	.	+	+	-	-	-	.	.	.	.	.	-	-	+	-	-	+	-	-	-	-	-
rː	.	-	-	-	+	+	+	+	.	+	-	+	-	-	-	.	.	+	+	-	-	-	.	.	.	.	.	-	-	+	-	-	-	-	-	-	-	-
rˑ	.	-	-	+	+	+	+	+	.	+	-	+	-	-	-	.	.	+	+	-	-	-	.	.	.	.	.	-	-	+	-	-	-	-	-	-	-	-
rˤ	.	-	-	-	-	+	+	+	.	+	-	+	-	-	-	.	.	+	+	-	-	-	.	.	.	.	.	.	-	+	-	-	-	-	-	-	-	-
rˤː	.	-	-	-	+	+	+	+	.	+	-	+	-	-	-	.	.	+	+	-	-	-	.	.	.	.	.	.	-	+	-	-	-	-	-	-	-	-
r̃	.	-	-	-	-	+	+	+	.	+	-	+	+	-	-	.	.	+	+	-	-	-	.	.	.	.	.	-	-	+	-	-	-	-	-	-	-	-
r̝	.	-	-	-	-	+	+	+	+	+	-	+	-	-	-	.	.	+	+	-	-	-	.	.	.	.	.	-	-	+	-	-	-	-	-	-	-	-
r̟	.	-	-	-	-	+	+	+	.	+	-	+	-	-	-	.	.	+	+	-	-	-	.	.	.	.	.	-	-	+	-	-	-	-	-	-	-	-
r̠	.	-	-	-	-	+	+	+	.	+	-	+	-	-	-	.	.	+	-	+	-	-	.	.	.	.	.	-	-	+	-	-	-	-	-	-	-	-
r̠ʲ	.	-	-	-	-	+	+	+	.	+	-	+	-	-	-	.	.	+	-	+	-	.	+	-	+	-	.	-	-	+	-	-	-	-	-	-	-	-
r̠̙	.	-	-	-	-	+	+	+	.	+	-	+	-	-	-	.	.	+	-	+	-	-	.	.	.	.	.	+	-	+	-	-	-	-	-	-	-	-
r̤	.	-	-	-	-	+	+	+	.	+	-	+	-	-	-	.	.	+	+	-	-	-	.	.	.	.	.	-	-	+	-	+	-	-	-	-	-	-
r̥	.	-	-	-	-	+	+	+	.	+	-	+	-	-	-	.	.	+	+	-	-	-	.	.	.	.	.	-	-	-	-	-	-	-	-	-	-	-
r̥ʲ	.	-	-	-	-	+	+	+	.	+	-	+	-	-	-	.	.	+	+	-	-	.	+	-	+	-	.	-	-	-	-	-	-	-	-	-	-	-
r̥ʲː	.	-	-	-	+	+	+	+	.	+	-	+	-	-	-	.	.	+	+	-	-	.	+	-	+	-	.	-	-	-	-	-	-	-	-	-	-	-
r̥ː	.	-	-	-	+	+	+	+	.	+	-	+	-	-	-	.	.	+	+	-	-	-	.	.	.	.	.	-	-	-	-	-	-	-	-	-	-	-
r̩	.	-	+	-	-	+	+	+	.	+	-	+	-	-	-	.	.	+	+	-	-	-	.	.	.	.	.	-	-	+	-	-	-	-	-	-	-	-
r̪	.	-	-	-	-	+	+	+	.	+	-	+	-	-	-	.	.	+	+	+	-	-	.	.	.	.	.	-	-	+	-	-	-	-	-	-	-	-
r̪|r	.	-	-	-	-	+	+	+	.	+	-	+	-	-	-	.	.	+	+	.	-	-	.	.	.	.	.	-	-	+	-	-	-	-	-	-	-	-
r̪ʲ	.	-	-	-	-	+	+	+	.	+	-	+	-	-	-	.	.	+	+	+	-	.	+	-	+	-	.	-	-	+	-	-	-	-	-	-	-	-
r̪ʲ|rʲ	.	-	-	-	-	+	+	+	.	+	-	+	-	-	-	.	.	+	+	.	-	.	+	-	+	-	.	-	-	+	-	-	-	-	-	-	-	-
r̪ː	.	-	-	-	+	+	+	+	.	+	-	+	-	-	-	.	.	+	+	+	-	-	.	.	.	.	.	-	-	+	-	-	-	-	-	-	-	-
r̪ˠ|rˠ	.	-	-	-	-	+	+	+	.	+	-	+	-	-	-	.	.	+	+	.	-	.	+	-	-	-	.	-	-	+	-	-	-	-	-	-	-	-
r̪ˤ	.	-	-	-	-	+	+	+	.	+	-	+	-	-	-	.	.	+	+	+	-	-	.	.	.	.	.	.	-	+	-	-	-	-	-	-	-	-
r̪ˤ|rˤ	.	-	-	-	-	+	+	+	.	+	-	+	-	-	-	.	.	+	+	.	-	-	.	.	.	.	.	.	-	+	-	-	-	-	-	-	-	-
r̪ˤː	.	-	-	-	+	+	+	+	.	+	-	+	-	-	-	.	.	+	+	+	-	-	.	.	.	.	.	.	-	+	-	-	-	-	-	-	-	-
r̪̥|r̥	.	-	-	-	-	+	+	+	.	+	-	+	-	-	-	.	.	+	+	.	-	-	.	.	.	.	.	-	-	-	-	-	-	-	-	-	-	-
r̪̰|r̰	.	-	-	-	-	+	+	+	.	+	-	+	-	-	-	.	.	+	+	.	-	-	.	.	.	.	.	-	-	+	-	-	+	-	-	-	-	-
r̪͓|r͓	.	-	-	-	-	+	+	+	+	+	-	+	-	-	-	.	.	+	+	.	-	-	.	.	.	.	.	-	-	+	-	-	-	-	-	-	-	-
r̰	.	-	-	-	-	+	+	+	.	+	-	+	-	-	-	.	.	+	+	-	-	-	.	.	.	.	.	-	-	+	-	-	+	-	-	-	-	-
r̺	.	-	-	-	-	+	+	+	.	+	-	+	-	-	-	.	.	+	+	-	-	-	.	.	.	.	.	-	-	+	-	-	-	-	-	-	-	-
r̺ʲ	.	-	-	-	-	+	+	+	.	+	-	+	-	-	-	.	.	+	+	-	-	.	+	-	+	-	.	-	-	+	-	-	-	-	-	-	-	-
r̺̥	.	-	-	-	-	+	+	+	.	+	-	+	-	-	-	.	.	+	+	-	-	-	.	.	.	.	.	-	-	-	-	-	-	-	-	-	-	-
r̺͈	.	-	-	-	-	+	+	+	.	+	-	+	-	-	-	.	.	+	+	-	-	-	.	.	.	.	.	-	-	+	-	-	-	+	-	-	-	-
r͈ː	.	-	-	-	+	+	+	+	.	+	-	+	-	-	-	.	.	+	+	-	-	-	.	.	.	.	.	-	-	+	-	-	-	+	-	-	-	-
rᶣ	.	-	-	-	-	+	+	+	.	+	-	+	-	-	.	+	-	+	+	-	-	.	+	-	+	-	.	-	-	+	-	-	-	-	-	-	-	-
s	.	-	-	-	-	+	-	+	+	-	-	-	-	-	-	.	.	+	+	-	+	-	.	.	.	.	.	-	-	-	-	-	-	-	-	-	-	-
st	.	-	-	-	-	+	-	.	.	-	-	-	-	-	-	.	.	+	+	-	.	-	.	.	.	.	.	-	-	-	-	-	-	-	-	-	-	-
sɾ	.	-	-	-	-	+	.	+	+	.	.	-	-	-	-	.	.	+	+	-	.	-	.	.	.	.	.	-	-	.	-	-	-	-	-	-	-	-
sʰ	.	-	-	-	-	+	-	+	+	-	-	-	-	-	-	.	.	+	+	-	+	-	.	.	.	.	.	-	-	-	-	+	-	-	-	-	-	-
sʲ	.	-	-	-	-	+	-	+	+	-	-	-	-	-	-	.	.	+	+	-	+	.	+	-	+	-	.	-	-	-	-	-	-	-	-	-	-	-
sʲʰ	.	-	-	-	-	+	-	+	+	-	-	-	-	-	-	.	.	+	+	-	+	.	+	-	+	-	.	-	-	-	-	+	-	-	-	-	-	-
sʲː	.	-	-	-	+	+	-	+	+	-	-	-	-	-	-	.	.	+	+	-	+	.	+	-	+	-	.	-	-	-	-	-	-	-	-	-	-	-
sʲˑ	.	-	-	+	+	+	-	+	+	-	-	-	-	-	-	.	.	+	+	-	+	.	+	-	+	-	.	-	-	-	-	-	-	-	-	-	-	-
sʷ	.	-	-	-	-	+	-	+	+	-	-	-	-	-	.	+	-	+	+	-	+	-	.	.	.	.	.	-	-	-	-	-	-	-	-	-	-	-
sʷʲ	.	-	-	-	-	+	-	+	+	-	-	-	-	-	.	+	-	+	+	-	+	.	+	-	+	-	.	-	-	-	-	-	-	-	-	-	-	-
sʼ	.	-	-	-	-	+	-	+	+	-	-	-	-	-	-	.	.	+	+	-	+	-	.	.	.	.	.	-	-	-	-	-	+	-	-	+	-	-
sʼː	.	-	-	-	+	+	-	+	+	-	-	-	-	-	-	.	.	+	+	-	+	-	.	.	.	.	.	-	-	-	-	-	+	-	-	+	-	-
sˀ	.	-	-	-	-	+	-	+	+	-	-	-	-	-	-	.	.	+	+	-	+	-	.	.	.	.	.	-	-	-	-	-	+	-	-	-	-	-
sː	.	-	-	-	+	+	-	+	+	-	-	-	-	-	-	.	.	+	+	-	+	-	.	.	.	.	.	-	-	-	-	-	-	-	-	-	-	-
sˑ	.	-	-	+	+	+	-	+	+	-	-	-	-	-	-	.	.	+	+	-	+	-	.	.	.	.	.	-	-	-	-	-	-	-	-	-	-	-
sˠ	.	-	-	-	-	+	-	+	+	-	-	-	-	-	-	.	.	+	+	-	+	.	+	-	-	-	.	-	-	-	-	-	-	-	-	-	-	-
sˤ	.	-	-	-	-	+	-	+	+	-	-	-	-	-	-	.	.	+	+	-	+	-	.	.	.	.	.	.	-	-	-	-	-	-	-	-	-	-
sˤː	.	-	-	-	+	+	-	+	+	-	-	-	-	-	-	.	.	+	+	-	+	-	.	.	.	.	.	.	-	-	-	-	-	-	-	-	-	-
s̙ˤ	.	-	-	-	-	+	-	+	+	-	-	-	-	-	-	.	.	+	+	-	+	-	.	.	.	.	.	+	-	-	-	-	-	-	-	-	-	-
s̟	.	-	-	-	-	+	-	+	+	-	-	-	-	-	-	.	.	+	+	-	+	-	.	.	.	.	.	-	-	-	-	-	-	-	-	-	-	-
s̠	.	-	-	-	-	+	-	+	+	-	-	-	-	-	-	.	.	+	-	+	+	-	.	.	.	.	.	-	-	-	-	-	-	-	-	-	-	-
s̩	.	-	+	-	-	+	-	+	+	-	-	-	-	-	-	.	.	+	+	-	+	-	.	.	.	.	.	-	-	-	-	-	-	-	-	-	-	-
s̪	.	-	-	-	-	+	-	+	+	-	-	-	-	-	-	.	.	+	+	+	+	-	.	.	.	.	.	-	-	-	-	-	-	-	-	-	-	-
s̪|s	.	-	-	-	-	+	-	+	+	-	-	-	-	-	-	.	.	+	+	.	+	-	.	.	.	.	.	-	-	-	-	-	-	-	-	-	-	-
s̪ʰ|sʰ	.	-	-	-	-	+	-	+	+	-	-	-	-	-	-	.	.	+	+	.	+	-	.	.	.	.	.	-	-	-	-	+	-	-	-	-	-	-
s̪ʲ	.	-	-	-	-	+	-	+	+	-	-	-	-	-	-	.	.	+	+	+	+	.	+	-	+	-	.	-	-	-	-	-	-	-	-	-	-	-
s̪ʲ|sʲ	.	-	-	-	-	+	-	+	+	-	-	-	-	-	-	.	.	+	+	.	+	.	+	-	+	-	.	-	-	-	-	-	-	-	-	-	-	-
s̪ʷ	.	-	-	-	-	+	-	+	+	-	-	-	-	-	.	+	-	+	+	+	+	-	.	.	.	.	.	-	-	-	-	-	-	-	-	-	-	-
s̪ʷ|sʷ	.	-	-	-	-	+	-	+	+	-	-	-	-	-	.	+	-	+	+	.	+	-	.	.	.	.	.	-	-	-	-	-	-	-	-	-	-	-
s̪ʷʲ	.	-	-	-	-	+	-	+	+	-	-	-	-	-	.	+	-	+	+	+	+	.	+	-	+	-	.	-	-	-	-	-	-	-	-	-	-	-
s̪ʷː|sʷː	.	-	-	-	+	+	-	+	+	-	-	-	-	-	.	+	-	+	+	.	+	-	.	.	.	.	.	-	-	-	-	-	-	-	-	-	-	-
s̪ʼ	.	-	-	-	-	+	-	+	+	-	-	-	-	-	-	.	.	+	+	+	+	-	.	.	.	.	.	-	-	-	-	-	+	-	-	+	-	-
s̪ʼ|sʼ	.	-	-	-	-	+	-	+	+	-	-	-	-	-	-	.	.	+	+	.	+	-	.	.	.	.	.	-	-	-	-	-	+	-	-	+	-	-
s̪ˀ	.	-	-	-	-	+	-	+	+	-	-	-	-	-	-	.	.	+	+	+	+	-	.	.	.	.	.	-	-	-	-	-	+	-	-	-	-	-
s̪ː	.	-	-	-	+	+	-	+	+	-	-	-	-	-	-	.	.	+	+	+	+	-	.	.	.	.	.	-	-	-	-	-	-	-	-	-	-	-
s̪ː|sː	.	-	-	-	+	+	-	+	+	-	-	-	-	-	-	.	.	+	+	.	+	-	.	.	.	.	.	-	-	-	-	-	-	-	-	-	-	-
s̪ˤ	.	-	-	-	-	+	-	+	+	-	-	-	-	-	-	.	.	+	+	+	+	-	.	.	.	.	.	.	-	-	-	-	-	-	-	-	-	-
s̪ˤ|sˤ	.	-	-	-	-	+	-	+	+	-	-	-	-	-	-	.	.	+	+	.	+	-	.	.	.	.	.	.	-	-	-	-	-	-	-	-	-	-
s̪ˤː	.	-	-	-	+	+	-	+	+	-	-	-	-	-	-	.	.	+	+	+	+	-	.	.	.	.	.	.	-	-	-	-	-	-	-	-	-	-
s̪̻	.	-	-	-	-	+	-	+	+	-	-	-	-	-	-	.	.	+	+	+	+	-	.	.	.	.	.	-	-	-	-	-	-	-	-	-	-	-
s̰	.	-	-	-	-	+	-	+	+	-	-	-	-	-	-	.	.	+	+	-	+	-	.	.	.	.	.	-	-	+	-	-	+	-	-	-	-	-
s̺	.	-	-	-	-	+	-	+	+	-	-	-	-	-	-	.	.	+	+	-	+	-	.	.	.	.	.	-	-	-	-	-	-	-	-	-	-	-
s̺ː	.	-	-	-	+	+	-	+	+	-	-	-	-	-	-	.	.	+	+	-	+	-	.	.	.	.	.	-	-	-	-	-	-	-	-	-	-	-
s̺̠	.	-	-	-	-	+	-	+	+	-	-	-	-	-	-	.	.	+	-	+	+	-	.	.	.	.	.	-	-	-	-	-	-	-	-	-	-	-
s̻	.	-	-	-	-	+	-	+	+	-	-	-	-	-	-	.	.	+	+	+	+	-	.	.	.	.	.	-	-	-	-	-	-	-	-	-	-	-
s̻ː	.	-	-	-	+	+	-	+	+	-	-	-	-	-	-	.	.	+	+	+	+	-	.	.	.	.	.	-	-	-	-	-	-	-	-	-	-	-
s̻̠	.	-	-	-	-	+	-	+	+	-	-	-	-	-	-	.	.	+	-	+	+	-	.	.	.	.	.	-	-	-	-	-	-	-	-	-	-	-
s̻θ	.	-	-	-	-	+	-	+	+	-	-	-	-	-	-	.	.	+	+	+	.	-	.	.	.	.	.	-	-	-	-	-	-	-	-	-	-	-
s͇	.	-	-	-	-	+	-	+	+	-	-	-	-	-	-	.	.	+	+	-	-	-	.	.	.	.	.	-	-	-	-	-	-	-	-	-	-	-
s͈	.	-	-	-	-	+	-	+	+	-	-	-	-	-	-	.	.	+	+	-	+	-	.	.	.	.	.	-	-	-	-	-	-	+	-	-	-	-
s͈ː	.	-	-	-	+	+	-	+	+	-	-	-	-	-	-	.	.	+	+	-	+	-	.	.	.	.	.	-	-	-	-	-	-	+	-	-	-	-
s͉	.	-	-	-	-	+	-	+	+	-	-	-	-	-	-	.	.	+	+	-	+	-	.	.	.	.	.	-	-	-	-	-	-	-	+	-	-	-
sᶣ	.	-	-	-	-	+	-	+	+	-	-	-	-	-	.	+	-	+	+	-	+	.	+	-	+	-	.	-	-	-	-	-	-	-	-	-	-	-
t	.	-	-	-	-	+	-	-	-	-	-	-	-	-	-	.	.	+	+	-	-	-	.	.	.	.	.	-	-	-	-	-	-	-	-	-	-	-
tl	.	-	-	-	-	+	.	.	-	.	-	-	-	.	-	.	.	+	+	-	-	-	.	.	.	.	.	-	-	.	-	-	-	-	-	-	-	-
tlʱ	.	-	-	-	-	+	.	.	-	.	-	-	-	.	-	.	.	+	+	-	-	-	.	.	.	.	.	-	-	.	-	.	-	-	-	-	-	-
tn	.	-	-	-	-	+	.	-	-	-	-	-	.	-	-	.	.	+	+	-	-	-	.	.	.	.	.	-	-	.	-	-	-	-	-	-	-	-
tr	.	-	-	-	-	+	.	.	-	.	-	.	-	-	-	.	.	+	+	-	-	-	.	.	.	.	.	-	-	.	-	-	-	-	-	-	-	-
ts	.	-	-	-	-	+	-	-	+	-	-	-	-	-	-	.	.	+	+	-	+	-	.	.	.	.	.	-	-	-	-	-	-	-	-	-	-	-
tsɦ	.	-	-	-	-	+	-	-	+	-	-	-	-	-	-	.	.	.	+	-	+	-	.	.	.	.	.	-	-	.	-	.	-	-	-	-	-	-
tsʰ	.	-	-	-	-	+	-	-	+	-	-	-	-	-	-	.	.	+	+	-	+	-	.	.	.	.	.	-	-	-	-	+	-	-	-	-	-	-
tsʰː	.	-	-	-	+	+	-	-	+	-	-	-	-	-	-	.	.	+	+	-	+	-	.	.	.	.	.	-	-	-	-	+	-	-	-	-	-	-
tsʲ	.	-	-	-	-	+	-	-	+	-	-	-	-	-	-	.	.	+	+	-	+	.	+	-	+	-	.	-	-	-	-	-	-	-	-	-	-	-
tsʲʰ	.	-	-	-	-	+	-	-	+	-	-	-	-	-	-	.	.	+	+	-	+	.	+	-	+	-	.	-	-	-	-	+	-	-	-	-	-	-
tsʲː	.	-	-	-	+	+	-	-	+	-	-	-	-	-	-	.	.	+	+	-	+	.	+	-	+	-	.	-	-	-	-	-	-	-	-	-	-	-
tsʷ	.	-	-	-	-	+	-	-	+	-	-	-	-	-	.	+	-	+	+	-	+	-	.	.	.	.	.	-	-	-	-	-	-	-	-	-	-	-
tsʷʰ	.	-	-	-	-	+	-	-	+	-	-	-	-	-	.	+	-	+	+	-	+	-	.	.	.	.	.	-	-	-	-	+	-	-	-	-	-	-
tsʷʼ	.	-	-	-	-	+	-	-	+	-	-	-	-	-	.	+	-	+	+	-	+	-	.	.	.	.	.	-	-	-	-	-	+	-	-	+	-	-
tsʼ	.	-	-	-	-	+	-	-	+	-	-	-	-	-	-	.	.	+	+	-	+	-	.	.	.	.	.	-	-	-	-	-	+	-	-	+	-	-
tsʼː	.	-	-	-	+	+	-	-	+	-	-	-	-	-	-	.	.	+	+	-	+	-	.	.	.	.	.	-	-	-	-	-	+	-	-	+	-	-
tsˀ	.	-	-	-	-	+	-	-	+	-	-	-	-	-	-	.	.	+	+	-	+	-	.	.	.	.	.	-	-	-	-	-	+	-	-	-	-	-
tsː	.	-	-	-	+	+	-	-	+	-	-	-	-	-	-	.	.	+	+	-	+	-	.	.	.	.	.	-	-	-	-	-	-	-	-	-	-	-
tsˠ	.	-	-	-	-	+	-	-	+	-	-	-	-	-	-	.	.	+	+	-	+	.	+	-	-	-	.	-	-	-	-	-	-	-	-	-	-	-
tsˤʰ	.	-	-	-	-	+	-	-	+	-	-	-	-	-	-	.	.	+	+	-	+	-	.	.	.	.	.	.	-	-	-	+	-	-	-	-	-	-
ts̪	.	-	-	-	-	+	-	-	+	-	-	-	-	-	-	.	.	+	+	+	+	-	.	.	.	.	.	-	-	-	-	-	-	-	-	-	-	-
ts̰	.	-	-	-	-	+	-	-	+	-	-	-	-	-	-	.	.	+	+	-	+	-	.	.	.	.	.	-	-	+	-	-	+	-	-	-	-	-
ts̺	.	-	-	-	-	+	-	-	+	-	-	-	-	-	-	.	.	+	+	-	+	-	.	.	.	.	.	-	-	-	-	-	-	-	-	-	-	-
ts̻	.	-	-	-	-	+	-	-	+	-	-	-	-	-	-	.	.	+	+	+	+	-	.	.	.	.	.	-	-	-	-	-	-	-	-	-	-	-
ts͇	.	-	-	-	-	+	-	-	+	-	-	-	-	-	-	.	.	+	+	-	-	-	.	.	.	.	.	-	-	-	-	-	-	-	-	-	-	-
ts͇ʰ	.	-	-	-	-	+	-	-	+	-	-	-	-	-	-	.	.	+	+	-	-	-	.	.	.	.	.	-	-	-	-	+	-	-	-	-	-	-
tx	.	-	-	-	-	+	-	.	.	-	-	-	-	-	-	.	.	.	+	-	-	.	+	-	-	-	.	-	-	-	-	-	-	-	-	-	-	-
tz̤̥	.	-	-	-	-	+	-	.	.	-	-	-	-	-	-	.	.	+	+	-	.	-	.	.	.	.	.	-	-	-	-	.	-	-	-	-	-	-
tɕ	.	-	-	-	-	+	-	.	.	-	-	-	-	-	-	.	.	+	+	.	.	.	+	-	+	-	.	-	-	-	-	-	-	-	-	-	-	-
tɕʰ	.	-	-	-	-	+	-	.	.	-	-	-	-	-	-	.	.	+	+	.	.	.	+	-	+	-	.	-	-	-	-	.	-	-	-	-	-	-
tɕʰː	.	-	-	-	.	+	-	.	.	-	-	-	-	-	-	.	.	+	+	.	.	.	+	-	+	-	.	-	-	-	-	.	-	-	-	-	-	-
tɕʷ	.	-	-	-	-	+	-	.	.	-	-	-	-	-	.	+	-	+	+	.	.	.	+	-	+	-	.	-	-	-	-	-	-	-	-	-	-	-
tɕʼ	.	-	-	-	-	+	-	.	.	-	-	-	-	-	-	.	.	+	+	.	.	.	+	-	+	-	.	-	-	-	-	-	.	-	-	.	-	-
tɕː	.	-	-	-	.	+	-	.	.	-	-	-	-	-	-	.	.	+	+	.	.	.	+	-	+	-	.	-	-	-	-	-	-	-	-	-	-	-
tɕᶣ	.	-	-	-	-	+	-	.	.	-	-	-	-	-	.	+	-	+	+	.	.	.	+	-	+	-	.	-	-	-	-	-	-	-	-	-	-	-
tɦ	.	-	-	-	-	.	-	.	.	-	-	-	-	-	-	.	.	.	+	-	-	-	.	.	.	.	.	-	-	.	-	.	-	-	-	-	-	-
tɬ	.	-	-	-	-	+	-	.	.	-	-	-	-	.	-	.	.	+	+	-	-	-	.	.	.	.	.	-	-	-	-	-	-	-	-	-	-	-
tɬʰ	.	-	-	-	-	+	-	.	.	-	-	-	-	.	-	.	.	+	+	-	-	-	.	.	.	.	.	-	-	-	-	.	-	-	-	-	-	-
tɬʰː	.	-	-	-	.	+	-	.	.	-	-	-	-	.	-	.	.	+	+	-	-	-	.	.	.	.	.	-	-	-	-	.	-	-	-	-	-	-
tɬʷʰ	.	-	-	-	-	+	-	.	.	-	-	-	-	.	.	+	-	+	+	-	-	-	.	.	.	.	.	-	-	-	-	.	-	-	-	-	-	-
tɬʷʼ	.	-	-	-	-	+	-	.	.	-	-	-	-	.	.	+	-	+	+	-	-	-	.	.	.	.	.	-	-	-	-	-	.	-	-	.	-	-
tɬʼ	.	-	-	-	-	+	-	.	.	-	-	-	-	.	-	.	.	+	+	-	-	-	.	.	.	.	.	-	-	-	-	-	.	-	-	.	-	-
tɬʼː	.	-	-	-	.	+	-	.	.	-	-	-	-	.	-	.	.	+	+	-	-	-	.	.	.	.	.	-	-	-	-	-	.	-	-	.	-	-
tɬː	.	-	-	-	.	+	-	.	.	-	-	-	-	.	-	.	.	+	+	-	-	-	.	.	.	.	.	-	-	-	-	-	-	-	-	-	-	-
tɬ̰	.	-	-	-	-	+	-	.	.	-	-	-	-	.	-	.	.	+	+	-	-	-	.	.	.	.	.	-	-	.	-	-	.	-	-	-	-	-
tɾ	.	-	-	-	-	+	.	.	-	.	.	-	-	-	-	.	.	+	+	-	-	-	.	.	.	.	.	-	-	.	-	-	-	-	-	-	-	-
tʰ	.	-	-	-	-	+	-	-	-	-	-	-	-	-	-	.	.	+	+	-	-	-	.	.	.	.	.	-	-	-	-	+	-	-	-	-	-	-
tʰʼ	.	-	-	-	-	+	-	-	-	-	-	-	-	-	-	.	.	+	+	-	-	-	.	.	.	.	.	-	-	-	-	-	+	-	-	+	-	-
tʰː	.	-	-	-	+	+	-	-	-	-	-	-	-	-	-	.	.	+	+	-	-	-	.	.	.	.	.	-	-	-	-	+	-	-	-	-	-	-
tʲ	.	-	-	-	-	+	-	-	-	-	-	-	-	-	-	.	.	+	+	-	-	.	+	-	+	-	.	-	-	-	-	-	-	-	-	-	-	-
tʲʰ	.	-	-	-	-	+	-	-	-	-	-	-	-	-	-	.	.	+	+	-	-	.	+	-	+	-	.	-	-	-	-	+	-	-	-	-	-	-
tʲʼ	.	-	-	-	-	+	-	-	-	-	-	-	-	-	-	.	.	+	+	-	-	.	+	-	+	-	.	-	-	-	-	-	+	-	-	+	-	-
tʲː	.	-	-	-	+	+	-	-	-	-	-	-	-	-	-	.	.	+	+	-	-	.	+	-	+	-	.	-	-	-	-	-	-	-	-	-	-	-
tʲˑ	.	-	-	+	+	+	-	-	-	-	-	-	-	-	-	.	.	+	+	-	-	.	+	-	+	-	.	-	-	-	-	-	-	-	-	-	-	-
tʷ	.	-	-	-	-	+	-	-	-	-	-	-	-	-	.	+	-	+	+	-	-	-	.	.	.	.	.	-	-	-	-	-	-	-	-	-	-	-
tʷʰ	.	-	-	-	-	+	-	-	-	-	-	-	-	-	.	+	-	+	+	-	-	-	.	.	.	.	.	-	-	-	-	+	-	-	-	-	-	-
tʷʼ	.	-	-	-	-	+	-	-	-	-	-	-	-	-	.	+	-	+	+	-	-	-	.	.	.	.	.	-	-	-	-	-	+	-	-	+	-	-
tʼ	.	-	-	-	-	+	-	-	-	-	-	-	-	-	-	.	.	+	+	-	-	-	.	.	.	.	.	-	-	-	-	-	+	-	-	+	-	-
tʼkxʼ	.	-	-	-	-	+	-	-	.	-	-	-	-	-	-	.	.	.	+	-	-	.	+	-	-	-	.	-	-	-	-	-	+	-	-	+	-	-
tʼː	.	-	-	-	+	+	-	-	-	-	-	-	-	-	-	.	.	+	+	-	-	-	.	.	.	.	.	-	-	-	-	-	+	-	-	+	-	-
tˀ	.	-	-	-	-	+	-	-	-	-	-	-	-	-	-	.	.	+	+	-	-	-	.	.	.	.	.	-	-	-	-	-	+	-	-	-	-	-
tː	.	-	-	-	+	+	-	-	-	-	-	-	-	-	-	.	.	+	+	-	-	-	.	.	.	.	.	-	-	-	-	-	-	-	-	-	-	-
tːs	.	-	-	-	+	+	-	-	+	-	-	-	-	-	-	.	.	+	+	-	+	-	.	.	.	.	.	-	-	-	-	-	-	-	-	-	-	-
tˑ	.	-	-	+	+	+	-	-	-	-	-	-	-	-	-	.	.	+	+	-	-	-	.	.	.	.	.	-	-	-	-	-	-	-	-	-	-	-
tˠ	.	-	-	-	-	+	-	-	-	-	-	-	-	-	-	.	.	+	+	-	-	.	+	-	-	-	.	-	-	-	-	-	-	-	-	-	-	-
tˤ	.	-	-	-	-	+	-	-	-	-	-	-	-	-	-	.	.	+	+	-	-	-	.	.	.	.	.	.	-	-	-	-	-	-	-	-	-	-
tˤː	.	-	-	-	+	+	-	-	-	-	-	-	-	-	-	.	.	+	+	-	-	-	.	.	.	.	.	.	-	-	-	-	-	-	-	-	-	-
t̟	.	-	-	-	-	+	-	-	-	-	-	-	-	-	-	.	.	+	+	-	-	-	.	.	.	.	.	-	-	-	-	-	-	-	-	-	-	-
t̟s̟	.	-	-	-	-	+	-	-	+	-	-	-	-	-	-	.	.	+	+	-	+	-	.	.	.	.	.	-	-	-	-	-	-	-	-	-	-	-
t̟ɕ̟	.	-	-	-	-	+	-	.	.	-	-	-	-	-	-	.	.	+	+	.	.	.	+	-	+	-	.	-	-	-	-	-	-	-	-	-	-	-
t̟ʃ̟	.	-	-	-	-	+	-	-	+	-	-	-	-	-	-	.	.	+	+	+	+	-	.	.	.	.	.	-	-	-	-	-	-	-	-	-	-	-
t̟ːɕ̟	.	-	-	-	.	+	-	.	.	-	-	-	-	-	-	.	.	+	+	.	.	.	+	-	+	-	.	-	-	-	-	-	-	-	-	-	-	-
t̠	.	-	-	-	-	+	-	-	-	-	-	-	-	-	-	.	.	+	-	+	-	-	.	.	.	.	.	-	-	-	-	-	-	-	-	-	-	-
t̠n̠	.	-	-	-	-	+	.	-	-	-	-	-	.	-	-	.	.	+	-	+	-	-	.	.	.	.	.	-	-	.	-	-	-	-	-	-	-	-
t̠s̠ʲʰ	.	-	-	-	-	+	-	-	+	-	-	-	-	-	-	.	.	+	-	+	+	.	+	-	+	-	.	-	-	-	-	+	-	-	-	-	-	-
t̠ʃ	.	-	-	-	-	+	-	-	+	-	-	-	-	-	-	.	.	+	-	+	+	-	.	.	.	.	.	-	-	-	-	-	-	-	-	-	-	-
t̠ʃx	.	-	-	-	-	+	-	.	+	-	-	-	-	-	-	.	.	.	-	+	+	.	+	-	-	-	.	-	-	-	-	-	-	-	-	-	-	-
t̠ʃɾ	.	-	-	-	-	+	.	.	+	.	.	-	-	-	-	.	.	+	.	.	.	-	.	.	.	.	.	-	-	.	-	-	-	-	-	-	-	-
t̠ʃʰ	.	-	-	-	-	+	-	-	+	-	-	-	-	-	-	.	.	+	-	+	+	-	.	.	.	.	.	-	-	-	-	+	-	-	-	-	-	-
t̠ʃʰː	.	-	-	-	+	+	-	-	+	-	-	-	-	-	-	.	.	+	-	+	+	-	.	.	.	.	.	-	-	-	-	+	-	-	-	-	-	-
t̠ʃʲ	.	-	-	-	-	+	-	-	+	-	-	-	-	-	-	.	.	+	-	+	+	.	+	-	+	-	.	-	-	-	-	-	-	-	-	-	-	-
t̠ʃʲʰ	.	-	-	-	-	+	-	-	+	-	-	-	-	-	-	.	.	+	-	+	+	.	+	-	+	-	.	-	-	-	-	+	-	-	-	-	-	-
t̠ʃʲː	.	-	-	-	+	+	-	-	+	-	-	-	-	-	-	.	.	+	-	+	+	.	+	-	+	-	.	-	-	-	-	-	-	-	-	-	-	-
t̠ʃʷ	.	-	-	-	-	+	-	-	+	-	-	-	-	-	.	+	-	+	-	+	+	-	.	.	.	.	.	-	-	-	-	-	-	-	-	-	-	-
t̠ʃʷʰ	.	-	-	-	-	+	-	-	+	-	-	-	-	-	.	+	-	+	-	+	+	-	.	.	.	.	.	-	-	-	-	+	-	-	-	-	-	-
t̠ʃʷʼ	.	-	-	-	-	+	-	-	+	-	-	-	-	-	.	+	-	+	-	+	+	-	.	.	.	.	.	-	-	-	-	-	+	-	-	+	-	-
t̠ʃʷː	.	-	-	-	+	+	-	-	+	-	-	-	-	-	.	+	-	+	-	+	+	-	.	.	.	.	.	-	-	-	-	-	-	-	-	-	-	-
t̠ʃʼ	.	-	-	-	-	+	-	-	+	-	-	-	-	-	-	.	.	+	-	+	+	-	.	.	.	.	.	-	-	-	-	-	+	-	-	+	-	-
t̠ʃʼː	.	-	-	-	+	+	-	-	+	-	-	-	-	-	-	.	.	+	-	+	+	-	.	.	.	.	.	-	-	-	-	-	+	-	-	+	-	-
t̠ʃˀ	.	-	-	-	-	+	-	-	+	-	-	-	-	-	-	.	.	+	-	+	+	-	.	.	.	.	.	-	-	-	-	-	+	-	-	-	-	-
t̠ʃː	.	-	-	-	+	+	-	-	+	-	-	-	-	-	-	.	.	+	-	+	+	-	.	.	.	.	.	-	-	-	-	-	-	-	-	-	-	-
t̠ʃˠ	.	-	-	-	-	+	-	-	+	-	-	-	-	-	-	.	.	+	-	+	+	.	+	-	-	-	.	-	-	-	-	-	-	-	-	-	-	-
t̠ʃˤ	.	-	-	-	-	+	-	-	+	-	-	-	-	-	-	.	.	+	-	+	+	-	.	.	.	.	.	.	-	-	-	-	-	-	-	-	-	-
t̠ʃˤʰ	.	-	-	-	-	+	-	-	+	-	-	-	-	-	-	.	.	+	-	+	+	-	.	.	.	.	.	.	-	-	-	+	-	-	-	-	-	-
t̠ʃˤʼ	.	-	-	-	-	+	-	-	+	-	-	-	-	-	-	.	.	+	-	+	+	-	.	.	.	.	.	.	-	-	-	-	+	-	-	+	-	-
t̠ʃ̰	.	-	-	-	-	+	-	-	+	-	-	-	-	-	-	.	.	+	-	+	+	-	.	.	.	.	.	-	-	+	-	-	+	-	-	-	-	-
t̠ʃ̺	.	-	-	-	-	+	-	-	+	-	-	-	-	-	-	.	.	+	-	-	+	-	.	.	.	.	.	-	-	-	-	-	-	-	-	-	-	-
t̠ʃ̺ʰ	.	-	-	-	-	+	-	-	+	-	-	-	-	-	-	.	.	+	-	-	+	-	.	.	.	.	.	-	-	-	-	+	-	-	-	-	-	-
t̠ʃ͉	.	-	-	-	-	+	-	-	+	-	-	-	-	-	-	.	.	+	-	+	+	-	.	.	.	.	.	-	-	-	-	-	-	-	+	-	-	-
t̠ʆ	.	-	-	-	-	+	-	.	.	-	-	-	-	-	-	.	.	+	-	+	-	-	.	.	.	.	.	-	-	-	-	-	-	-	-	-	-	-
t̠ʆʰ	.	-	-	-	-	+	-	.	.	-	-	-	-	-	-	.	.	+	-	+	-	-	.	.	.	.	.	-	-	-	-	.	-	-	-	-	-	-
t̠ʆʷ	.	-	-	-	-	+	-	.	.	-	-	-	-	-	.	+	-	+	-	+	-	-	.	.	.	.	.	-	-	-	-	-	-	-	-	-	-	-
t̠ʆʷʰ	.	-	-	-	-	+	-	.	.	-	-	-	-	-	.	+	-	+	-	+	-	-	.	.	.	.	.	-	-	-	-	.	-	-	-	-	-	-
t̠ʆʷʼ	.	-	-	-	-	+	-	.	.	-	-	-	-	-	.	+	-	+	-	+	-	-	.	.	.	.	.	-	-	-	-	-	.	-	-	.	-	-
t̠ʰ	.	-	-	-	-	+	-	-	-	-	-	-	-	-	-	.	.	+	-	+	-	-	.	.	.	.	.	-	-	-	-	+	-	-	-	-	-	-
t̠ʲ	.	-	-	-	-	+	-	-	-	-	-	-	-	-	-	.	.	+	-	+	-	.	+	-	+	-	.	-	-	-	-	-	-	-	-	-	-	-
t̠ːʃ	.	-	-	-	+	+	-	-	+	-	-	-	-	-	-	.	.	+	-	+	+	-	.	.	.	.	.	-	-	-	-	-	-	-	-	-	-	-
t̠͈ʃ	.	-	-	-	-	+	-	-	+	-	-	-	-	-	-	.	.	+	-	+	+	-	.	.	.	.	.	-	-	-	-	-	-	+	-	-	-	-
t̠͈ʃʷ	.	-	-	-	-	+	-	-	+	-	-	-	-	-	.	+	-	+	-	+	+	-	.	.	.	.	.	-	-	-	-	-	-	+	-	-	-	-
t̠͈ʃː	.	-	-	-	+	+	-	-	+	-	-	-	-	-	-	.	.	+	-	+	+	-	.	.	.	.	.	-	-	-	-	-	-	+	-	-	-	-
t̠͉ʃ	.	-	-	-	-	+	-	-	+	-	-	-	-	-	-	.	.	+	-	+	+	-	.	.	.	.	.	-	-	-	-	-	-	-	+	-	-	-
t̪	.	-	-	-	-	+	-	-	-	-	-	-	-	-	-	.	.	+	+	+	-	-	.	.	.	.	.	-	-	-	-	-	-	-	-	-	-	-
t̪n̪	.	-	-	-	-	+	.	-	-	-	-	-	.	-	-	.	.	+	+	+	-	-	.	.	.	.	.	-	-	.	-	-	-	-	-	-	-	-
t̪s	.	-	-	-	-	+	-	-	+	-	-	-	-	-	-	.	.	+	+	+	+	-	.	.	.	.	.	-	-	-	-	-	-	-	-	-	-	-
t̪s̪	.	-	-	-	-	+	-	-	+	-	-	-	-	-	-	.	.	+	+	+	+	-	.	.	.	.	.	-	-	-	-	-	-	-	-	-	-	-
t̪s̪|ts	.	-	-	-	-	+	-	-	+	-	-	-	-	-	-	.	.	+	+	.	+	-	.	.	.	.	.	-	-	-	-	-	-	-	-	-	-	-
t̪s̪ɦ|tsɦ	.	-	-	-	-	.	-	.	+	-	-	-	-	-	-	.	.	.	+	.	+	-	.	.	.	.	.	-	-	.	-	.	-	-	-	-	-	-
t̪s̪ʰ	.	-	-	-	-	+	-	-	+	-	-	-	-	-	-	.	.	+	+	+	+	-	.	.	.	.	.	-	-	-	-	+	-	-	-	-	-	-
t̪s̪ʰ|tsʰ	.	-	-	-	-	+	-	-	+	-	-	-	-	-	-	.	.	+	+	.	+	-	.	.	.	.	.	-	-	-	-	+	-	-	-	-	-	-
t̪s̪ʲ	.	-	-	-	-	+	-	-	+	-	-	-	-	-	-	.	.	+	+	+	+	.	+	-	+	-	.	-	-	-	-	-	-	-	-	-	-	-
t̪s̪ʲ|tsʲ	.	-	-	-	-	+	-	-	+	-	-	-	-	-	-	.	.	+	+	.	+	.	+	-	+	-	.	-	-	-	-	-	-	-	-	-	-	-
t̪s̪ʲʰ	.	-	-	-	-	+	-	-	+	-	-	-	-	-	-	.	.	+	+	+	+	.	+	-	+	-	.	-	-	-	-	+	-	-	-	-	-	-
t̪s̪ʲʼ	.	-	-	-	-	+	-	-	+	-	-	-	-	-	-	.	.	+	+	+	+	.	+	-	+	-	.	-	-	-	-	-	+	-	-	+	-	-
t̪s̪ʷ	.	-	-	-	-	+	-	-	+	-	-	-	-	-	.	+	-	+	+	+	+	-	.	.	.	.	.	-	-	-	-	-	-	-	-	-	-	-
t̪s̪ʷʰ	.	-	-	-	-	+	-	-	+	-	-	-	-	-	.	+	-	+	+	+	+	-	.	.	.	.	.	-	-	-	-	+	-	-	-	-	-	-
t̪s̪ʷʰ|tsʷʰ	.	-	-	-	-	+	-	-	+	-	-	-	-	-	.	+	-	+	+	.	+	-	.	.	.	.	.	-	-	-	-	+	-	-	-	-	-	-
t̪s̪ʷʲ	.	-	-	-	-	+	-	-	+	-	-	-	-	-	.	+	-	+	+	+	+	.	+	-	+	-	.	-	-	-	-	-	-	-	-	-	-	-
t̪s̪ʷʲʰ	.	-	-	-	-	+	-	-	+	-	-	-	-	-	.	+	-	+	+	+	+	.	+	-	+	-	.	-	-	-	-	+	-	-	-	-	-	-
t̪s̪ʷʲʼ	.	-	-	-	-	+	-	-	+	-	-	-	-	-	.	+	-	+	+	+	+	.	+	-	+	-	.	-	-	-	-	-	+	-	-	+	-	-
t̪s̪ʷʼ	.	-	-	-	-	+	-	-	+	-	-	-	-	-	.	+	-	+	+	+	+	-	.	.	.	.	.	-	-	-	-	-	+	-	-	+	-	-
t̪s̪ʷʼ|tsʷʼ	.	-	-	-	-	+	-	-	+	-	-	-	-	-	.	+	-	+	+	.	+	-	.	.	.	.	.	-	-	-	-	-	+	-	-	+	-	-
t̪s̪ʷː|tsʷː	.	-	-	-	+	+	-	-	+	-	-	-	-	-	.	+	-	+	+	.	+	-	.	.	.	.	.	-	-	-	-	-	-	-	-	-	-	-
t̪s̪ʼ	.	-	-	-	-	+	-	-	+	-	-	-	-	-	-	.	.	+	+	+	+	-	.	.	.	.	.	-	-	-	-	-	+	-	-	+	-	-
t̪s̪ʼ|tsʼ	.	-	-	-	-	+	-	-	+	-	-	-	-	-	-	.	.	+	+	.	+	-	.	.	.	.	.	-	-	-	-	-	+	-	-	+	-	-
t̪s̪ʼː|tsʼː	.	-	-	-	+	+	-	-	+	-	-	-	-	-	-	.	.	+	+	.	+	-	.	.	.	.	.	-	-	-	-	-	+	-	-	+	-	-
t̪s̪ˀ|tsˀ	.	-	-	-	-	+	-	-	+	-	-	-	-	-	-	.	.	+	+	.	+	-	.	.	.	.	.	-	-	-	-	-	+	-	-	-	-	-
t̪s̪ː	.	-	-	-	+	+	-	-	+	-	-	-	-	-	-	.	.	+	+	+	+	-	.	.	.	.	.	-	-	-	-	-	-	-	-	-	-	-
t̪s̪ː|tsː	.	-	-	-	+	+	-	-	+	-	-	-	-	-	-	.	.	+	+	.	+	-	.	.	.	.	.	-	-	-	-	-	-	-	-	-	-	-
t̪x	.	-	-	-	-	+	-	.	.	-	-	-	-	-	-	.	.	.	+	+	-	.	+	-	-	-	.	-	-	-	-	-	-	-	-	-	-	-
t̪|t	.	-	-	-	-	+	-	-	-	-	-	-	-	-	-	.	.	+	+	.	-	-	.	.	.	.	.	-	-	-	-	-	-	-	-	-	-	-
t̪ɦ	.	-	-	-	-	.	-	.	.	-	-	-	-	-	-	.	.	.	+	+	-	-	.	.	.	.	.	-	-	.	-	.	-	-	-	-	-	-
t̪ɦ|tɦ	.	-	-	-	-	.	-	.	.	-	-	-	-	-	-	.	.	.	+	.	-	-	.	.	.	.	.	-	-	.	-	.	-	-	-	-	-	-
t̪ɬ	.	-	-	-	-	+	-	.	.	-	-	-	-	.	-	.	.	+	+	.	-	-	.	.	.	.	.	-	-	-	-	-	-	-	-	-	-	-
t̪ɬʼ	.	-	-	-	-	+	-	.	.	-	-	-	-	.	-	.	.	+	+	.	-	-	.	.	.	.	.	-	-	-	-	-	.	-	-	.	-	-
t̪ɬ̪	.	-	-	-	-	+	-	.	.	-	-	-	-	.	-	.	.	+	+	+	-	-	.	.	.	.	.	-	-	-	-	-	-	-	-	-	-	-
t̪ɬ̪|tɬ	.	-	-	-	-	+	-	.	.	-	-	-	-	.	-	.	.	+	+	.	-	-	.	.	.	.	.	-	-	-	-	-	-	-	-	-	-	-
t̪ɬ̪ʰ	.	-	-	-	-	+	-	.	.	-	-	-	-	.	-	.	.	+	+	+	-	-	.	.	.	.	.	-	-	-	-	.	-	-	-	-	-	-
t̪ɬ̪ʰ|tɬʰ	.	-	-	-	-	+	-	.	.	-	-	-	-	.	-	.	.	+	+	.	-	-	.	.	.	.	.	-	-	-	-	.	-	-	-	-	-	-
t̪ɬ̪ʷʰ|tɬʷʰ	.	-	-	-	-	+	-	.	.	-	-	-	-	.	.	+	-	+	+	.	-	-	.	.	.	.	.	-	-	-	-	.	-	-	-	-	-	-
t̪ɬ̪ʷʼ|tɬʷʼ	.	-	-	-	-	+	-	.	.	-	-	-	-	.	.	+	-	+	+	.	-	-	.	.	.	.	.	-	-	-	-	-	.	-	-	.	-	-
t̪ɬ̪ʼ	.	-	-	-	-	+	-	.	.	-	-	-	-	.	-	.	.	+	+	+	-	-	.	.	.	.	.	-	-	-	-	-	.	-	-	.	-	-
t̪ɬ̪ʼ|tɬʼ	.	-	-	-	-	+	-	.	.	-	-	-	-	.	-	.	.	+	+	.	-	-	.	.	.	.	.	-	-	-	-	-	.	-	-	.	-	-
t̪ɬ̪ʼː|tɬʼː	.	-	-	-	.	+	-	.	.	-	-	-	-	.	-	.	.	+	+	.	-	-	.	.	.	.	.	-	-	-	-	-	.	-	-	.	-	-
t̪ɬ̪ˀ|tɬˀ	.	-	-	-	-	+	-	.	.	-	-	-	-	.	-	.	.	+	+	.	-	-	.	.	.	.	.	-	-	-	-	-	.	-	-	-	-	-
t̪ɬ̪ː|tɬː	.	-	-	-	.	+	-	.	.	-	-	-	-	.	-	.	.	+	+	.	-	-	.	.	.	.	.	-	-	-	-	-	-	-	-	-	-	-
t̪ʃ|t̠ʃ	.	-	-	-	-	+	-	-	+	-	-	-	-	-	-	.	.	+	.	+	+	-	.	.	.	.	.	-	-	-	-	-	-	-	-	-	-	-
t̪ʙ	.	-	-	-	-	+	.	.	-	.	-	.	-	-	.	-	-	.	+	+	-	-	.	.	.	.	.	-	-	.	-	-	-	-	-	-	-	-
t̪ʰ	.	-	-	-	-	+	-	-	-	-	-	-	-	-	-	.	.	+	+	+	-	-	.	.	.	.	.	-	-	-	-	+	-	-	-	-	-	-
t̪ʰ|tʰ	.	-	-	-	-	+	-	-	-	-	-	-	-	-	-	.	.	+	+	.	-	-	.	.	.	.	.	-	-	-	-	+	-	-	-	-	-	-
t̪ʰː	.	-	-	-	+	+	-	-	-	-	-	-	-	-	-	.	.	+	+	+	-	-	.	.	.	.	.	-	-	-	-	+	-	-	-	-	-	-
t̪ʲ	.	-	-	-	-	+	-	-	-	-	-	-	-	-	-	.	.	+	+	+	-	.	+	-	+	-	.	-	-	-	-	-	-	-	-	-	-	-
t̪ʲ|tʲ	.	-	-	-	-	+	-	-	-	-	-	-	-	-	-	.	.	+	+	.	-	.	+	-	+	-	.	-	-	-	-	-	-	-	-	-	-	-
t̪ʲʰ	.	-	-	-	-	+	-	-	-	-	-	-	-	-	-	.	.	+	+	+	-	.	+	-	+	-	.	-	-	-	-	+	-	-	-	-	-	-
t̪ʲʰ|tʲʰ	.	-	-	-	-	+	-	-	-	-	-	-	-	-	-	.	.	+	+	.	-	.	+	-	+	-	.	-	-	-	-	+	-	-	-	-	-	-
t̪ʲʼ	.	-	-	-	-	+	-	-	-	-	-	-	-	-	-	.	.	+	+	+	-	.	+	-	+	-	.	-	-	-	-	-	+	-	-	+	-	-
t̪ʷ	.	-	-	-	-	+	-	-	-	-	-	-	-	-	.	+	-	+	+	+	-	-	.	.	.	.	.	-	-	-	-	-	-	-	-	-	-	-
t̪ʷ|tʷ	.	-	-	-	-	+	-	-	-	-	-	-	-	-	.	+	-	+	+	.	-	-	.	.	.	.	.	-	-	-	-	-	-	-	-	-	-	-
t̪ʷʰ	.	-	-	-	-	+	-	-	-	-	-	-	-	-	.	+	-	+	+	+	-	-	.	.	.	.	.	-	-	-	-	+	-	-	-	-	-	-
t̪ʷʰ|tʷʰ	.	-	-	-	-	+	-	-	-	-	-	-	-	-	.	+	-	+	+	.	-	-	.	.	.	.	.	-	-	-	-	+	-	-	-	-	-	-
t̪ʷʲ	.	-	-	-	-	+	-	-	-	-	-	-	-	-	.	+	-	+	+	+	-	.	+	-	+	-	.	-	-	-	-	-	-	-	-	-	-	-
t̪ʷʲʰ	.	-	-	-	-	+	-	-	-	-	-	-	-	-	.	+	-	+	+	+	-	.	+	-	+	-	.	-	-	-	-	+	-	-	-	-	-	-
t̪ʷʲʼ	.	-	-	-	-	+	-	-	-	-	-	-	-	-	.	+	-	+	+	+	-	.	+	-	+	-	.	-	-	-	-	-	+	-	-	+	-	-
t̪ʷʼ	.	-	-	-	-	+	-	-	-	-	-	-	-	-	.	+	-	+	+	+	-	-	.	.	.	.	.	-	-	-	-	-	+	-	-	+	-	-
t̪ʼ	.	-	-	-	-	+	-	-	-	-	-	-	-	-	-	.	.	+	+	+	-	-	.	.	.	.	.	-	-	-	-	-	+	-	-	+	-	-
t̪ʼkxʼ	.	-	-	-	-	+	-	-	.	-	-	-	-	-	-	.	.	.	+	+	-	.	+	-	-	-	.	-	-	-	-	-	+	-	-	+	-	-
t̪ʼ|tʼ	.	-	-	-	-	+	-	-	-	-	-	-	-	-	-	.	.	+	+	.	-	-	.	.	.	.	.	-	-	-	-	-	+	-	-	+	-	-
t̪ʼː	.	-	-	-	+	+	-	-	-	-	-	-	-	-	-	.	.	+	+	+	-	-	.	.	.	.	.	-	-	-	-	-	+	-	-	+	-	-
t̪ˀ	.	-	-	-	-	+	-	-	-	-	-	-	-	-	-	.	.	+	+	+	-	-	.	.	.	.	.	-	-	-	-	-	+	-	-	-	-	-
t̪ˀ|tˀ	.	-	-	-	-	+	-	-	-	-	-	-	-	-	-	.	.	+	+	.	-	-	.	.	.	.	.	-	-	-	-	-	+	-	-	-	-	-
t̪ː	.	-	-	-	+	+	-	-	-	-	-	-	-	-	-	.	.	+	+	+	-	-	.	.	.	.	.	-	-	-	-	-	-	-	-	-	-	-
t̪ː|tː	.	-	-	-	+	+	-	-	-	-	-	-	-	-	-	.	.	+	+	.	-	-	.	.	.	.	.	-	-	-	-	-	-	-	-	-	-	-
t̪ˠ	.	-	-	-	-	+	-	-	-	-	-	-	-	-	-	.	.	+	+	+	-	.	+	-	-	-	.	-	-	-	-	-	-	-	-	-	-	-
t̪ˠʰ	.	-	-	-	-	+	-	-	-	-	-	-	-	-	-	.	.	+	+	+	-	.	+	-	-	-	.	-	-	-	-	+	-	-	-	-	-	-
t̪ˠʰ|tˠʰ	.	-	-	-	-	+	-	-	-	-	-	-	-	-	-	.	.	+	+	.	-	.	+	-	-	-	.	-	-	-	-	+	-	-	-	-	-	-
t̪ˤ	.	-	-	-	-	+	-	-	-	-	-	-	-	-	-	.	.	+	+	+	-	-	.	.	.	.	.	.	-	-	-	-	-	-	-	-	-	-
t̪ˤ|tˤ	.	-	-	-	-	+	-	-	-	-	-	-	-	-	-	.	.	+	+	.	-	-	.	.	.	.	.	.	-	-	-	-	-	-	-	-	-	-
t̪ˤʰ	.	-	-	-	-	+	-	-	-	-	-	-	-	-	-	.	.	+	+	+	-	-	.	.	.	.	.	.	-	-	-	+	-	-	-	-	-	-
t̪ˤʼ	.	-	-	-	-	+	-	-	-	-	-	-	-	-	-	.	.	+	+	+	-	-	.	.	.	.	.	.	-	-	-	-	+	-	-	+	-	-
t̪ˤː	.	-	-	-	+	+	-	-	-	-	-	-	-	-	-	.	.	+	+	+	-	-	.	.	.	.	.	.	-	-	-	-	-	-	-	-	-	-
t̪̙ˤ	.	-	-	-	-	+	-	-	-	-	-	-	-	-	-	.	.	+	+	+	-	-	.	.	.	.	.	+	-	-	-	-	-	-	-	-	-	-
t̪̰	.	-	-	-	-	+	-	-	-	-	-	-	-	-	-	.	.	+	+	+	-	-	.	.	.	.	.	-	-	+	-	-	+	-	-	-	-	-
t̪̺	.	-	-	-	-	+	-	-	-	-	-	-	-	-	-	.	.	+	+	-	-	-	.	.	.	.	.	-	-	-	-	-	-	-	-	-	-	-
t̪̻	.	-	-	-	-	+	-	-	-	-	-	-	-	-	-	.	.	+	+	+	-	-	.	.	.	.	.	-	-	-	-	-	-	-	-	-	-	-
t̪̻s̪̻	.	-	-	-	-	+	-	-	+	-	-	-	-	-	-	.	.	+	+	+	+	-	.	.	.	.	.	-	-	-	-	-	-	-	-	-	-	-
t̪͈	.	-	-	-	-	+	-	-	-	-	-	-	-	-	-	.	.	+	+	+	-	-	.	.	.	.	.	-	-	-	-	-	-	+	-	-	-	-
t̪͉	.	-	-	-	-	+	-	-	-	-	-	-	-	-	-	.	.	+	+	+	-	-	.	.	.	.	.	-	-	-	-	-	-	-	+	-	-	-
t̪θ	.	-	-	-	-	+	-	-	+	-	-	-	-	-	-	.	.	+	+	+	-	-	.	.	.	.	.	-	-	-	-	-	-	-	-	-	-	-
t̪θʰ	.	-	-	-	-	+	-	-	+	-	-	-	-	-	-	.	.	+	+	+	-	-	.	.	.	.	.	-	-	-	-	+	-	-	-	-	-	-
t̪θʼ	.	-	-	-	-	+	-	-	+	-	-	-	-	-	-	.	.	+	+	+	-	-	.	.	.	.	.	-	-	-	-	-	+	-	-	+	-	-
t̪θ̪	.	-	-	-	-	+	-	-	+	-	-	-	-	-	-	.	.	+	+	+	-	-	.	.	.	.	.	-	-	-	-	-	-	-	-	-	-	-
t̰	.	-	-	-	-	+	-	-	-	-	-	-	-	-	-	.	.	+	+	-	-	-	.	.	.	.	.	-	-	+	-	-	+	-	-	-	-	-
t̰s̰	.	-	-	-	-	+	-	-	+	-	-	-	-	-	-	.	.	+	+	-	+	-	.	.	.	.	.	-	-	+	-	-	+	-	-	-	-	-
t̺	.	-	-	-	-	+	-	-	-	-	-	-	-	-	-	.	.	+	+	-	-	-	.	.	.	.	.	-	-	-	-	-	-	-	-	-	-	-
t̺s̺	.	-	-	-	-	+	-	-	+	-	-	-	-	-	-	.	.	+	+	-	+	-	.	.	.	.	.	-	-	-	-	-	-	-	-	-	-	-
t̺s̺ʰ	.	-	-	-	-	+	-	-	+	-	-	-	-	-	-	.	.	+	+	-	+	-	.	.	.	.	.	-	-	-	-	+	-	-	-	-	-	-
t̺s̺ʼ	.	-	-	-	-	+	-	-	+	-	-	-	-	-	-	.	.	+	+	-	+	-	.	.	.	.	.	-	-	-	-	-	+	-	-	+	-	-
t̺s̺ː	.	-	-	-	+	+	-	-	+	-	-	-	-	-	-	.	.	+	+	-	+	-	.	.	.	.	.	-	-	-	-	-	-	-	-	-	-	-
t̺ɕ̺	.	-	-	-	-	+	-	.	.	-	-	-	-	-	-	.	.	+	+	-	.	.	+	-	+	-	.	-	-	-	-	-	-	-	-	-	-	-
t̺ɕ̺ʼ	.	-	-	-	-	+	-	.	.	-	-	-	-	-	-	.	.	+	+	-	.	.	+	-	+	-	.	-	-	-	-	-	.	-	-	.	-	-
t̺ʃ̺	.	-	-	-	-	+	-	-	+	-	-	-	-	-	-	.	.	+	-	-	+	-	.	.	.	.	.	-	-	-	-	-	-	-	-	-	-	-
t̺ʃ̺ʷ	.	-	-	-	-	+	-	-	+	-	-	-	-	-	.	+	-	+	-	-	+	-	.	.	.	.	.	-	-	-	-	-	-	-	-	-	-	-
t̺ʰ	.	-	-	-	-	+	-	-	-	-	-	-	-	-	-	.	.	+	+	-	-	-	.	.	.	.	.	-	-	-	-	+	-	-	-	-	-	-
t̺ʼ	.	-	-	-	-	+	-	-	-	-	-	-	-	-	-	.	.	+	+	-	-	-	.	.	.	.	.	-	-	-	-	-	+	-	-	+	-	-
t̺ː	.	-	-	-	+	+	-	-	-	-	-	-	-	-	-	.	.	+	+	-	-	-	.	.	.	.	.	-	-	-	-	-	-	-	-	-	-	-
t̺͈	.	-	-	-	-	+	-	-	-	-	-	-	-	-	-	.	.	+	+	-	-	-	.	.	.	.	.	-	-	-	-	-	-	+	-	-	-	-
t̺͉	.	-	-	-	-	+	-	-	-	-	-	-	-	-	-	.	.	+	+	-	-	-	.	.	.	.	.	-	-	-	-	-	-	-	+	-	-	-
t̻	.	-	-	-	-	+	-	-	-	-	-	-	-	-	-	.	.	+	+	+	-	-	.	.	.	.	.	-	-	-	-	-	-	-	-	-	-	-
t̻s̪̻	.	-	-	-	-	+	-	-	+	-	-	-	-	-	-	.	.	+	+	+	+	-	.	.	.	.	.	-	-	-	-	-	-	-	-	-	-	-
t̻s̻	.	-	-	-	-	+	-	-	+	-	-	-	-	-	-	.	.	+	+	+	+	-	.	.	.	.	.	-	-	-	-	-	-	-	-	-	-	-
t̻s̻ʰ	.	-	-	-	-	+	-	-	+	-	-	-	-	-	-	.	.	+	+	+	+	-	.	.	.	.	.	-	-	-	-	+	-	-	-	-	-	-
t̻s̻ʼ	.	-	-	-	-	+	-	-	+	-	-	-	-	-	-	.	.	+	+	+	+	-	.	.	.	.	.	-	-	-	-	-	+	-	-	+	-	-
t̻s̻ː	.	-	-	-	+	+	-	-	+	-	-	-	-	-	-	.	.	+	+	+	+	-	.	.	.	.	.	-	-	-	-	-	-	-	-	-	-	-
t̻ɕ̻	.	-	-	-	-	+	-	.	.	-	-	-	-	-	-	.	.	+	+	+	.	.	+	-	+	-	.	-	-	-	-	-	-	-	-	-	-	-
t̻ɕ̻ʰ	.	-	-	-	-	+	-	.	.	-	-	-	-	-	-	.	.	+	+	+	.	.	+	-	+	-	.	-	-	-	-	.	-	-	-	-	-	-
t̻ʃ̻	.	-	-	-	-	+	-	-	+	-	-	-	-	-	-	.	.	+	-	+	+	-	.	.	.	.	.	-	-	-	-	-	-	-	-	-	-	-
t̻ʰ	.	-	-	-	-	+	-	-	-	-	-	-	-	-	-	.	.	+	+	+	-	-	.	.	.	.	.	-	-	-	-	+	-	-	-	-	-	-
t̻ʰː	.	-	-	-	+	+	-	-	-	-	-	-	-	-	-	.	.	+	+	+	-	-	.	.	.	.	.	-	-	-	-	+	-	-	-	-	-	-
t̻ʲ	.	-	-	-	-	+	-	-	-	-	-	-	-	-	-	.	.	+	+	+	-	.	+	-	+	-	.	-	-	-	-	-	-	-	-	-	-	-
t̻ʼ	.	-	-	-	-	+	-	-	-	-	-	-	-	-	-	.	.	+	+	+	-	-	.	.	.	.	.	-	-	-	-	-	+	-	-	+	-	-
t̻ː	.	-	-	-	+	+	-	-	-	-	-	-	-	-	-	.	.	+	+	+	-	-	.	.	.	.	.	-	-	-	-	-	-	-	-	-	-	-
t͇s͇	.	-	-	-	-	+	-	-	+	-	-	-	-	-	-	.	.	+	+	-	-	-	.	.	.	.	.	-	-	-	-	-	-	-	-	-	-	-
t͇s͇ʰ	.	-	-	-	-	+	-	-	+	-	-	-	-	-	-	.	.	+	+	-	-	-	.	.	.	.	.	-	-	-	-	+	-	-	-	-	-	-
t͈	.	-	-	-	-	+	-	-	-	-	-	-	-	-	-	.	.	+	+	-	-	-	.	.	.	.	.	-	-	-	-	-	-	+	-	-	-	-
t͈s	.	-	-	-	-	+	-	-	+	-	-	-	-	-	-	.	.	+	+	-	+	-	.	.	.	.	.	-	-	-	-	-	-	+	-	-	-	-
t͈sʷ	.	-	-	-	-	+	-	-	+	-	-	-	-	-	.	+	-	+	+	-	+	-	.	.	.	.	.	-	-	-	-	-	-	+	-	-	-	-
t͈ː	.	-	-	-	+	+	-	-	-	-	-	-	-	-	-	.	.	+	+	-	-	-	.	.	.	.	.	-	-	-	-	-	-	+	-	-	-	-
t͉	.	-	-	-	-	+	-	-	-	-	-	-	-	-	-	.	.	+	+	-	-	-	.	.	.	.	.	-	-	-	-	-	-	-	+	-	-	-
t͉s	.	-	-	-	-	+	-	-	+	-	-	-	-	-	-	.	.	+	+	-	+	-	.	.	.	.	.	-	-	-	-	-	-	-	+	-	-	-
t͉ɕ͉	.	-	-	-	-	+	-	.	.	-	-	-	-	-	-	.	.	+	+	.	.	.	+	-	+	-	.	-	-	-	-	-	-	-	+	-	-	-
t͉ʲ	.	-	-	-	-	+	-	-	-	-	-	-	-	-	-	.	.	+	+	-	-	.	+	-	+	-	.	-	-	-	-	-	-	-	+	-	-	-
u	.	-	+	-	-	-	+	+	.	+	-	-	-	-	+	+	-	-	.	.	.	+	+	-	-	+	+	-	-	+	-	-	-	.	.	-	-	.
ua	.	-	+	-	-	-	+	+	.	+	-	-	-	-	.	+	-	-	.	.	.	+	.	.	-	.	+	-	-	+	-	-	-	.	.	-	-	.
uai	.	-	+	-	-	-	+	+	.	+	-	-	-	-	.	+	-	-	.	.	.	+	.	.	.	.	+	-	-	+	-	-	-	.	.	-	-	.
uaː	.	-	+	-	.	-	+	+	.	+	-	-	-	-	.	+	-	-	.	.	.	+	.	.	-	.	+	-	-	+	-	-	-	.	.	-	-	.
uã	.	-	+	-	-	-	+	+	.	+	-	-	.	-	.	+	-	-	.	.	.	+	.	.	-	.	+	-	-	+	-	-	-	.	.	-	-	.
uãː	.	-	+	-	.	-	+	+	.	+	-	-	.	-	.	+	-	-	.	.	.	+	.	.	-	.	+	-	-	+	-	-	-	.	.	-	-	.
uä	.	-	+	-	-	-	+	+	.	+	-	-	-	-	.	+	-	-	.	.	.	+	.	.	-	.	+	-	-	+	-	-	-	.	.	-	-	.
ua̟	.	-	+	-	-	-	+	+	.	+	-	-	-	-	.	+	-	-	.	.	.	+	.	.	-	.	+	-	-	+	-	-	-	.	.	-	-	.
ue	.	-	+	-	-	-	+	+	.	+	-	-	-	-	.	+	-	-	.	.	.	+	.	-	.	.	+	-	-	+	-	-	-	.	.	-	-	.
uei	.	-	+	-	-	-	+	+	.	+	-	-	-	-	.	+	-	-	.	.	.	+	.	-	.	.	+	-	-	+	-	-	-	.	.	-	-	.
uei̯	.	-	.	-	-	-	+	+	.	+	-	-	-	-	.	+	-	-	.	.	.	+	.	-	.	.	+	-	-	+	-	-	-	.	.	-	-	.
uẽ	.	-	+	-	-	-	+	+	.	+	-	-	.	-	.	+	-	-	.	.	.	+	.	-	.	.	+	-	-	+	-	-	-	.	.	-	-	.
ue̞	.	-	+	-	-	-	+	+	.	+	-	-	-	-	.	+	-	-	.	.	.	+	.	-	.	.	+	-	-	+	-	-	-	.	.	-	-	.
ui	.	-	+	-	-	-	+	+	.	+	-	-	-	-	.	+	-	-	.	.	.	+	+	-	.	.	+	-	-	+	-	-	-	.	.	-	-	.
uie	.	-	+	-	-	-	+	+	.	+	-	-	-	-	.	+	-	-	.	.	.	+	.	-	.	.	+	-	-	+	-	-	-	.	.	-	-	.
uiɛ	.	-	+	-	-	-	+	+	.	+	-	-	-	-	.	+	-	-	.	.	.	+	.	-	.	.	.	-	-	+	-	-	-	.	.	-	-	.
ui̯	.	-	.	-	-	-	+	+	.	+	-	-	-	-	.	+	-	-	.	.	.	+	+	-	.	.	+	-	-	+	-	-	-	.	.	-	-	.
uo	.	-	+	-	-	-	+	+	.	+	-	-	-	-	+	+	-	-	.	.	.	+	.	-	-	+	+	-	-	+	-	-	-	.	.	-	-	.
uoː	.	-	+	-	.	-	+	+	.	+	-	-	-	-	+	+	-	-	.	.	.	+	.	-	-	+	+	-	-	+	-	-	-	.	.	-	-	.
uo̞	.	-	+	-	-	-	+	+	.	+	-	-	-	-	+	+	-	-	.	.	.	+	.	-	-	+	+	-	-	+	-	-	-	.	.	-	-	.
uu̯	.	-	.	-	-	-	+	+	.	+	-	-	-	-	+	+	-	-	.	.	.	+	+	-	-	+	+	-	-	+	-	-	-	.	.	-	-	.
uy	.	-	+	-	-	-	+	+	.	+	-	-	-	-	+	+	-	-	.	.	.	+	+	-	.	.	+	-	-	+	-	-	-	.	.	-	-	.
uæ	.	-	+	-	-	-	+	+	.	+	-	-	-	-	.	+	-	-	.	.	.	+	.	.	.	.	+	-	-	+	-	-	-	.	.	-	-	.
uœ	.	-	+	-	-	-	+	+	.	+	-	-	-	-	+	+	-	-	.	.	.	+	.	-	.	.	.	-	-	+	-	-	-	.	.	-	-	.
uɐ	.	-	+	-	-	-	+	+	.	+	-	-	-	-	+	+	-	-	.	.	.	+	.	.	-	.	+	-	-	+	-	-	-	.	.	-	-	.
uɑ	.	-	+	-	-	-	+	+	.	+	-	-	-	-	.	+	-	-	.	.	.	+	.	.	-	+	+	-	-	+	-	-	-	.	.	-	-	.
uɑi	.	-	+	-	-	-	+	+	.	+	-	-	-	-	.	+	-	-	.	.	.	+	.	.	.	.	+	-	-	+	-	-	-	.	.	-	-	.
uɑ˞	.	-	+	-	-	-	+	+	.	+	-	-	-	-	.	+	-	.	+	+	+	+	.	.	-	+	+	-	-	+	-	-	-	.	.	-	-	.
uɑ̃	.	-	+	-	-	-	+	+	.	+	-	-	.	-	.	+	-	-	.	.	.	+	.	.	-	+	+	-	-	+	-	-	-	.	.	-	-	.
uɔ	.	-	+	-	-	-	+	+	.	+	-	-	-	-	+	+	-	-	.	.	.	+	.	-	-	+	.	-	-	+	-	-	-	.	.	-	-	.
uɔː	.	-	+	-	.	-	+	+	.	+	-	-	-	-	+	+	-	-	.	.	.	+	.	-	-	+	.	-	-	+	-	-	-	.	.	-	-	.
uə	.	-	+	-	-	-	+	+	.	+	-	-	-	-	.	+	-	-	.	.	.	+	.	-	-	.	.	-	-	+	-	-	-	.	.	-	-	.
uəi	.	-	+	-	-	-	+	+	.	+	-	-	-	-	.	+	-	-	.	.	.	+	.	-	.	.	.	-	-	+	-	-	-	.	.	-	-	.
uə̯	.	-	.	-	-	-	+	+	.	+	-	-	-	-	.	+	-	-	.	.	.	+	.	-	-	.	.	-	-	+	-	-	-	.	.	-	-	.
uɛ	.	-	+	-	-	-	+	+	.	+	-	-	-	-	.	+	-	-	.	.	.	+	.	-	.	.	.	-	-	+	-	-	-	.	.	-	-	.
uɛ̃	.	-	+	-	-	-	+	+	.	+	-	-	.	-	.	+	-	-	.	.	.	+	.	-	.	.	.	-	-	+	-	-	-	.	.	-	-	.
uɜ	.	-	+	-	-	-	+	+	.	+	-	-	-	-	.	+	-	-	.	.	.	+	.	-	-	.	.	-	-	+	-	-	-	.	.	-	-	.
uɨ	.	-	+	-	-	-	+	+	.	+	-	-	-	-	.	+	-	-	.	.	.	+	+	-	-	.	+	-	-	+	-	-	-	.	.	-	-	.
uɪ	.	-	+	-	-	-	+	+	.	+	-	-	-	-	.	+	-	-	.	.	.	+	+	-	.	.	.	-	-	+	-	-	-	.	.	-	-	.
uɪ̯	.	-	.	-	-	-	+	+	.	+	-	-	-	-	.	+	-	-	.	.	.	+	+	-	.	.	.	-	-	+	-	-	-	.	.	-	-	.
uʊ̯	.	-	.	-	-	-	+	+	.	+	-	-	-	-	+	+	-	-	.	.	.	+	+	-	-	+	.	-	-	+	-	-	-	.	.	-	-	.
uʌ	.	-	+	-	-	-	+	+	.	+	-	-	-	-	.	+	-	-	.	.	.	+	.	-	-	+	.	-	-	+	-	-	-	.	.	-	-	.
uʌ̯	.	-	.	-	-	-	+	+	.	+	-	-	-	-	.	+	-	-	.	.	.	+	.	-	-	+	.	-	-	+	-	-	-	.	.	-	-	.
uʱ	.	-	+	-	-	-	+	+	.	+	-	-	-	-	+	+	-	-	.	.	.	+	+	-	-	+	+	-	-	+	-	+	-	.	.	-	-	.
uˀ	.	-	+	-	-	-	+	+	.	+	-	-	-	-	+	+	-	-	.	.	.	+	+	-	-	+	+	-	-	+	-	-	+	.	.	-	-	.
uː	.	-	+	-	+	-	+	+	.	+	-	-	-	-	+	+	-	-	.	.	.	+	+	-	-	+	+	-	-	+	-	-	-	.	.	-	-	.
uːa	.	-	+	-	.	-	+	+	.	+	-	-	-	-	.	+	-	-	.	.	.	+	.	.	-	.	+	-	-	+	-	-	-	.	.	-	-	.
uːe	.	-	+	-	.	-	+	+	.	+	-	-	-	-	.	+	-	-	.	.	.	+	.	-	.	.	+	-	-	+	-	-	-	.	.	-	-	.
uːĭ	.	-	+	.	.	-	+	+	.	+	-	-	-	-	.	+	-	-	.	.	.	+	+	-	.	.	+	-	-	+	-	-	-	.	.	-	-	.
uːə	.	-	+	-	.	-	+	+	.	+	-	-	-	-	.	+	-	-	.	.	.	+	.	-	-	.	.	-	-	+	-	-	-	.	.	-	-	.
uːʌ	.	-	+	-	.	-	+	+	.	+	-	-	-	-	.	+	-	-	.	.	.	+	.	-	-	+	.	-	-	+	-	-	-	.	.	-	-	.
uˑ	.	-	+	+	+	-	+	+	.	+	-	-	-	-	+	+	-	-	.	.	.	+	+	-	-	+	+	-	-	+	-	-	-	.	.	-	-	.
u˞	.	-	+	-	-	-	+	+	.	+	-	-	-	-	+	+	-	+	+	+	+	+	+	-	-	+	+	-	-	+	-	-	-	.	.	-	-	.
u˞ˤ	.	-	+	-	-	-	+	+	.	+	-	-	-	-	+	+	-	+	+	+	+	+	+	-	-	+	+	.	-	+	-	-	-	.	.	-	-	.
u˞ˤː	.	-	+	-	+	-	+	+	.	+	-	-	-	-	+	+	-	+	+	+	+	+	+	-	-	+	+	.	-	+	-	-	-	.	.	-	-	.
uˤ	.	-	+	-	-	-	+	+	.	+	-	-	-	-	+	+	-	-	.	.	.	+	+	-	-	+	+	.	-	+	-	-	-	.	.	-	-	.
uˤː	.	-	+	-	+	-	+	+	.	+	-	-	-	-	+	+	-	-	.	.	.	+	+	-	-	+	+	.	-	+	-	-	-	.	.	-	-	.
ũ	.	-	+	-	-	-	+	+	.	+	-	-	+	-	+	+	-	-	.	.	.	+	+	-	-	+	+	-	-	+	-	-	-	.	.	-	-	.
ũã	.	-	+	-	-	-	+	+	.	+	-	-	+	-	.	+	-	-	.	.	.	+	.	.	-	.	+	-	-	+	-	-	-	.	.	-	-	.
ũi	.	-	+	-	-	-	+	+	.	+	-	-	.	-	.	+	-	-	.	.	.	+	+	-	.	.	+	-	-	+	-	-	-	.	.	-	-	.
ũĩ	.	-	+	-	-	-	+	+	.	+	-	-	+	-	.	+	-	-	.	.	.	+	+	-	.	.	+	-	-	+	-	-	-	.	.	-	-	.
ũo	.	-	+	-	-	-	+	+	.	+	-	-	.	-	+	+	-	-	.	.	.	+	.	-	-	+	+	-	-	+	-	-	-	.	.	-	-	.
ũoː	.	-	+	-	.	-	+	+	.	+	-	-	.	-	+	+	-	-	.	.	.	+	.	-	-	+	+	-	-	+	-	-	-	.	.	-	-	.
ũɔ̃ː	.	-	+	-	.	-	+	+	.	+	-	-	+	-	+	+	-	-	.	.	.	+	.	-	-	+	.	-	-	+	-	-	-	.	.	-	-	.
ũə	.	-	+	-	-	-	+	+	.	+	-	-	.	-	.	+	-	-	.	.	.	+	.	-	-	.	.	-	-	+	-	-	-	.	.	-	-	.
ũɪ̯̃	.	-	.	-	-	-	+	+	.	+	-	-	+	-	.	+	-	-	.	.	.	+	+	-	.	.	.	-	-	+	-	-	-	.	.	-	-	.
ũː	.	-	+	-	+	-	+	+	.	+	-	-	+	-	+	+	-	-	.	.	.	+	+	-	-	+	+	-	-	+	-	-	-	.	.	-	-	.
ũˤ	.	-	+	-	-	-	+	+	.	+	-	-	+	-	+	+	-	-	.	.	.	+	+	-	-	+	+	.	-	+	-	-	-	.	.	-	-	.
ŭ	.	-	+	+	-	-	+	+	.	+	-	-	-	-	+	+	-	-	.	.	.	+	+	-	-	+	+	-	-	+	-	-	-	.	.	-	-	.
ŭ̃	.	-	+	+	-	-	+	+	.	+	-	-	+	-	+	+	-	-	.	.	.	+	+	-	-	+	+	-	-	+	-	-	-	.	.	-	-	.
ü	.	-	+	-	-	-	+	+	.	+	-	-	-	-	+	+	-	-	.	.	.	+	+	-	-	.	.	-	-	+	-	-	-	.	.	-	-	.
üː	.	-	+	-	+	-	+	+	.	+	-	-	-	-	+	+	-	-	.	.	.	+	+	-	-	.	.	-	-	+	-	-	-	.	.	-	-	.
u̘	.	-	+	-	-	-	+	+	.	+	-	-	-	-	+	+	-	-	.	.	.	+	+	-	-	+	+	-	+	+	-	-	-	.	.	-	-	.
u̙	.	-	+	-	-	-	+	+	.	+	-	-	-	-	+	+	-	-	.	.	.	+	+	-	-	+	+	+	-	+	-	-	-	.	.	-	-	.
u̜	.	-	+	-	-	-	+	+	.	+	-	-	-	-	+	.	-	-	.	.	.	+	+	-	-	+	+	-	-	+	-	-	-	.	.	-	-	.
u̞	.	-	+	-	-	-	+	+	.	+	-	-	-	-	+	+	-	-	.	.	.	+	+	-	-	+	.	-	-	+	-	-	-	.	.	-	-	.
u̞ː	.	-	+	-	+	-	+	+	.	+	-	-	-	-	+	+	-	-	.	.	.	+	+	-	-	+	.	-	-	+	-	-	-	.	.	-	-	.
u̞ˑ	.	-	+	+	+	-	+	+	.	+	-	-	-	-	+	+	-	-	.	.	.	+	+	-	-	+	.	-	-	+	-	-	-	.	.	-	-	.
u̟	.	-	+	-	-	-	+	+	.	+	-	-	-	-	+	+	-	-	.	.	.	+	+	-	-	.	+	-	-	+	-	-	-	.	.	-	-	.
u̠	.	-	+	-	-	-	+	+	.	+	-	-	-	-	+	+	-	-	-	+	.	+	+	-	-	+	+	-	-	+	-	-	-	.	.	-	-	.
u̠u	.	-	+	-	-	-	+	+	.	+	-	-	-	-	+	+	-	-	-	+	.	+	+	-	-	+	+	-	-	+	-	-	-	.	.	-	-	.
ṳ	.	-	+	-	-	-	+	+	.	+	-	-	-	-	+	+	-	-	.	.	.	+	+	-	-	+	+	-	-	+	-	+	-	.	.	-	-	.
ṳa	.	-	+	-	-	-	+	+	.	+	-	-	-	-	.	+	-	-	.	.	.	+	.	.	-	.	+	-	-	+	-	.	-	.	.	-	-	.
ṳa̤	.	-	+	-	-	-	+	+	.	+	-	-	-	-	.	+	-	-	.	.	.	+	.	.	-	.	+	-	-	+	-	+	-	.	.	-	-	.
ṳi̤	.	-	+	-	-	-	+	+	.	+	-	-	-	-	.	+	-	-	.	.	.	+	+	-	.	.	+	-	-	+	-	+	-	.	.	-	-	.
ṳə̤	.	-	+	-	-	-	+	+	.	+	-	-	-	-	.	+	-	-	.	.	.	+	.	-	-	.	.	-	-	+	-	+	-	.	.	-	-	.
ṳː	.	-	+	-	+	-	+	+	.	+	-	-	-	-	+	+	-	-	.	.	.	+	+	-	-	+	+	-	-	+	-	+	-	.	.	-	-	.
ṳˑ	.	-	+	+	+	-	+	+	.	+	-	-	-	-	+	+	-	-	.	.	.	+	+	-	-	+	+	-	-	+	-	+	-	.	.	-	-	.
ṳ̃ː	.	-	+	-	+	-	+	+	.	+	-	-	+	-	+	+	-	-	.	.	.	+	+	-	-	+	+	-	-	+	-	+	-	.	.	-	-	.
u̥	.	-	+	-	-	-	+	+	.	+	-	-	-	-	+	+	-	-	.	.	.	+	+	-	-	+	+	-	-	-	-	-	-	.	.	-	-	.
u̯	.	-	-	-	-	-	+	+	.	+	-	-	-	-	+	+	-	-	.	.	.	+	+	-	-	+	+	-	-	+	-	-	-	.	.	-	-	.
u̯a	.	-	.	-	-	-	+	+	.	+	-	-	-	-	.	+	-	-	.	.	.	+	.	.	-	.	+	-	-	+	-	-	-	.	.	-	-	.
u̯ai	.	-	.	-	-	-	+	+	.	+	-	-	-	-	.	+	-	-	.	.	.	+	.	.	.	.	+	-	-	+	-	-	-	.	.	-	-	.
u̯ai̯	.	-	.	-	-	-	+	+	.	+	-	-	-	-	.	+	-	-	.	.	.	+	.	.	.	.	+	-	-	+	-	-	-	.	.	-	-	.
u̯aː	.	-	.	-	.	-	+	+	.	+	-	-	-	-	.	+	-	-	.	.	.	+	.	.	-	.	+	-	-	+	-	-	-	.	.	-	-	.
u̯ã	.	-	.	-	-	-	+	+	.	+	-	-	.	-	.	+	-	-	.	.	.	+	.	.	-	.	+	-	-	+	-	-	-	.	.	-	-	.
u̯e	.	-	.	-	-	-	+	+	.	+	-	-	-	-	.	+	-	-	.	.	.	+	.	-	.	.	+	-	-	+	-	-	-	.	.	-	-	.
u̯ei̯	.	-	.	-	-	-	+	+	.	+	-	-	-	-	.	+	-	-	.	.	.	+	.	-	.	.	+	-	-	+	-	-	-	.	.	-	-	.
u̯eu̯	.	-	.	-	-	-	+	+	.	+	-	-	-	-	.	+	-	-	.	.	.	+	.	-	.	.	+	-	-	+	-	-	-	.	.	-	-	.
u̯i	.	-	.	-	-	-	+	+	.	+	-	-	-	-	.	+	-	-	.	.	.	+	+	-	.	.	+	-	-	+	-	-	-	.	.	-	-	.
u̯o	.	-	.	-	-	-	+	+	.	+	-	-	-	-	+	+	-	-	.	.	.	+	.	-	-	+	+	-	-	+	-	-	-	.	.	-	-	.
u̯oː	.	-	.	-	.	-	+	+	.	+	-	-	-	-	+	+	-	-	.	.	.	+	.	-	-	+	+	-	-	+	-	-	-	.	.	-	-	.
u̯õ	.	-	.	-	-	-	+	+	.	+	-	-	.	-	+	+	-	-	.	.	.	+	.	-	-	+	+	-	-	+	-	-	-	.	.	-	-	.
u̯õː	.	-	.	-	.	-	+	+	.	+	-	-	.	-	+	+	-	-	.	.	.	+	.	-	-	+	+	-	-	+	-	-	-	.	.	-	-	.
u̯æi	.	-	.	-	-	-	+	+	.	+	-	-	-	-	.	+	-	-	.	.	.	+	.	.	.	.	+	-	-	+	-	-	-	.	.	-	-	.
u̯ɑ	.	-	.	-	-	-	+	+	.	+	-	-	-	-	.	+	-	-	.	.	.	+	.	.	-	+	+	-	-	+	-	-	-	.	.	-	-	.
u̯ɔ	.	-	.	-	-	-	+	+	.	+	-	-	-	-	+	+	-	-	.	.	.	+	.	-	-	+	.	-	-	+	-	-	-	.	.	-	-	.
u̯ɔː	.	-	.	-	.	-	+	+	.	+	-	-	-	-	+	+	-	-	.	.	.	+	.	-	-	+	.	-	-	+	-	-	-	.	.	-	-	.
u̯ɔ̃	.	-	.	-	-	-	+	+	.	+	-	-	.	-	+	+	-	-	.	.	.	+	.	-	-	+	.	-	-	+	-	-	-	.	.	-	-	.
u̯ə	.	-	.	-	-	-	+	+	.	+	-	-	-	-	.	+	-	-	.	.	.	+	.	-	-	.	.	-	-	+	-	-	-	.	.	-	-	.
u̯ə̃	.	-	.	-	-	-	+	+	.	+	-	-	.	-	.	+	-	-	.	.	.	+	.	-	-	.	.	-	-	+	-	-	-	.	.	-	-	.
u̯ɛ	.	-	.	-	-	-	+	+	.	+	-	-	-	-	.	+	-	-	.	.	.	+	.	-	.	.	.	-	-	+	-	-	-	.	.	-	-	.
u̯ɛi	.	-	.	-	-	-	+	+	.	+	-	-	-	-	.	+	-	-	.	.	.	+	.	-	.	.	.	-	-	+	-	-	-	.	.	-	-	.
u̯ɛi̯	.	-	.	-	-	-	+	+	.	+	-	-	-	-	.	+	-	-	.	.	.	+	.	-	.	.	.	-	-	+	-	-	-	.	.	-	-	.
u̯ɛ̃	.	-	.	-	-	-	+	+	.	+	-	-	.	-	.	+	-	-	.	.	.	+	.	-	.	.	.	-	-	+	-	-	-	.	.	-	-	.
ũ̯	.	-	-	-	-	-	+	+	.	+	-	-	+	-	+	+	-	-	.	.	.	+	+	-	-	+	+	-	-	+	-	-	-	.	.	-	-	.
ṵ	.	-	+	-	-	-	+	+	.	+	-	-	-	-	+	+	-	-	.	.	.	+	+	-	-	+	+	-	-	+	-	-	+	.	.	-	-	.
ṵː	.	-	+	-	+	-	+	+	.	+	-	-	-	-	+	+	-	-	.	.	.	+	+	-	-	+	+	-	-	+	-	-	+	.	.	-	-	.
ṵ̃	.	-	+	-	-	-	+	+	.	+	-	-	+	-	+	+	-	-	.	.	.	+	+	-	-	+	+	-	-	+	-	-	+	.	.	-	-	.
u̽i	.	-	+	-	-	-	+	+	.	+	-	-	-	-	.	+	-	-	.	.	.	+	+	-	.	-	+	-	-	+	-	-	-	.	.	-	-	.
u͓	.	-	+	-	-	-	+	+	+	+	-	-	-	-	+	+	-	-	.	.	.	+	+	-	-	+	+	-	-	+	-	-	-	.	.	-	-	.
uᴱ	.	-	+	-	-	-	+	+	.	+	-	-	-	-	+	+	-	-	.	.	.	+	+	-	-	+	+	-	-	+	+	-	-	.	.	-	-	.
v	.	-	-	-	-	+	-	+	+	-	-	-	-	-	+	-	+	-	.	.	.	-	.	.	.	.	.	-	-	+	-	-	-	-	-	-	-	-
vɾ	.	-	-	-	-	+	.	+	+	.	.	-	-	-	.	-	+	.	+	-	-	-	.	.	.	.	.	-	-	+	-	-	-	-	-	-	-	-
vʱ	.	-	-	-	-	+	-	+	+	-	-	-	-	-	+	-	+	-	.	.	.	-	.	.	.	.	.	-	-	+	-	+	-	-	-	-	-	-
vʲ	.	-	-	-	-	+	-	+	+	-	-	-	-	-	+	-	+	-	.	.	.	.	+	-	+	-	.	-	-	+	-	-	-	-	-	-	-	-
vʷ	.	-	-	-	-	+	-	+	+	-	-	-	-	-	+	.	.	-	.	.	.	-	.	.	.	.	.	-	-	+	-	-	-	-	-	-	-	-
vː	.	-	-	-	+	+	-	+	+	-	-	-	-	-	+	-	+	-	.	.	.	-	.	.	.	.	.	-	-	+	-	-	-	-	-	-	-	-
vˠ	.	-	-	-	-	+	-	+	+	-	-	-	-	-	+	-	+	-	.	.	.	.	+	-	-	-	.	-	-	+	-	-	-	-	-	-	-	-
vˤ	.	-	-	-	-	+	-	+	+	-	-	-	-	-	+	-	+	-	.	.	.	-	.	.	.	.	.	.	-	+	-	-	-	-	-	-	-	-
ṽ	.	-	-	-	-	+	-	+	+	-	-	-	+	-	+	-	+	-	.	.	.	-	.	.	.	.	.	-	-	+	-	-	-	-	-	-	-	-
v̤	.	-	-	-	-	+	-	+	+	-	-	-	-	-	+	-	+	-	.	.	.	-	.	.	.	.	.	-	-	+	-	+	-	-	-	-	-	-
v̥	.	-	-	-	-	+	-	+	+	-	-	-	-	-	+	-	+	-	.	.	.	-	.	.	.	.	.	-	-	-	-	-	-	-	-	-	-	-
v̩	.	-	+	-	-	+	-	+	+	-	-	-	-	-	+	-	+	-	.	.	.	-	.	.	.	.	.	-	-	+	-	-	-	-	-	-	-	-
v̼	.	-	-	-	-	+	-	+	+	-	-	-	-	-	+	-	+	+	.	.	.	-	.	.	.	.	.	-	-	+	-	-	-	-	-	-	-	-
w	.	-	-	-	-	-	+	+	.	+	-	-	-	-	+	+	-	-	.	.	.	+	+	-	-	+	+	-	-	+	-	-	-	-	-	-	-	-
wʱ	.	-	-	-	-	-	+	+	.	+	-	-	-	-	+	+	-	-	.	.	.	+	+	-	-	+	+	-	-	+	-	+	-	-	-	-	-	-
wʲ	.	-	-	-	-	-	+	+	.	+	-	-	-	-	+	+	-	-	.	.	.	+	+	-	.	.	+	-	-	+	-	-	-	-	-	-	-	-
wʼ	.	-	-	-	-	-	+	+	.	+	-	-	-	-	+	+	-	-	.	.	.	+	+	-	-	+	+	-	-	-	-	-	+	-	-	+	-	-
wˀ	.	-	-	-	-	-	+	+	.	+	-	-	-	-	+	+	-	-	.	.	.	+	+	-	-	+	+	-	-	+	-	-	+	-	-	-	-	-
wː	.	-	-	-	+	-	+	+	.	+	-	-	-	-	+	+	-	-	.	.	.	+	+	-	-	+	+	-	-	+	-	-	-	-	-	-	-	-
w˞	.	-	-	-	-	-	+	+	.	+	-	-	-	-	+	+	-	+	+	+	+	+	+	-	-	+	+	-	-	+	-	-	-	-	-	-	-	-
wˤ	.	-	-	-	-	-	+	+	.	+	-	-	-	-	+	+	-	-	.	.	.	+	+	-	-	+	+	.	-	+	-	-	-	-	-	-	-	-
w̃	.	-	-	-	-	-	+	+	.	+	-	-	+	-	+	+	-	-	.	.	.	+	+	-	-	+	+	-	-	+	-	-	-	-	-	-	-	-
ẅ	.	-	-	-	-	-	+	+	.	+	-	-	-	-	+	+	-	-	.	.	.	+	+	-	-	.	.	-	-	+	-	-	-	-	-	-	-	-
w̜	.	-	-	-	-	-	+	+	.	+	-	-	-	-	+	.	-	-	.	.	.	+	+	-	-	+	+	-	-	+	-	-	-	-	-	-	-	-
w̜ʲ	.	-	-	-	-	-	+	+	.	+	-	-	-	-	+	.	-	-	.	.	.	+	+	-	.	.	+	-	-	+	-	-	-	-	-	-	-	-
w̞	.	-	-	-	-	-	+	+	.	+	-	-	-	-	+	+	-	-	.	.	.	+	+	-	-	+	-	-	-	+	-	-	-	-	-	-	-	-
w̤	.	-	-	-	-	-	+	+	.	+	-	-	-	-	+	+	-	-	.	.	.	+	+	-	-	+	+	-	-	+	-	+	-	-	-	-	-	-
w̥	.	-	-	-	-	-	+	+	.	+	-	-	-	-	+	+	-	-	.	.	.	+	+	-	-	+	+	-	-	-	-	-	-	-	-	-	-	-
w̰	.	-	-	-	-	-	+	+	.	+	-	-	-	-	+	+	-	-	.	.	.	+	+	-	-	+	+	-	-	+	-	-	+	-	-	-	-	-
x	.	-	-	-	-	+	-	+	+	-	-	-	-	-	-	.	.	-	.	.	.	+	+	-	-	-	.	-	-	-	-	-	-	-	-	-	-	-
xh	.	-	-	-	-	.	-	+	+	-	-	-	-	-	-	.	.	-	.	.	.	.	+	-	-	-	.	-	-	-	-	.	-	-	-	-	-	-
xk	.	-	-	-	-	+	-	.	.	-	-	-	-	-	-	.	.	-	.	.	.	+	+	-	-	-	.	-	-	-	-	-	-	-	-	-	-	-
xʀ̥	.	-	-	-	-	+	.	+	+	.	-	.	-	-	-	.	.	-	.	.	.	+	.	-	-	.	.	-	-	-	-	-	-	-	-	-	-	-
xʰ	.	-	-	-	-	+	-	+	+	-	-	-	-	-	-	.	.	-	.	.	.	+	+	-	-	-	.	-	-	-	-	+	-	-	-	-	-	-
xʲ	.	-	-	-	-	+	-	+	+	-	-	-	-	-	-	.	.	-	.	.	.	+	+	-	.	-	.	-	-	-	-	-	-	-	-	-	-	-
xʲː	.	-	-	-	+	+	-	+	+	-	-	-	-	-	-	.	.	-	.	.	.	+	+	-	.	-	.	-	-	-	-	-	-	-	-	-	-	-
xʷ	.	-	-	-	-	+	-	+	+	-	-	-	-	-	.	+	-	-	.	.	.	+	+	-	-	-	.	-	-	-	-	-	-	-	-	-	-	-
xʷʼ	.	-	-	-	-	+	-	+	+	-	-	-	-	-	.	+	-	-	.	.	.	+	+	-	-	-	.	-	-	-	-	-	+	-	-	+	-	-
xʷː	.	-	-	-	+	+	-	+	+	-	-	-	-	-	.	+	-	-	.	.	.	+	+	-	-	-	.	-	-	-	-	-	-	-	-	-	-	-
xʼ	.	-	-	-	-	+	-	+	+	-	-	-	-	-	-	.	.	-	.	.	.	+	+	-	-	-	.	-	-	-	-	-	+	-	-	+	-	-
xː	.	-	-	-	+	+	-	+	+	-	-	-	-	-	-	.	.	-	.	.	.	+	+	-	-	-	.	-	-	-	-	-	-	-	-	-	-	-
x̟ʲ	.	-	-	-	-	+	-	+	+	-	-	-	-	-	-	.	.	-	.	.	.	+	+	-	+	-	.	-	-	-	-	-	-	-	-	-	-	-
x̠	.	-	-	-	-	+	-	+	+	-	-	-	-	-	-	.	.	-	-	+	.	+	+	-	-	-	.	-	-	-	-	-	-	-	-	-	-	-
x̥	.	-	-	-	-	+	-	+	+	-	-	-	-	-	-	.	.	-	.	.	.	+	+	-	-	-	.	-	-	-	-	-	-	-	-	-	-	-
x͈	.	-	-	-	-	+	-	+	+	-	-	-	-	-	-	.	.	-	.	.	.	+	+	-	-	-	.	-	-	-	-	-	-	+	-	-	-	-
x͈ʷ	.	-	-	-	-	+	-	+	+	-	-	-	-	-	.	+	-	-	.	.	.	+	+	-	-	-	.	-	-	-	-	-	-	+	-	-	-	-
x͈ː	.	-	-	-	+	+	-	+	+	-	-	-	-	-	-	.	.	-	.	.	.	+	+	-	-	-	.	-	-	-	-	-	-	+	-	-	-	-
x͉	.	-	-	-	-	+	-	+	+	-	-	-	-	-	-	.	.	-	.	.	.	+	+	-	-	-	.	-	-	-	-	-	-	-	+	-	-	-
y	.	-	+	-	-	-	+	+	.	+	-	-	-	-	+	+	-	-	.	.	.	+	+	-	+	-	+	-	-	+	-	-	-	.	.	-	-	.
ya	.	-	+	-	-	-	+	+	.	+	-	-	-	-	.	+	-	-	.	.	.	+	.	.	.	-	+	-	-	+	-	-	-	.	.	-	-	.
ye	.	-	+	-	-	-	+	+	.	+	-	-	-	-	.	+	-	-	.	.	.	+	.	-	+	-	+	-	-	+	-	-	-	.	.	-	-	.
yi	.	-	+	-	-	-	+	+	.	+	-	-	-	-	.	+	-	-	.	.	.	+	+	-	+	-	+	-	-	+	-	-	-	.	.	-	-	.
yia	.	-	+	-	-	-	+	+	.	+	-	-	-	-	.	+	-	-	.	.	.	+	.	.	.	-	+	-	-	+	-	-	-	.	.	-	-	.
yĩ	.	-	+	-	-	-	+	+	.	+	-	-	.	-	.	+	-	-	.	.	.	+	+	-	+	-	+	-	-	+	-	-	-	.	.	-	-	.
yi̯	.	-	.	-	-	-	+	+	.	+	-	-	-	-	.	+	-	-	.	.	.	+	+	-	+	-	+	-	-	+	-	-	-	.	.	-	-	.
yo	.	-	+	-	-	-	+	+	.	+	-	-	-	-	+	+	-	-	.	.	.	+	.	-	.	.	+	-	-	+	-	-	-	.	.	-	-	.
yu	.	-	+	-	-	-	+	+	.	+	-	-	-	-	+	+	-	-	.	.	.	+	+	-	.	.	+	-	-	+	-	-	-	.	.	-	-	.
yu̯	.	-	.	-	-	-	+	+	.	+	-	-	-	-	+	+	-	-	.	.	.	+	+	-	.	.	+	-	-	+	-	-	-	.	.	-	-	.
yæ	.	-	+	-	-	-	+	+	.	+	-	-	-	-	.	+	-	-	.	.	.	+	.	.	+	-	+	-	-	+	-	-	-	.	.	-	-	.
yø	.	-	+	-	-	-	+	+	.	+	-	-	-	-	+	+	-	-	.	.	.	+	.	-	+	-	+	-	-	+	-	-	-	.	.	-	-	.
yø̞	.	-	+	-	-	-	+	+	.	+	-	-	-	-	+	+	-	-	.	.	.	+	.	-	+	-	+	-	-	+	-	-	-	.	.	-	-	.
yœ	.	-	+	-	-	-	+	+	.	+	-	-	-	-	+	+	-	-	.	.	.	+	.	-	+	-	.	-	-	+	-	-	-	.	.	-	-	.
yœː	.	-	+	-	.	-	+	+	.	+	-	-	-	-	+	+	-	-	.	.	.	+	.	-	+	-	.	-	-	+	-	-	-	.	.	-	-	.
yə	.	-	+	-	-	-	+	+	.	+	-	-	-	-	.	+	-	-	.	.	.	+	.	-	.	-	.	-	-	+	-	-	-	.	.	-	-	.
yə̯	.	-	.	-	-	-	+	+	.	+	-	-	-	-	.	+	-	-	.	.	.	+	.	-	.	-	.	-	-	+	-	-	-	.	.	-	-	.
yɛ	.	-	+	-	-	-	+	+	.	+	-	-	-	-	.	+	-	-	.	.	.	+	.	-	+	-	.	-	-	+	-	-	-	.	.	-	-	.
yɜ	.	-	+	-	-	-	+	+	.	+	-	-	-	-	.	+	-	-	.	.	.	+	.	-	.	-	.	-	-	+	-	-	-	.	.	-	-	.
yʌ̯	.	-	.	-	-	-	+	+	.	+	-	-	-	-	.	+	-	-	.	.	.	+	.	-	.	.	.	-	-	+	-	-	-	.	.	-	-	.
yʼ	.	-	+	-	-	-	+	+	.	+	-	-	-	-	+	+	-	-	.	.	.	+	+	-	+	-	+	-	-	-	-	-	+	.	.	+	-	.
yː	.	-	+	-	+	-	+	+	.	+	-	-	-	-	+	+	-	-	.	.	.	+	+	-	+	-	+	-	-	+	-	-	-	.	.	-	-	.
yːə	.	-	+	-	.	-	+	+	.	+	-	-	-	-	.	+	-	-	.	.	.	+	.	-	.	-	.	-	-	+	-	-	-	.	.	-	-	.
yˑ	.	-	+	+	+	-	+	+	.	+	-	-	-	-	+	+	-	-	.	.	.	+	+	-	+	-	+	-	-	+	-	-	-	.	.	-	-	.
ỹ	.	-	+	-	-	-	+	+	.	+	-	-	+	-	+	+	-	-	.	.	.	+	+	-	+	-	+	-	-	+	-	-	-	.	.	-	-	.
ỹœ	.	-	+	-	-	-	+	+	.	+	-	-	.	-	+	+	-	-	.	.	.	+	.	-	+	-	.	-	-	+	-	-	-	.	.	-	-	.
ỹœː	.	-	+	-	.	-	+	+	.	+	-	-	.	-	+	+	-	-	.	.	.	+	.	-	+	-	.	-	-	+	-	-	-	.	.	-	-	.
ỹː	.	-	+	-	+	-	+	+	.	+	-	-	+	-	+	+	-	-	.	.	.	+	+	-	+	-	+	-	-	+	-	-	-	.	.	-	-	.
y̆	.	-	+	+	-	-	+	+	.	+	-	-	-	-	+	+	-	-	.	.	.	+	+	-	+	-	+	-	-	+	-	-	-	.	.	-	-	.
y̞	.	-	+	-	-	-	+	+	.	+	-	-	-	-	+	+	-	-	.	.	.	+	+	-	+	-	.	-	-	+	-	-	-	.	.	-	-	.
y̠	.	-	+	-	-	-	+	+	.	+	-	-	-	-	+	+	-	-	-	+	.	+	+	-	+	-	+	-	-	+	-	-	-	.	.	-	-	.
y̤	.	-	+	-	-	-	+	+	.	+	-	-	-	-	+	+	-	-	.	.	.	+	+	-	+	-	+	-	-	+	-	+	-	.	.	-	-	.
y̯ø	.	-	.	-	-	-	+	+	.	+	-	-	-	-	+	+	-	-	.	.	.	+	.	-	+	-	+	-	-	+	-	-	-	.	.	-	-	.
y̰	.	-	+	-	-	-	+	+	.	+	-	-	-	-	+	+	-	-	.	.	.	+	+	-	+	-	+	-	-	+	-	-	+	.	.	-	-	.
y̰ː	.	-	+	-	+	-	+	+	.	+	-	-	-	-	+	+	-	-	.	.	.	+	+	-	+	-	+	-	-	+	-	-	+	.	.	-	-	.
z	.	-	-	-	-	+	-	+	+	-	-	-	-	-	-	.	.	+	+	-	+	-	.	.	.	.	.	-	-	+	-	-	-	-	-	-	-	-
zɾ	.	-	-	-	-	+	.	+	+	.	.	-	-	-	-	.	.	+	+	-	.	-	.	.	.	.	.	-	-	+	-	-	-	-	-	-	-	-
zʲ	.	-	-	-	-	+	-	+	+	-	-	-	-	-	-	.	.	+	+	-	+	.	+	-	+	-	.	-	-	+	-	-	-	-	-	-	-	-
zʲː	.	-	-	-	+	+	-	+	+	-	-	-	-	-	-	.	.	+	+	-	+	.	+	-	+	-	.	-	-	+	-	-	-	-	-	-	-	-
zʷ	.	-	-	-	-	+	-	+	+	-	-	-	-	-	.	+	-	+	+	-	+	-	.	.	.	.	.	-	-	+	-	-	-	-	-	-	-	-
zˀ	.	-	-	-	-	+	-	+	+	-	-	-	-	-	-	.	.	+	+	-	+	-	.	.	.	.	.	-	-	+	-	-	+	-	-	-	-	-
zː	.	-	-	-	+	+	-	+	+	-	-	-	-	-	-	.	.	+	+	-	+	-	.	.	.	.	.	-	-	+	-	-	-	-	-	-	-	-
zˠ	.	-	-	-	-	+	-	+	+	-	-	-	-	-	-	.	.	+	+	-	+	.	+	-	-	-	.	-	-	+	-	-	-	-	-	-	-	-
zˤ	.	-	-	-	-	+	-	+	+	-	-	-	-	-	-	.	.	+	+	-	+	-	.	.	.	.	.	.	-	+	-	-	-	-	-	-	-	-
zˤː	.	-	-	-	+	+	-	+	+	-	-	-	-	-	-	.	.	+	+	-	+	-	.	.	.	.	.	.	-	+	-	-	-	-	-	-	-	-
z̞̩	.	-	+	-	-	-	+	+	.	+	-	-	-	-	-	.	.	+	+	-	+	-	.	.	.	.	.	-	-	+	-	-	-	-	-	-	-	-
z̞̩ˠ	.	-	+	-	-	-	+	+	.	+	-	-	-	-	-	.	.	+	+	-	+	.	+	-	-	-	.	-	-	+	-	-	-	-	-	-	-	-
z̞̩̃ˠ	.	-	+	-	-	-	+	+	.	+	-	-	+	-	-	.	.	+	+	-	+	.	+	-	-	-	.	-	-	+	-	-	-	-	-	-	-	-
z̟	.	-	-	-	-	+	-	+	+	-	-	-	-	-	-	.	.	+	+	-	+	-	.	.	.	.	.	-	-	+	-	-	-	-	-	-	-	-
z̠	.	-	-	-	-	+	-	+	+	-	-	-	-	-	-	.	.	+	-	+	+	-	.	.	.	.	.	-	-	+	-	-	-	-	-	-	-	-
z̤	.	-	-	-	-	+	-	+	+	-	-	-	-	-	-	.	.	+	+	-	+	-	.	.	.	.	.	-	-	+	-	+	-	-	-	-	-	-
z̥	.	-	-	-	-	+	-	+	+	-	-	-	-	-	-	.	.	+	+	-	+	-	.	.	.	.	.	-	-	-	-	-	-	-	-	-	-	-
z̩	.	-	+	-	-	+	-	+	+	-	-	-	-	-	-	.	.	+	+	-	+	-	.	.	.	.	.	-	-	+	-	-	-	-	-	-	-	-
z̪	.	-	-	-	-	+	-	+	+	-	-	-	-	-	-	.	.	+	+	+	+	-	.	.	.	.	.	-	-	+	-	-	-	-	-	-	-	-
z̪|z	.	-	-	-	-	+	-	+	+	-	-	-	-	-	-	.	.	+	+	.	+	-	.	.	.	.	.	-	-	+	-	-	-	-	-	-	-	-
z̪ʲ	.	-	-	-	-	+	-	+	+	-	-	-	-	-	-	.	.	+	+	+	+	.	+	-	+	-	.	-	-	+	-	-	-	-	-	-	-	-
z̪ʲ|zʲ	.	-	-	-	-	+	-	+	+	-	-	-	-	-	-	.	.	+	+	.	+	.	+	-	+	-	.	-	-	+	-	-	-	-	-	-	-	-
z̪ʷ	.	-	-	-	-	+	-	+	+	-	-	-	-	-	.	+	-	+	+	+	+	-	.	.	.	.	.	-	-	+	-	-	-	-	-	-	-	-
z̪ʷ|zʷ	.	-	-	-	-	+	-	+	+	-	-	-	-	-	.	+	-	+	+	.	+	-	.	.	.	.	.	-	-	+	-	-	-	-	-	-	-	-
z̪ː	.	-	-	-	+	+	-	+	+	-	-	-	-	-	-	.	.	+	+	+	+	-	.	.	.	.	.	-	-	+	-	-	-	-	-	-	-	-
z̪ˤ	.	-	-	-	-	+	-	+	+	-	-	-	-	-	-	.	.	+	+	+	+	-	.	.	.	.	.	.	-	+	-	-	-	-	-	-	-	-
z̪ˤ|zˤ	.	-	-	-	-	+	-	+	+	-	-	-	-	-	-	.	.	+	+	.	+	-	.	.	.	.	.	.	-	+	-	-	-	-	-	-	-	-
z̪ˤː	.	-	-	-	+	+	-	+	+	-	-	-	-	-	-	.	.	+	+	+	+	-	.	.	.	.	.	.	-	+	-	-	-	-	-	-	-	-
z̪̻	.	-	-	-	-	+	-	+	+	-	-	-	-	-	-	.	.	+	+	+	+	-	.	.	.	.	.	-	-	+	-	-	-	-	-	-	-	-
z̪͇|z͇	.	-	-	-	-	+	-	+	+	-	-	-	-	-	-	.	.	+	+	.	-	-	.	.	.	.	.	-	-	+	-	-	-	-	-	-	-	-
z̺	.	-	-	-	-	+	-	+	+	-	-	-	-	-	-	.	.	+	+	-	+	-	.	.	.	.	.	-	-	+	-	-	-	-	-	-	-	-
z̻	.	-	-	-	-	+	-	+	+	-	-	-	-	-	-	.	.	+	+	+	+	-	.	.	.	.	.	-	-	+	-	-	-	-	-	-	-	-
z̻ː	.	-	-	-	+	+	-	+	+	-	-	-	-	-	-	.	.	+	+	+	+	-	.	.	.	.	.	-	-	+	-	-	-	-	-	-	-	-
z͇	.	-	-	-	-	+	-	+	+	-	-	-	-	-	-	.	.	+	+	-	-	-	.	.	.	.	.	-	-	+	-	-	-	-	-	-	-	-
z͈ː	.	-	-	-	+	+	-	+	+	-	-	-	-	-	-	.	.	+	+	-	+	-	.	.	.	.	.	-	-	+	-	-	-	+	-	-	-	-
æ	.	-	+	-	-	-	+	+	.	+	-	-	-	-	-	.	.	-	.	.	.	+	-	+	+	-	.	-	-	+	-	-	-	.	.	-	-	.
æe	.	-	+	-	-	-	+	+	.	+	-	-	-	-	-	.	.	-	.	.	.	+	-	.	+	-	+	-	-	+	-	-	-	.	.	-	-	.
æe̯	.	-	.	-	-	-	+	+	.	+	-	-	-	-	-	.	.	-	.	.	.	+	-	.	+	-	+	-	-	+	-	-	-	.	.	-	-	.
æẽ̯	.	-	.	-	-	-	+	+	.	+	-	-	.	-	-	.	.	-	.	.	.	+	-	.	+	-	+	-	-	+	-	-	-	.	.	-	-	.
æi	.	-	+	-	-	-	+	+	.	+	-	-	-	-	-	.	.	-	.	.	.	+	.	.	+	-	+	-	-	+	-	-	-	.	.	-	-	.
æi̯	.	-	.	-	-	-	+	+	.	+	-	-	-	-	-	.	.	-	.	.	.	+	.	.	+	-	+	-	-	+	-	-	-	.	.	-	-	.
æo	.	-	+	-	-	-	+	+	.	+	-	-	-	-	.	+	-	-	.	.	.	+	-	.	.	.	+	-	-	+	-	-	-	.	.	-	-	.
æu	.	-	+	-	-	-	+	+	.	+	-	-	-	-	.	+	-	-	.	.	.	+	.	.	.	.	+	-	-	+	-	-	-	.	.	-	-	.
æu̯	.	-	.	-	-	-	+	+	.	+	-	-	-	-	.	+	-	-	.	.	.	+	.	.	.	.	+	-	-	+	-	-	-	.	.	-	-	.
æɔ	.	-	+	-	-	-	+	+	.	+	-	-	-	-	.	+	-	-	.	.	.	+	-	.	.	.	-	-	-	+	-	-	-	.	.	-	-	.
æɛ	.	-	+	-	-	-	+	+	.	+	-	-	-	-	-	.	.	-	.	.	.	+	-	.	+	-	-	-	-	+	-	-	-	.	.	-	-	.
æɪ	.	-	+	-	-	-	+	+	.	+	-	-	-	-	-	.	.	-	.	.	.	+	.	.	+	-	-	-	-	+	-	-	-	.	.	-	-	.
æɪ̯	.	-	.	-	-	-	+	+	.	+	-	-	-	-	-	.	.	-	.	.	.	+	.	.	+	-	-	-	-	+	-	-	-	.	.	-	-	.
æʉ	.	-	+	-	-	-	+	+	.	+	-	-	-	-	.	+	-	-	.	.	.	+	.	.	.	-	+	-	-	+	-	-	-	.	.	-	-	.
æʌ̯	.	-	.	-	-	-	+	+	.	+	-	-	-	-	-	.	.	-	.	.	.	+	-	.	.	.	-	-	-	+	-	-	-	.	.	-	-	.
æː	.	-	+	-	+	-	+	+	.	+	-	-	-	-	-	.	.	-	.	.	.	+	-	+	+	-	.	-	-	+	-	-	-	.	.	-	-	.
æːi	.	-	+	-	.	-	+	+	.	+	-	-	-	-	-	.	.	-	.	.	.	+	.	.	+	-	+	-	-	+	-	-	-	.	.	-	-	.
æːɪ	.	-	+	-	.	-	+	+	.	+	-	-	-	-	-	.	.	-	.	.	.	+	.	.	+	-	-	-	-	+	-	-	-	.	.	-	-	.
æːʊ	.	-	+	-	.	-	+	+	.	+	-	-	-	-	.	+	-	-	.	.	.	+	.	.	.	.	-	-	-	+	-	-	-	.	.	-	-	.
æˑ	.	-	+	+	+	-	+	+	.	+	-	-	-	-	-	.	.	-	.	.	.	+	-	+	+	-	.	-	-	+	-	-	-	.	.	-	-	.
æˤ	.	-	+	-	-	-	+	+	.	+	-	-	-	-	-	.	.	-	.	.	.	+	-	+	+	-	.	.	-	+	-	-	-	.	.	-	-	.
æ̃	.	-	+	-	-	-	+	+	.	+	-	-	+	-	-	.	.	-	.	.	.	+	-	+	+	-	.	-	-	+	-	-	-	.	.	-	-	.
æ̃ɪ̯̃	.	-	.	-	-	-	+	+	.	+	-	-	+	-	-	.	.	-	.	.	.	+	.	.	+	-	-	-	-	+	-	-	-	.	.	-	-	.
æ̃ː	.	-	+	-	+	-	+	+	.	+	-	-	+	-	-	.	.	-	.	.	.	+	-	+	+	-	.	-	-	+	-	-	-	.	.	-	-	.
æ̞̃	.	-	+	-	-	-	+	+	.	+	-	-	+	-	-	.	.	-	.	.	.	+	-	+	+	-	.	-	-	+	-	-	-	.	.	-	-	.
æ̤	.	-	+	-	-	-	+	+	.	+	-	-	-	-	-	.	.	-	.	.	.	+	-	+	+	-	.	-	-	+	-	+	-	.	.	-	-	.
æ̤ː	.	-	+	-	+	-	+	+	.	+	-	-	-	-	-	.	.	-	.	.	.	+	-	+	+	-	.	-	-	+	-	+	-	.	.	-	-	.
æ̰	.	-	+	-	-	-	+	+	.	+	-	-	-	-	-	.	.	-	.	.	.	+	-	+	+	-	.	-	-	+	-	-	+	.	.	-	-	.
ð	.	-	-	-	-	+	-	+	+	-	-	-	-	-	-	.	.	+	+	+	-	-	.	.	.	.	.	-	-	+	-	-	-	-	-	-	-	-
ðʲ	.	-	-	-	-	+	-	+	+	-	-	-	-	-	-	.	.	+	+	+	-	.	+	-	+	-	.	-	-	+	-	-	-	-	-	-	-	-
ðʼ	.	-	-	-	-	+	-	+	+	-	-	-	-	-	-	.	.	+	+	+	-	-	.	.	.	.	.	-	-	-	-	-	+	-	-	+	-	-
ðː	.	-	-	-	+	+	-	+	+	-	-	-	-	-	-	.	.	+	+	+	-	-	.	.	.	.	.	-	-	+	-	-	-	-	-	-	-	-
ðˠ	.	-	-	-	-	+	-	+	+	-	-	-	-	-	-	.	.	+	+	+	-	.	+	-	-	-	.	-	-	+	-	-	-	-	-	-	-	-
ðˤ	.	-	-	-	-	+	-	+	+	-	-	-	-	-	-	.	.	+	+	+	-	-	.	.	.	.	.	.	-	+	-	-	-	-	-	-	-	-
ð̞	.	-	-	-	-	-	+	+	.	+	-	-	-	-	-	.	.	+	+	+	-	-	.	.	.	.	.	-	-	+	-	-	-	-	-	-	-	-
ð̪	.	-	-	-	-	+	-	+	+	-	-	-	-	-	-	.	.	+	+	+	-	-	.	.	.	.	.	-	-	+	-	-	-	-	-	-	-	-
ð̪̙ˤ	.	-	-	-	-	+	-	+	+	-	-	-	-	-	-	.	.	+	+	+	-	-	.	.	.	.	.	+	-	+	-	-	-	-	-	-	-	-
ð̪̺	.	-	-	-	-	+	-	+	+	-	-	-	-	-	-	.	.	+	+	-	-	-	.	.	.	.	.	-	-	+	-	-	-	-	-	-	-	-
ð̺̞	.	-	-	-	-	-	+	+	.	+	-	-	-	-	-	.	.	+	+	-	-	-	.	.	.	.	.	-	-	+	-	-	-	-	-	-	-	-
ð͇ˠ	.	-	-	-	-	+	-	+	+	-	-	-	-	-	-	.	.	+	+	+	-	.	+	-	-	-	.	-	-	+	-	-	-	-	-	-	-	-
ð͉	.	-	-	-	-	+	-	+	+	-	-	-	-	-	-	.	.	+	+	+	-	-	.	.	.	.	.	-	-	+	-	-	-	-	+	-	-	-
ø	.	-	+	-	-	-	+	+	.	+	-	-	-	-	+	+	-	-	.	.	.	+	-	-	+	-	+	-	-	+	-	-	-	.	.	-	-	.
øu	.	-	+	-	-	-	+	+	.	+	-	-	-	-	+	+	-	-	.	.	.	+	.	-	.	.	+	-	-	+	-	-	-	.	.	-	-	.
øu̯	.	-	.	-	-	-	+	+	.	+	-	-	-	-	+	+	-	-	.	.	.	+	.	-	.	.	+	-	-	+	-	-	-	.	.	-	-	.
øy	.	-	+	-	-	-	+	+	.	+	-	-	-	-	+	+	-	-	.	.	.	+	.	-	+	-	+	-	-	+	-	-	-	.	.	-	-	.
øy̯	.	-	.	-	-	-	+	+	.	+	-	-	-	-	+	+	-	-	.	.	.	+	.	-	+	-	+	-	-	+	-	-	-	.	.	-	-	.
øɘ	.	-	+	-	-	-	+	+	.	+	-	-	-	-	.	+	-	-	.	.	.	+	-	-	.	-	+	-	-	+	-	-	-	.	.	-	-	.
øə	.	-	+	-	-	-	+	+	.	+	-	-	-	-	.	+	-	-	.	.	.	+	-	-	.	-	.	-	-	+	-	-	-	.	.	-	-	.
øɪ	.	-	+	-	-	-	+	+	.	+	-	-	-	-	.	+	-	-	.	.	.	+	.	-	+	-	.	-	-	+	-	-	-	.	.	-	-	.
øɪ̯	.	-	.	-	-	-	+	+	.	+	-	-	-	-	.	+	-	-	.	.	.	+	.	-	+	-	.	-	-	+	-	-	-	.	.	-	-	.
øʌ̯	.	-	.	-	-	-	+	+	.	+	-	-	-	-	.	+	-	-	.	.	.	+	-	-	.	.	.	-	-	+	-	-	-	.	.	-	-	.
øː	.	-	+	-	+	-	+	+	.	+	-	-	-	-	+	+	-	-	.	.	.	+	-	-	+	-	+	-	-	+	-	-	-	.	.	-	-	.
øːy̯	.	-	.	-	.	-	+	+	.	+	-	-	-	-	+	+	-	-	.	.	.	+	.	-	+	-	+	-	-	+	-	-	-	.	.	-	-	.
øˑ	.	-	+	+	+	-	+	+	.	+	-	-	-	-	+	+	-	-	.	.	.	+	-	-	+	-	+	-	-	+	-	-	-	.	.	-	-	.
ø̃	.	-	+	-	-	-	+	+	.	+	-	-	+	-	+	+	-	-	.	.	.	+	-	-	+	-	+	-	-	+	-	-	-	.	.	-	-	.
ø̃ː	.	-	+	-	+	-	+	+	.	+	-	-	+	-	+	+	-	-	.	.	.	+	-	-	+	-	+	-	-	+	-	-	-	.	.	-	-	.
ø̆	.	-	+	+	-	-	+	+	.	+	-	-	-	-	+	+	-	-	.	.	.	+	-	-	+	-	+	-	-	+	-	-	-	.	.	-	-	.
ø̞	.	-	+	-	-	-	+	+	.	+	-	-	-	-	+	+	-	-	.	.	.	+	-	-	+	-	.	-	-	+	-	-	-	.	.	-	-	.
ø̞ː	.	-	+	-	+	-	+	+	.	+	-	-	-	-	+	+	-	-	.	.	.	+	-	-	+	-	.	-	-	+	-	-	-	.	.	-	-	.
ø̞ˤ	.	-	+	-	-	-	+	+	.	+	-	-	-	-	+	+	-	-	.	.	.	+	-	-	+	-	.	.	-	+	-	-	-	.	.	-	-	.
ø̞̜	.	-	+	-	-	-	+	+	.	+	-	-	-	-	+	.	-	-	.	.	.	+	-	-	+	-	.	-	-	+	-	-	-	.	.	-	-	.
ø̞̜ː	.	-	+	-	+	-	+	+	.	+	-	-	-	-	+	.	-	-	.	.	.	+	-	-	+	-	.	-	-	+	-	-	-	.	.	-	-	.
ø̠	.	-	+	-	-	-	+	+	.	+	-	-	-	-	+	+	-	-	-	+	.	+	-	-	+	-	+	-	-	+	-	-	-	.	.	-	-	.
ø̠̞	.	-	+	-	-	-	+	+	.	+	-	-	-	-	+	+	-	-	-	+	.	+	-	-	+	-	.	-	-	+	-	-	-	.	.	-	-	.
ø̤	.	-	+	-	-	-	+	+	.	+	-	-	-	-	+	+	-	-	.	.	.	+	-	-	+	-	+	-	-	+	-	+	-	.	.	-	-	.
ø̰	.	-	+	-	-	-	+	+	.	+	-	-	-	-	+	+	-	-	.	.	.	+	-	-	+	-	+	-	-	+	-	-	+	.	.	-	-	.
ħ	.	-	-	-	-	+	-	+	+	-	-	-	-	-	-	.	.	-	.	.	.	+	-	+	-	+	.	+	-	-	-	-	-	-	-	-	-	-
ħʷ	.	-	-	-	-	+	-	+	+	-	-	-	-	-	.	+	-	-	.	.	.	+	-	+	-	+	.	+	-	-	-	-	-	-	-	-	-	-
ħː	.	-	-	-	+	+	-	+	+	-	-	-	-	-	-	.	.	-	.	.	.	+	-	+	-	+	.	+	-	-	-	-	-	-	-	-	-	-
ħ̃ʲ	.	-	-	-	-	+	-	+	+	-	-	-	+	-	-	.	.	-	.	.	.	+	.	.	.	.	.	+	-	-	-	-	-	-	-	-	-	-
ħ͈ː	.	-	-	-	+	+	-	+	+	-	-	-	-	-	-	.	.	-	.	.	.	+	-	+	-	+	.	+	-	-	-	-	-	+	-	-	-	-
ŋ	.	-	-	-	-	+	+	-	.	-	-	-	+	-	-	.	.	-	.	.	.	+	+	-	-	-	.	-	-	+	-	-	-	-	-	-	-	-
ŋb	.	-	-	-	-	+	.	-	-	-	-	-	.	-	.	-	-	-	.	.	.	.	+	-	-	-	.	-	-	+	-	-	-	-	-	-	-	-
ŋg	.	-	-	-	-	+	.	-	-	-	-	-	.	-	-	.	.	-	.	.	.	+	+	-	-	-	.	-	-	+	-	-	-	-	-	-	-	-
ŋgmb	.	-	-	-	-	+	.	-	-	-	-	-	.	-	.	-	-	-	.	.	.	.	+	-	-	-	.	-	-	+	-	-	-	-	-	-	-	-
ŋgʲ	.	-	-	-	-	+	.	-	-	-	-	-	.	-	-	.	.	-	.	.	.	+	+	-	.	-	.	-	-	+	-	-	-	-	-	-	-	-
ŋgʷ	.	-	-	-	-	+	.	-	-	-	-	-	.	-	.	+	-	-	.	.	.	+	+	-	-	-	.	-	-	+	-	-	-	-	-	-	-	-
ŋgː	.	-	-	-	.	+	.	-	-	-	-	-	.	-	-	.	.	-	.	.	.	+	+	-	-	-	.	-	-	+	-	-	-	-	-	-	-	-
ŋg̟	.	-	-	-	-	+	.	-	-	-	-	-	.	-	-	.	.	-	.	.	.	+	+	-	.	-	.	-	-	+	-	-	-	-	-	-	-	-
ŋh	.	-	-	-	-	.	.	.	+	-	-	-	.	-	-	.	.	-	.	.	.	.	+	-	-	-	.	-	-	.	-	.	-	-	-	-	-	-
ŋhʲ	.	-	-	-	-	.	.	.	+	-	-	-	.	-	-	.	.	-	.	.	.	.	+	-	.	-	.	-	-	.	-	.	-	-	-	-	-	-
ŋhʷ	.	-	-	-	-	.	.	.	+	-	-	-	.	-	.	+	-	-	.	.	.	.	+	-	-	-	.	-	-	.	-	.	-	-	-	-	-	-
ŋhᶣ	.	-	-	-	-	.	.	.	+	-	-	-	.	-	.	+	-	-	.	.	.	.	+	-	.	-	.	-	-	.	-	.	-	-	-	-	-	-
ŋk	.	-	-	-	-	+	.	-	-	-	-	-	.	-	-	.	.	-	.	.	.	+	+	-	-	-	.	-	-	.	-	-	-	-	-	-	-	-
ŋkx	.	-	-	-	-	+	.	-	+	-	-	-	.	-	-	.	.	-	.	.	.	+	+	-	-	-	.	-	-	.	-	-	-	-	-	-	-	-
ŋkɾ	.	-	-	-	-	+	.	.	-	.	.	-	.	-	-	.	.	.	+	-	-	.	+	-	-	-	.	-	-	.	-	-	-	-	-	-	-	-
ŋkʰ	.	-	-	-	-	+	.	-	-	-	-	-	.	-	-	.	.	-	.	.	.	+	+	-	-	-	.	-	-	.	-	.	-	-	-	-	-	-
ŋkʲ	.	-	-	-	-	+	.	-	-	-	-	-	.	-	-	.	.	-	.	.	.	+	+	-	.	-	.	-	-	.	-	-	-	-	-	-	-	-
ŋkʷ	.	-	-	-	-	+	.	-	-	-	-	-	.	-	.	+	-	-	.	.	.	+	+	-	-	-	.	-	-	.	-	-	-	-	-	-	-	-
ŋkʼ	.	-	-	-	-	+	.	-	-	-	-	-	.	-	-	.	.	-	.	.	.	+	+	-	-	-	.	-	-	.	-	-	.	-	-	.	-	-
ŋm	.	-	-	-	-	+	+	-	.	-	-	-	+	-	.	-	-	-	.	.	.	.	+	-	-	-	.	-	-	+	-	-	-	-	-	-	-	-
ŋmgb	.	-	-	-	-	+	.	-	-	-	-	-	.	-	+	-	-	-	.	.	.	+	+	-	-	-	.	-	-	+	-	-	-	-	-	-	-	-
ŋmkp	.	-	-	-	-	+	.	-	-	-	-	-	.	-	+	-	-	-	.	.	.	+	+	-	-	-	.	-	-	.	-	-	-	-	-	-	-	-
ŋmkpɾ	.	-	-	-	-	+	.	-	-	-	.	-	.	-	+	-	-	+	+	-	-	+	+	-	-	-	.	-	-	.	-	-	-	-	-	-	-	-
ŋmʲ	.	-	-	-	-	+	+	-	.	-	-	-	+	-	.	-	-	-	.	.	.	.	+	-	.	-	.	-	-	+	-	-	-	-	-	-	-	-
ŋmʷ	.	-	-	-	-	+	+	-	.	-	-	-	+	-	.	.	-	-	.	.	.	.	+	-	-	-	.	-	-	+	-	-	-	-	-	-	-	-
ŋmˤ	.	-	-	-	-	+	+	-	.	-	-	-	+	-	.	-	-	-	.	.	.	.	+	-	-	-	.	.	-	+	-	-	-	-	-	-	-	-
ŋxʰ	.	-	-	-	-	+	.	.	+	-	-	-	.	-	-	.	.	-	.	.	.	+	+	-	-	-	.	-	-	.	-	.	-	-	-	-	-	-
ŋǀ	.	-	-	-	-	+	+	-	.	-	-	-	+	-	-	.	.	+	+	+	-	+	+	-	-	-	.	-	-	+	-	-	-	-	-	-	-	+
ŋǀʱ	.	-	-	-	-	+	+	-	.	-	-	-	+	-	-	.	.	+	+	+	-	+	+	-	-	-	.	-	-	+	-	+	-	-	-	-	-	+
ŋǀ͓	.	-	-	-	-	+	+	-	+	-	-	-	+	-	-	.	.	+	+	+	-	+	+	-	-	-	.	-	-	+	-	-	-	-	-	-	-	+
ŋǁ	.	-	-	-	-	+	+	-	.	-	-	-	+	+	-	.	.	+	+	-	-	+	+	-	-	-	.	-	-	+	-	-	-	-	-	-	-	+
ŋǁʼ	.	-	-	-	-	+	+	-	.	-	-	-	+	+	-	.	.	+	+	-	-	+	+	-	-	-	.	-	-	-	-	-	+	-	-	+	-	+
ŋǁ͓	.	-	-	-	-	+	+	-	+	-	-	-	+	+	-	.	.	+	+	-	-	+	+	-	-	-	.	-	-	+	-	-	-	-	-	-	-	+
ŋǂ	.	-	-	-	-	+	+	-	.	-	-	-	+	-	-	.	.	+	-	+	-	+	+	-	-	-	.	-	-	+	-	-	-	-	-	-	-	+
ŋǂ͓ˡ	.	-	-	-	-	+	+	-	+	-	-	-	+	.	-	.	.	+	-	+	-	+	+	-	-	-	.	-	-	+	-	-	-	-	-	-	-	+
ŋǃ	.	-	-	-	-	+	+	-	.	-	-	-	+	-	-	.	.	+	+	-	-	+	+	-	-	-	.	-	-	+	-	-	-	-	-	-	-	+
ŋǃʱ	.	-	-	-	-	+	+	-	.	-	-	-	+	-	-	.	.	+	+	-	-	+	+	-	-	-	.	-	-	+	-	+	-	-	-	-	-	+
ŋǃʼ	.	-	-	-	-	+	+	-	.	-	-	-	+	-	-	.	.	+	+	-	-	+	+	-	-	-	.	-	-	-	-	-	+	-	-	+	-	+
ŋǃ̠	.	-	-	-	-	+	+	-	.	-	-	-	+	-	-	.	.	+	-	+	-	+	+	-	-	-	.	-	-	+	-	-	-	-	-	-	-	+
ŋɣ	.	-	-	-	-	+	.	.	+	-	-	-	.	-	-	.	.	-	.	.	.	+	+	-	-	-	.	-	-	+	-	-	-	-	-	-	-	-
ŋɣʲ	.	-	-	-	-	+	.	.	+	-	-	-	.	-	-	.	.	-	.	.	.	+	+	-	.	-	.	-	-	+	-	-	-	-	-	-	-	-
ŋɣʷ	.	-	-	-	-	+	.	.	+	-	-	-	.	-	.	+	-	-	.	.	.	+	+	-	-	-	.	-	-	+	-	-	-	-	-	-	-	-
ŋɣᶣ	.	-	-	-	-	+	.	.	+	-	-	-	.	-	.	+	-	-	.	.	.	+	+	-	.	-	.	-	-	+	-	-	-	-	-	-	-	-
ŋɾ	.	-	-	-	-	+	+	.	.	.	.	-	.	-	-	.	.	.	+	-	-	.	+	-	-	-	.	-	-	+	-	-	-	-	-	-	-	-
ŋʘ	.	-	-	-	-	+	+	-	.	-	-	-	+	-	+	-	-	-	.	.	.	+	+	-	-	-	.	-	-	+	-	-	-	-	-	-	-	+
ŋʰ	.	-	-	-	-	+	+	-	.	-	-	-	+	-	-	.	.	-	.	.	.	+	+	-	-	-	.	-	-	-	-	+	-	-	-	-	-	-
ŋʱ	.	-	-	-	-	+	+	-	.	-	-	-	+	-	-	.	.	-	.	.	.	+	+	-	-	-	.	-	-	+	-	+	-	-	-	-	-	-
ŋʲ	.	-	-	-	-	+	+	-	.	-	-	-	+	-	-	.	.	-	.	.	.	+	+	-	.	-	.	-	-	+	-	-	-	-	-	-	-	-
ŋʲː	.	-	-	-	+	+	+	-	.	-	-	-	+	-	-	.	.	-	.	.	.	+	+	-	.	-	.	-	-	+	-	-	-	-	-	-	-	-
ŋʷ	.	-	-	-	-	+	+	-	.	-	-	-	+	-	.	+	-	-	.	.	.	+	+	-	-	-	.	-	-	+	-	-	-	-	-	-	-	-
ŋʷʲ	.	-	-	-	-	+	+	-	.	-	-	-	+	-	.	+	-	-	.	.	.	+	+	-	.	-	.	-	-	+	-	-	-	-	-	-	-	-
ŋʷː	.	-	-	-	+	+	+	-	.	-	-	-	+	-	.	+	-	-	.	.	.	+	+	-	-	-	.	-	-	+	-	-	-	-	-	-	-	-
ŋˀ	.	-	-	-	-	+	+	-	.	-	-	-	+	-	-	.	.	-	.	.	.	+	+	-	-	-	.	-	-	+	-	-	+	-	-	-	-	-
ŋː	.	-	-	-	+	+	+	-	.	-	-	-	+	-	-	.	.	-	.	.	.	+	+	-	-	-	.	-	-	+	-	-	-	-	-	-	-	-
ŋˑ	.	-	-	+	+	+	+	-	.	-	-	-	+	-	-	.	.	-	.	.	.	+	+	-	-	-	.	-	-	+	-	-	-	-	-	-	-	-
ŋˤ	.	-	-	-	-	+	+	-	.	-	-	-	+	-	-	.	.	-	.	.	.	+	+	-	-	-	.	.	-	+	-	-	-	-	-	-	-	-
ŋ̊	.	-	-	-	-	+	+	-	.	-	-	-	+	-	-	.	.	-	.	.	.	+	+	-	-	-	.	-	-	-	-	-	-	-	-	-	-	-
ŋ̊ǀ	.	-	-	-	-	+	+	-	.	-	-	-	+	-	-	.	.	+	+	+	-	+	+	-	-	-	.	-	-	-	-	-	-	-	-	-	-	+
ŋ̊ǁ	.	-	-	-	-	+	+	-	.	-	-	-	+	+	-	.	.	+	+	-	-	+	+	-	-	-	.	-	-	-	-	-	-	-	-	-	-	+
ŋ̊ǂ	.	-	-	-	-	+	+	-	.	-	-	-	+	-	-	.	.	+	-	+	-	+	+	-	-	-	.	-	-	-	-	-	-	-	-	-	-	+
ŋ̊ǃ	.	-	-	-	-	+	+	-	.	-	-	-	+	-	-	.	.	+	+	-	-	+	+	-	-	-	.	-	-	-	-	-	-	-	-	-	-	+
ŋ̊ʘ	.	-	-	-	-	+	+	-	.	-	-	-	+	-	+	-	-	-	.	.	.	+	+	-	-	-	.	-	-	-	-	-	-	-	-	-	-	+
ŋ̞	.	-	-	-	-	+	+	-	+	-	-	-	+	-	-	.	.	-	.	.	.	+	+	-	-	-	.	-	-	+	-	-	-	-	-	-	-	-
ŋ̟	.	-	-	-	-	+	+	-	.	-	-	-	+	-	-	.	.	-	.	.	.	+	+	-	+	-	.	-	-	+	-	-	-	-	-	-	-	-
ŋ̤	.	-	-	-	-	+	+	-	.	-	-	-	+	-	-	.	.	-	.	.	.	+	+	-	-	-	.	-	-	+	-	+	-	-	-	-	-	-
ŋ̤gǃ	.	-	-	-	-	+	.	-	-	-	-	-	.	-	-	.	.	.	+	-	-	+	+	-	-	-	.	-	-	+	-	.	-	-	-	-	-	.
ŋ̤g̤	.	-	-	-	-	+	.	-	-	-	-	-	.	-	-	.	.	-	.	.	.	+	+	-	-	-	.	-	-	+	-	+	-	-	-	-	-	-
ŋ̤kʰ	.	-	-	-	-	+	.	-	-	-	-	-	.	-	-	.	.	-	.	.	.	+	+	-	-	-	.	-	-	.	-	+	-	-	-	-	-	-
ŋ̤ǀ	.	-	-	-	-	+	+	-	.	-	-	-	+	-	-	.	.	+	+	+	-	+	+	-	-	-	.	-	-	+	-	+	-	-	-	-	-	+
ŋ̤ǀ͓	.	-	-	-	-	+	+	-	+	-	-	-	+	-	-	.	.	+	+	+	-	+	+	-	-	-	.	-	-	+	-	+	-	-	-	-	-	+
ŋ̤ǁ	.	-	-	-	-	+	+	-	.	-	-	-	+	+	-	.	.	+	+	-	-	+	+	-	-	-	.	-	-	+	-	+	-	-	-	-	-	+
ŋ̤ǂ	.	-	-	-	-	+	+	-	.	-	-	-	+	-	-	.	.	+	-	+	-	+	+	-	-	-	.	-	-	+	-	+	-	-	-	-	-	+
ŋ̤ǂ͓ˡ	.	-	-	-	-	+	+	-	+	-	-	-	+	.	-	.	.	+	-	+	-	+	+	-	-	-	.	-	-	+	-	+	-	-	-	-	-	+
ŋ̤ǃ	.	-	-	-	-	+	+	-	.	-	-	-	+	-	-	.	.	+	+	-	-	+	+	-	-	-	.	-	-	+	-	+	-	-	-	-	-	+
ŋ̤ʱ	.	-	-	-	-	+	+	-	.	-	-	-	+	-	-	.	.	-	.	.	.	+	+	-	-	-	.	-	-	+	-	+	-	-	-	-	-	-
ŋ̥	.	-	-	-	-	+	+	-	.	-	-	-	+	-	-	.	.	-	.	.	.	+	+	-	-	-	.	-	-	-	-	-	-	-	-	-	-	-
ŋ̥m̥	.	-	-	-	-	+	+	-	.	-	-	-	+	-	.	-	-	-	.	.	.	.	+	-	-	-	.	-	-	-	-	-	-	-	-	-	-	-
ŋ̥ŋ	.	-	-	-	-	+	+	-	.	-	-	-	+	-	-	.	.	-	.	.	.	+	+	-	-	-	.	-	-	.	-	-	-	-	-	-	-	-
ŋ̥ǀ͓xˀ	.	-	-	-	-	+	.	.	+	-	-	-	.	-	-	.	.	.	+	+	-	+	+	-	-	-	.	-	-	-	-	-	.	-	-	-	-	.
ŋ̥ǀ͓ʰ	.	-	-	-	-	+	+	-	+	-	-	-	+	-	-	.	.	+	+	+	-	+	+	-	-	-	.	-	-	-	-	+	-	-	-	-	-	+
ŋ̥ǀ͓ˀ	.	-	-	-	-	+	+	-	+	-	-	-	+	-	-	.	.	+	+	+	-	+	+	-	-	-	.	-	-	-	-	-	+	-	-	-	-	+
ŋ̥ǁ͓ʰ	.	-	-	-	-	+	+	-	+	-	-	-	+	+	-	.	.	+	+	-	-	+	+	-	-	-	.	-	-	-	-	+	-	-	-	-	-	+
ŋ̥ǁ͓ˀ	.	-	-	-	-	+	+	-	+	-	-	-	+	+	-	.	.	+	+	-	-	+	+	-	-	-	.	-	-	-	-	-	+	-	-	-	-	+
ŋ̥ǂxˀ	.	-	-	-	-	+	.	.	+	-	-	-	.	-	-	.	.	.	-	+	-	+	+	-	-	-	.	-	-	-	-	-	.	-	-	-	-	.
ŋ̥ǂʰ	.	-	-	-	-	+	+	-	.	-	-	-	+	-	-	.	.	+	-	+	-	+	+	-	-	-	.	-	-	-	-	+	-	-	-	-	-	+
ŋ̥ǂˀ	.	-	-	-	-	+	+	-	.	-	-	-	+	-	-	.	.	+	-	+	-	+	+	-	-	-	.	-	-	-	-	-	+	-	-	-	-	+
ŋ̥ǂ͓ˡxˀ	.	-	-	-	-	+	.	.	+	-	-	-	.	.	-	.	.	.	-	+	-	+	+	-	-	-	.	-	-	-	-	-	.	-	-	-	-	.
ŋ̥ǂ͓ˡʰ	.	-	-	-	-	+	+	-	+	-	-	-	+	.	-	.	.	+	-	+	-	+	+	-	-	-	.	-	-	-	-	+	-	-	-	-	-	+
ŋ̥ǂ͓ˡˀ	.	-	-	-	-	+	+	-	+	-	-	-	+	.	-	.	.	+	-	+	-	+	+	-	-	-	.	-	-	-	-	-	+	-	-	-	-	+
ŋ̥ǃ	.	-	-	-	-	+	+	-	.	-	-	-	+	-	-	.	.	+	+	-	-	+	+	-	-	-	.	-	-	-	-	-	-	-	-	-	-	+
ŋ̥ǃˀ	.	-	-	-	-	+	+	-	.	-	-	-	+	-	-	.	.	+	+	-	-	+	+	-	-	-	.	-	-	-	-	-	+	-	-	-	-	+
ŋ̥ǃˠˀ	.	-	-	-	-	+	+	-	.	-	-	-	+	-	-	.	.	+	+	-	-	+	+	-	-	-	.	-	-	-	-	-	+	-	-	-	-	+
ŋ̥ǃ̠ʰ	.	-	-	-	-	+	+	-	.	-	-	-	+	-	-	.	.	+	-	+	-	+	+	-	-	-	.	-	-	-	-	+	-	-	-	-	-	+
ŋ̥ǃ̠ˀ	.	-	-	-	-	+	+	-	.	-	-	-	+	-	-	.	.	+	-	+	-	+	+	-	-	-	.	-	-	-	-	-	+	-	-	-	-	+
ŋ̥ʲ	.	-	-	-	-	+	+	-	.	-	-	-	+	-	-	.	.	-	.	.	.	+	+	-	.	-	.	-	-	-	-	-	-	-	-	-	-	-
ŋ̥ʷ	.	-	-	-	-	+	+	-	.	-	-	-	+	-	.	+	-	-	.	.	.	+	+	-	-	-	.	-	-	-	-	-	-	-	-	-	-	-
ŋ̩	.	-	+	-	-	+	+	-	.	-	-	-	+	-	-	.	.	-	.	.	.	+	+	-	-	-	.	-	-	+	-	-	-	-	-	-	-	-
ŋ̩ʷ	.	-	+	-	-	+	+	-	.	-	-	-	+	-	.	+	-	-	.	.	.	+	+	-	-	-	.	-	-	+	-	-	-	-	-	-	-	-
ŋ̰	.	-	-	-	-	+	+	-	.	-	-	-	+	-	-	.	.	-	.	.	.	+	+	-	-	-	.	-	-	+	-	-	+	-	-	-	-	-
ŋ‼	.	-	-	-	-	+	+	-	.	-	-	-	+	-	-	.	.	+	-	-	-	+	+	-	-	-	.	-	-	+	-	-	-	-	-	-	-	+
ŋ‼ʱ	.	-	-	-	-	+	+	-	.	-	-	-	+	-	-	.	.	+	-	-	-	+	+	-	-	-	.	-	-	+	-	+	-	-	-	-	-	+
œ	.	-	+	-	-	-	+	+	.	+	-	-	-	-	+	+	-	-	.	.	.	+	-	-	+	-	-	-	-	+	-	-	-	.	.	-	-	.
œi	.	-	+	-	-	-	+	+	.	+	-	-	-	-	.	+	-	-	.	.	.	+	.	-	+	-	.	-	-	+	-	-	-	.	.	-	-	.
œi̯	.	-	.	-	-	-	+	+	.	+	-	-	-	-	.	+	-	-	.	.	.	+	.	-	+	-	.	-	-	+	-	-	-	.	.	-	-	.
œu	.	-	+	-	-	-	+	+	.	+	-	-	-	-	+	+	-	-	.	.	.	+	.	-	.	.	.	-	-	+	-	-	-	.	.	-	-	.
œu̯	.	-	.	-	-	-	+	+	.	+	-	-	-	-	+	+	-	-	.	.	.	+	.	-	.	.	.	-	-	+	-	-	-	.	.	-	-	.
œy	.	-	+	-	-	-	+	+	.	+	-	-	-	-	+	+	-	-	.	.	.	+	.	-	+	-	.	-	-	+	-	-	-	.	.	-	-	.
œyː	.	-	+	-	.	-	+	+	.	+	-	-	-	-	+	+	-	-	.	.	.	+	.	-	+	-	.	-	-	+	-	-	-	.	.	-	-	.
œʏ	.	-	+	-	-	-	+	+	.	+	-	-	-	-	+	+	-	-	.	.	.	+	.	-	+	-	-	-	-	+	-	-	-	.	.	-	-	.
œː	.	-	+	-	+	-	+	+	.	+	-	-	-	-	+	+	-	-	.	.	.	+	-	-	+	-	-	-	-	+	-	-	-	.	.	-	-	.
œ̃	.	-	+	-	-	-	+	+	.	+	-	-	+	-	+	+	-	-	.	.	.	+	-	-	+	-	-	-	-	+	-	-	-	.	.	-	-	.
œ̃ɛ̃	.	-	+	-	-	-	+	+	.	+	-	-	+	-	.	+	-	-	.	.	.	+	-	-	+	-	-	-	-	+	-	-	-	.	.	-	-	.
œ̃ː	.	-	+	-	+	-	+	+	.	+	-	-	+	-	+	+	-	-	.	.	.	+	-	-	+	-	-	-	-	+	-	-	-	.	.	-	-	.
œ̜	.	-	+	-	-	-	+	+	.	+	-	-	-	-	+	.	-	-	.	.	.	+	-	-	+	-	-	-	-	+	-	-	-	.	.	-	-	.
œ̜ː	.	-	+	-	+	-	+	+	.	+	-	-	-	-	+	.	-	-	.	.	.	+	-	-	+	-	-	-	-	+	-	-	-	.	.	-	-	.
œ̞	.	-	+	-	-	-	+	+	.	+	-	-	-	-	+	+	-	-	.	.	.	+	-	.	+	-	-	-	-	+	-	-	-	.	.	-	-	.
œ̞ɛ̞	.	-	+	-	-	-	+	+	.	+	-	-	-	-	.	+	-	-	.	.	.	+	-	.	+	-	-	-	-	+	-	-	-	.	.	-	-	.
œ̞ʌ̯	.	-	.	-	-	-	+	+	.	+	-	-	-	-	.	+	-	-	.	.	.	+	-	-	.	.	-	-	-	+	-	-	-	.	.	-	-	.
œ̞ː	.	-	+	-	+	-	+	+	.	+	-	-	-	-	+	+	-	-	.	.	.	+	-	.	+	-	-	-	-	+	-	-	-	.	.	-	-	.
œ̠	.	-	+	-	-	-	+	+	.	+	-	-	-	-	+	+	-	-	-	+	.	+	-	-	+	-	-	-	-	+	-	-	-	.	.	-	-	.
œ̠ː	.	-	+	-	+	-	+	+	.	+	-	-	-	-	+	+	-	-	-	+	.	+	-	-	+	-	-	-	-	+	-	-	-	.	.	-	-	.
œ̤	.	-	+	-	-	-	+	+	.	+	-	-	-	-	+	+	-	-	.	.	.	+	-	-	+	-	-	-	-	+	-	+	-	.	.	-	-	.
œ̰ː	.	-	+	-	+	-	+	+	.	+	-	-	-	-	+	+	-	-	.	.	.	+	-	-	+	-	-	-	-	+	-	-	+	.	.	-	-	.
ȴ	.	-	-	-	-	+	+	+	.	+	-	-	-	+	-	.	.	+	+	+	-	+	+	-	+	-	.	-	-	+	-	-	-	-	-	-	-	-
ȴʷ	.	-	-	-	-	+	+	+	.	+	-	-	-	+	.	+	-	+	+	+	-	+	+	-	+	-	.	-	-	+	-	-	-	-	-	-	-	-
ȵ	.	-	-	-	-	+	+	-	.	-	-	-	+	-	-	.	.	+	+	+	-	+	+	-	+	-	.	-	-	+	-	-	-	-	-	-	-	-
ȵʷ	.	-	-	-	-	+	+	-	.	-	-	-	+	-	.	+	-	+	+	+	-	+	+	-	+	-	.	-	-	+	-	-	-	-	-	-	-	-
ȶ	.	-	-	-	-	+	-	-	-	-	-	-	-	-	-	.	.	+	+	+	-	+	+	-	+	-	.	-	-	-	-	-	-	-	-	-	-	-
ȶȵ	.	-	-	-	-	+	.	-	-	-	-	-	.	-	-	.	.	+	+	+	-	+	+	-	+	-	.	-	-	.	-	-	-	-	-	-	-	-
ȶʷ	.	-	-	-	-	+	-	-	-	-	-	-	-	-	.	+	-	+	+	+	-	+	+	-	+	-	.	-	-	-	-	-	-	-	-	-	-	-
ȶ͈	.	-	-	-	-	+	-	-	-	-	-	-	-	-	-	.	.	+	+	+	-	+	+	-	+	-	.	-	-	-	-	-	-	+	-	-	-	-
ȶ͉	.	-	-	-	-	+	-	-	-	-	-	-	-	-	-	.	.	+	+	+	-	+	+	-	+	-	.	-	-	-	-	-	-	-	+	-	-	-
ɐ	.	-	+	-	-	-	+	+	.	+	-	-	-	-	+	+	-	-	.	.	.	+	-	+	-	-	.	-	-	+	-	-	-	.	.	-	-	.
ɐi	.	-	+	-	-	-	+	+	.	+	-	-	-	-	.	+	-	-	.	.	.	+	.	.	.	-	+	-	-	+	-	-	-	.	.	-	-	.
ɐi̯	.	-	.	-	-	-	+	+	.	+	-	-	-	-	.	+	-	-	.	.	.	+	.	.	.	-	+	-	-	+	-	-	-	.	.	-	-	.
ɐu	.	-	+	-	-	-	+	+	.	+	-	-	-	-	+	+	-	-	.	.	.	+	.	.	-	.	+	-	-	+	-	-	-	.	.	-	-	.
ɐɪ	.	-	+	-	-	-	+	+	.	+	-	-	-	-	.	+	-	-	.	.	.	+	.	.	.	-	-	-	-	+	-	-	-	.	.	-	-	.
ɐʉ	.	-	+	-	-	-	+	+	.	+	-	-	-	-	+	+	-	-	.	.	.	+	.	.	-	-	+	-	-	+	-	-	-	.	.	-	-	.
ɐʊ	.	-	+	-	-	-	+	+	.	+	-	-	-	-	+	+	-	-	.	.	.	+	.	.	-	.	-	-	-	+	-	-	-	.	.	-	-	.
ɐː	.	-	+	-	+	-	+	+	.	+	-	-	-	-	+	+	-	-	.	.	.	+	-	+	-	-	.	-	-	+	-	-	-	.	.	-	-	.
ɐˤ	.	-	+	-	-	-	+	+	.	+	-	-	-	-	+	+	-	-	.	.	.	+	-	+	-	-	.	.	-	+	-	-	-	.	.	-	-	.
ɐ̃	.	-	+	-	-	-	+	+	.	+	-	-	+	-	+	+	-	-	.	.	.	+	-	+	-	-	.	-	-	+	-	-	-	.	.	-	-	.
ɐ̃i	.	-	+	-	-	-	+	+	.	+	-	-	.	-	.	+	-	-	.	.	.	+	.	.	.	-	+	-	-	+	-	-	-	.	.	-	-	.
ɐ̃u̜	.	-	+	-	-	-	+	+	.	+	-	-	.	-	+	+	-	-	.	.	.	+	.	.	-	.	+	-	-	+	-	-	-	.	.	-	-	.
ɐ̃ɪ̯̃	.	-	.	-	-	-	+	+	.	+	-	-	+	-	.	+	-	-	.	.	.	+	.	.	.	-	-	-	-	+	-	-	-	.	.	-	-	.
ɐ̃ʊ̯̃	.	-	.	-	-	-	+	+	.	+	-	-	+	-	+	+	-	-	.	.	.	+	.	.	-	.	-	-	-	+	-	-	-	.	.	-	-	.
ɐ̆	.	-	+	+	-	-	+	+	.	+	-	-	-	-	+	+	-	-	.	.	.	+	-	+	-	-	.	-	-	+	-	-	-	.	.	-	-	.
ɐ̟	.	-	+	-	-	-	+	+	.	+	-	-	-	-	+	+	-	-	.	.	.	+	-	+	.	-	.	-	-	+	-	-	-	.	.	-	-	.
ɐ̹̆	.	-	+	+	-	-	+	+	.	+	-	-	-	-	+	+	-	-	.	.	.	+	-	+	-	-	.	-	-	+	-	-	-	.	.	-	-	.
ɑ	.	-	+	-	-	-	+	+	.	+	-	-	-	-	-	.	.	-	.	.	.	+	-	+	-	+	.	-	-	+	-	-	-	.	.	-	-	.
ɑe	.	-	+	-	-	-	+	+	.	+	-	-	-	-	-	.	.	-	.	.	.	+	-	.	.	.	+	-	-	+	-	-	-	.	.	-	-	.
ɑi	.	-	+	-	-	-	+	+	.	+	-	-	-	-	-	.	.	-	.	.	.	+	.	.	.	.	+	-	-	+	-	-	-	.	.	-	-	.
ɑi̯	.	-	.	-	-	-	+	+	.	+	-	-	-	-	-	.	.	-	.	.	.	+	.	.	.	.	+	-	-	+	-	-	-	.	.	-	-	.
ɑo	.	-	+	-	-	-	+	+	.	+	-	-	-	-	.	+	-	-	.	.	.	+	-	.	-	+	+	-	-	+	-	-	-	.	.	-	-	.
ɑu	.	-	+	-	-	-	+	+	.	+	-	-	-	-	.	+	-	-	.	.	.	+	.	.	-	+	+	-	-	+	-	-	-	.	.	-	-	.
ɑuː	.	-	+	-	.	-	+	+	.	+	-	-	-	-	.	+	-	-	.	.	.	+	.	.	-	+	+	-	-	+	-	-	-	.	.	-	-	.
ɑu̯	.	-	.	-	-	-	+	+	.	+	-	-	-	-	.	+	-	-	.	.	.	+	.	.	-	+	+	-	-	+	-	-	-	.	.	-	-	.
ɑy	.	-	+	-	-	-	+	+	.	+	-	-	-	-	.	+	-	-	.	.	.	+	.	.	.	.	+	-	-	+	-	-	-	.	.	-	-	.
ɑɪ	.	-	+	-	-	-	+	+	.	+	-	-	-	-	-	.	.	-	.	.	.	+	.	.	.	.	-	-	-	+	-	-	-	.	.	-	-	.
ɑɯ	.	-	+	-	-	-	+	+	.	+	-	-	-	-	-	.	.	-	.	.	.	+	.	.	-	+	+	-	-	+	-	-	-	.	.	-	-	.
ɑʊ	.	-	+	-	-	-	+	+	.	+	-	-	-	-	.	+	-	-	.	.	.	+	.	.	-	+	-	-	-	+	-	-	-	.	.	-	-	.
ɑʊ̯	.	-	.	-	-	-	+	+	.	+	-	-	-	-	.	+	-	-	.	.	.	+	.	.	-	+	-	-	-	+	-	-	-	.	.	-	-	.
ɑː	.	-	+	-	+	-	+	+	.	+	-	-	-	-	-	.	.	-	.	.	.	+	-	+	-	+	.	-	-	+	-	-	-	.	.	-	-	.
ɑːi̯	.	-	.	-	.	-	+	+	.	+	-	-	-	-	-	.	.	-	.	.	.	+	.	.	.	.	+	-	-	+	-	-	-	.	.	-	-	.
ɑˑ	.	-	+	+	+	-	+	+	.	+	-	-	-	-	-	.	.	-	.	.	.	+	-	+	-	+	.	-	-	+	-	-	-	.	.	-	-	.
ɑ˞	.	-	+	-	-	-	+	+	.	+	-	-	-	-	-	.	.	+	+	+	+	+	-	+	-	+	.	-	-	+	-	-	-	.	.	-	-	.
ɑˤː	.	-	+	-	+	-	+	+	.	+	-	-	-	-	-	.	.	-	.	.	.	+	-	+	-	+	.	.	-	+	-	-	-	.	.	-	-	.
ɑ̃	.	-	+	-	-	-	+	+	.	+	-	-	+	-	-	.	.	-	.	.	.	+	-	+	-	+	.	-	-	+	-	-	-	.	.	-	-	.
ɑ̃ĩ	.	-	+	-	-	-	+	+	.	+	-	-	+	-	-	.	.	-	.	.	.	+	.	.	.	.	+	-	-	+	-	-	-	.	.	-	-	.
ɑ̃õ	.	-	+	-	-	-	+	+	.	+	-	-	+	-	.	+	-	-	.	.	.	+	-	.	-	+	+	-	-	+	-	-	-	.	.	-	-	.
ɑ̃ɔ̃	.	-	+	-	-	-	+	+	.	+	-	-	+	-	.	+	-	-	.	.	.	+	-	.	-	+	-	-	-	+	-	-	-	.	.	-	-	.
ɑ̃ː	.	-	+	-	+	-	+	+	.	+	-	-	+	-	-	.	.	-	.	.	.	+	-	+	-	+	.	-	-	+	-	-	-	.	.	-	-	.
ɑ̃˞	.	-	+	-	-	-	+	+	.	+	-	-	+	-	-	.	.	+	+	+	+	+	-	+	-	+	.	-	-	+	-	-	-	.	.	-	-	.
ɑ̆	.	-	+	+	-	-	+	+	.	+	-	-	-	-	-	.	.	-	.	.	.	+	-	+	-	+	.	-	-	+	-	-	-	.	.	-	-	.
ɑ̈	.	-	+	-	-	-	+	+	.	+	-	-	-	-	-	.	.	-	.	.	.	+	-	+	-	.	.	-	-	+	-	-	-	.	.	-	-	.
ɑ̈ː	.	-	+	-	+	-	+	+	.	+	-	-	-	-	-	.	.	-	.	.	.	+	-	+	-	.	.	-	-	+	-	-	-	.	.	-	-	.
ɑ̙	.	-	+	-	-	-	+	+	.	+	-	-	-	-	-	.	.	-	.	.	.	+	-	+	-	+	.	+	-	+	-	-	-	.	.	-	-	.
ɑ̝	.	-	+	-	-	-	+	+	.	+	-	-	-	-	-	.	.	-	.	.	.	+	-	.	-	+	.	-	-	+	-	-	-	.	.	-	-	.
ɑ̝ː	.	-	+	-	+	-	+	+	.	+	-	-	-	-	-	.	.	-	.	.	.	+	-	.	-	+	.	-	-	+	-	-	-	.	.	-	-	.
ɑ̝̹	.	-	+	-	-	-	+	+	.	+	-	-	-	-	-	.	.	-	.	.	.	+	-	.	-	+	.	-	-	+	-	-	-	.	.	-	-	.
ɑ̟ː	.	-	+	-	+	-	+	+	.	+	-	-	-	-	-	.	.	-	.	.	.	+	-	+	-	.	.	-	-	+	-	-	-	.	.	-	-	.
ɑ̟ˑ	.	-	+	+	+	-	+	+	.	+	-	-	-	-	-	.	.	-	.	.	.	+	-	+	-	.	.	-	-	+	-	-	-	.	.	-	-	.
ɑ̟̝	.	-	+	-	-	-	+	+	.	+	-	-	-	-	-	.	.	-	.	.	.	+	-	.	-	.	.	-	-	+	-	-	-	.	.	-	-	.
ɑ̤	.	-	+	-	-	-	+	+	.	+	-	-	-	-	-	.	.	-	.	.	.	+	-	+	-	+	.	-	-	+	-	+	-	.	.	-	-	.
ɑ̤ː	.	-	+	-	+	-	+	+	.	+	-	-	-	-	-	.	.	-	.	.	.	+	-	+	-	+	.	-	-	+	-	+	-	.	.	-	-	.
ɑ̰ː	.	-	+	-	+	-	+	+	.	+	-	-	-	-	-	.	.	-	.	.	.	+	-	+	-	+	.	-	-	+	-	-	+	.	.	-	-	.
ɒ	.	-	+	-	-	-	+	+	.	+	-	-	-	-	+	+	-	-	.	.	.	+	-	+	-	+	.	-	-	+	-	-	-	.	.	-	-	.
ɒu̯	.	-	.	-	-	-	+	+	.	+	-	-	-	-	+	+	-	-	.	.	.	+	.	.	-	+	+	-	-	+	-	-	-	.	.	-	-	.
ɒɯ	.	-	+	-	-	-	+	+	.	+	-	-	-	-	.	+	-	-	.	.	.	+	.	.	-	+	+	-	-	+	-	-	-	.	.	-	-	.
ɒː	.	-	+	-	+	-	+	+	.	+	-	-	-	-	+	+	-	-	.	.	.	+	-	+	-	+	.	-	-	+	-	-	-	.	.	-	-	.
ɒːi̯	.	-	.	-	.	-	+	+	.	+	-	-	-	-	.	+	-	-	.	.	.	+	.	.	.	.	+	-	-	+	-	-	-	.	.	-	-	.
ɒ̃	.	-	+	-	-	-	+	+	.	+	-	-	+	-	+	+	-	-	.	.	.	+	-	+	-	+	.	-	-	+	-	-	-	.	.	-	-	.
ɒ̃ː	.	-	+	-	+	-	+	+	.	+	-	-	+	-	+	+	-	-	.	.	.	+	-	+	-	+	.	-	-	+	-	-	-	.	.	-	-	.
ɒ̆	.	-	+	+	-	-	+	+	.	+	-	-	-	-	+	+	-	-	.	.	.	+	-	+	-	+	.	-	-	+	-	-	-	.	.	-	-	.
ɒ̝	.	-	+	-	-	-	+	+	.	+	-	-	-	-	+	+	-	-	.	.	.	+	-	.	-	+	.	-	-	+	-	-	-	.	.	-	-	.
ɒ̤	.	-	+	-	-	-	+	+	.	+	-	-	-	-	+	+	-	-	.	.	.	+	-	+	-	+	.	-	-	+	-	+	-	.	.	-	-	.
ɓ	.	-	-	-	-	+	-	-	-	-	-	-	-	-	+	-	-	-	.	.	.	-	.	.	.	.	.	-	-	+	-	-	-	-	-	-	+	-
ɓʲ	.	-	-	-	-	+	-	-	-	-	-	-	-	-	+	-	-	-	.	.	.	.	+	-	+	-	.	-	-	+	-	-	-	-	-	-	+	-
ɓʷ	.	-	-	-	-	+	-	-	-	-	-	-	-	-	+	.	-	-	.	.	.	-	.	.	.	.	.	-	-	+	-	-	-	-	-	-	+	-
ɓː	.	-	-	-	+	+	-	-	-	-	-	-	-	-	+	-	-	-	.	.	.	-	.	.	.	.	.	-	-	+	-	-	-	-	-	-	+	-
ɓ̥	.	-	-	-	-	+	-	-	-	-	-	-	-	-	+	-	-	-	.	.	.	-	.	.	.	.	.	-	-	-	-	-	-	-	-	-	+	-
ɓ̥ː	.	-	-	-	+	+	-	-	-	-	-	-	-	-	+	-	-	-	.	.	.	-	.	.	.	.	.	-	-	-	-	-	-	-	-	-	+	-
ɔ	.	-	+	-	-	-	+	+	.	+	-	-	-	-	+	+	-	-	.	.	.	+	-	-	-	+	-	-	-	+	-	-	-	.	.	-	-	.
ɔa	.	-	+	-	-	-	+	+	.	+	-	-	-	-	.	+	-	-	.	.	.	+	-	.	-	.	-	-	-	+	-	-	-	.	.	-	-	.
ɔaː	.	-	+	-	.	-	+	+	.	+	-	-	-	-	.	+	-	-	.	.	.	+	-	.	-	.	-	-	-	+	-	-	-	.	.	-	-	.
ɔe	.	-	+	-	-	-	+	+	.	+	-	-	-	-	.	+	-	-	.	.	.	+	-	-	.	.	.	-	-	+	-	-	-	.	.	-	-	.
ɔi	.	-	+	-	-	-	+	+	.	+	-	-	-	-	.	+	-	-	.	.	.	+	.	-	.	.	.	-	-	+	-	-	-	.	.	-	-	.
ɔi̯	.	-	.	-	-	-	+	+	.	+	-	-	-	-	.	+	-	-	.	.	.	+	.	-	.	.	.	-	-	+	-	-	-	.	.	-	-	.
ɔo	.	-	+	-	-	-	+	+	.	+	-	-	-	-	+	+	-	-	.	.	.	+	-	-	-	+	.	-	-	+	-	-	-	.	.	-	-	.
ɔo̯	.	-	.	-	-	-	+	+	.	+	-	-	-	-	+	+	-	-	.	.	.	+	-	-	-	+	.	-	-	+	-	-	-	.	.	-	-	.
ɔõ̯	.	-	.	-	-	-	+	+	.	+	-	-	.	-	+	+	-	-	.	.	.	+	-	-	-	+	.	-	-	+	-	-	-	.	.	-	-	.
ɔu	.	-	+	-	-	-	+	+	.	+	-	-	-	-	+	+	-	-	.	.	.	+	.	-	-	+	.	-	-	+	-	-	-	.	.	-	-	.
ɔuː	.	-	+	-	.	-	+	+	.	+	-	-	-	-	+	+	-	-	.	.	.	+	.	-	-	+	.	-	-	+	-	-	-	.	.	-	-	.
ɔu̯	.	-	.	-	-	-	+	+	.	+	-	-	-	-	+	+	-	-	.	.	.	+	.	-	-	+	.	-	-	+	-	-	-	.	.	-	-	.
ɔy	.	-	+	-	-	-	+	+	.	+	-	-	-	-	+	+	-	-	.	.	.	+	.	-	.	.	.	-	-	+	-	-	-	.	.	-	-	.
ɔy̯ː	.	-	.	-	.	-	+	+	.	+	-	-	-	-	+	+	-	-	.	.	.	+	.	-	.	.	.	-	-	+	-	-	-	.	.	-	-	.
ɔə	.	-	+	-	-	-	+	+	.	+	-	-	-	-	.	+	-	-	.	.	.	+	-	-	-	.	-	-	-	+	-	-	-	.	.	-	-	.
ɔɛ	.	-	+	-	-	-	+	+	.	+	-	-	-	-	.	+	-	-	.	.	.	+	-	-	.	.	-	-	-	+	-	-	-	.	.	-	-	.
ɔɪ	.	-	+	-	-	-	+	+	.	+	-	-	-	-	.	+	-	-	.	.	.	+	.	-	.	.	-	-	-	+	-	-	-	.	.	-	-	.
ɔɪ̯	.	-	.	-	-	-	+	+	.	+	-	-	-	-	.	+	-	-	.	.	.	+	.	-	.	.	-	-	-	+	-	-	-	.	.	-	-	.
ɔʊ	.	-	+	-	-	-	+	+	.	+	-	-	-	-	+	+	-	-	.	.	.	+	.	-	-	+	-	-	-	+	-	-	-	.	.	-	-	.
ɔʊ̯	.	-	.	-	-	-	+	+	.	+	-	-	-	-	+	+	-	-	.	.	.	+	.	-	-	+	-	-	-	+	-	-	-	.	.	-	-	.
ɔʏ	.	-	+	-	-	-	+	+	.	+	-	-	-	-	+	+	-	-	.	.	.	+	.	-	.	.	-	-	-	+	-	-	-	.	.	-	-	.
ɔː	.	-	+	-	+	-	+	+	.	+	-	-	-	-	+	+	-	-	.	.	.	+	-	-	-	+	-	-	-	+	-	-	-	.	.	-	-	.
ɔːĭ	.	-	+	.	.	-	+	+	.	+	-	-	-	-	.	+	-	-	.	.	.	+	.	-	.	.	.	-	-	+	-	-	-	.	.	-	-	.
ɔːə	.	-	+	-	.	-	+	+	.	+	-	-	-	-	.	+	-	-	.	.	.	+	-	-	-	.	-	-	-	+	-	-	-	.	.	-	-	.
ɔˑ	.	-	+	+	+	-	+	+	.	+	-	-	-	-	+	+	-	-	.	.	.	+	-	-	-	+	-	-	-	+	-	-	-	.	.	-	-	.
ɔˤ	.	-	+	-	-	-	+	+	.	+	-	-	-	-	+	+	-	-	.	.	.	+	-	-	-	+	-	.	-	+	-	-	-	.	.	-	-	.
ɔˤː	.	-	+	-	+	-	+	+	.	+	-	-	-	-	+	+	-	-	.	.	.	+	-	-	-	+	-	.	-	+	-	-	-	.	.	-	-	.
ɔ̃	.	-	+	-	-	-	+	+	.	+	-	-	+	-	+	+	-	-	.	.	.	+	-	-	-	+	-	-	-	+	-	-	-	.	.	-	-	.
ɔ̃ĩ	.	-	+	-	-	-	+	+	.	+	-	-	+	-	.	+	-	-	.	.	.	+	.	-	.	.	.	-	-	+	-	-	-	.	.	-	-	.
ɔ̃ʊ̯̃	.	-	.	-	-	-	+	+	.	+	-	-	+	-	+	+	-	-	.	.	.	+	.	-	-	+	-	-	-	+	-	-	-	.	.	-	-	.
ɔ̃ː	.	-	+	-	+	-	+	+	.	+	-	-	+	-	+	+	-	-	.	.	.	+	-	-	-	+	-	-	-	+	-	-	-	.	.	-	-	.
ɔ̃ˤː	.	-	+	-	+	-	+	+	.	+	-	-	+	-	+	+	-	-	.	.	.	+	-	-	-	+	-	.	-	+	-	-	-	.	.	-	-	.
ɔ̆	.	-	+	+	-	-	+	+	.	+	-	-	-	-	+	+	-	-	.	.	.	+	-	-	-	+	-	-	-	+	-	-	-	.	.	-	-	.
ɔ̘ː	.	-	+	-	+	-	+	+	.	+	-	-	-	-	+	+	-	-	.	.	.	+	-	-	-	+	-	-	+	+	-	-	-	.	.	-	-	.
ɔ̙	.	-	+	-	-	-	+	+	.	+	-	-	-	-	+	+	-	-	.	.	.	+	-	-	-	+	-	+	-	+	-	-	-	.	.	-	-	.
ɔ̙ː	.	-	+	-	+	-	+	+	.	+	-	-	-	-	+	+	-	-	.	.	.	+	-	-	-	+	-	+	-	+	-	-	-	.	.	-	-	.
ɔ̜	.	-	+	-	-	-	+	+	.	+	-	-	-	-	+	.	-	-	.	.	.	+	-	-	-	+	-	-	-	+	-	-	-	.	.	-	-	.
ɔ̜ː	.	-	+	-	+	-	+	+	.	+	-	-	-	-	+	.	-	-	.	.	.	+	-	-	-	+	-	-	-	+	-	-	-	.	.	-	-	.
ɔ̜̃ː	.	-	+	-	+	-	+	+	.	+	-	-	+	-	+	.	-	-	.	.	.	+	-	-	-	+	-	-	-	+	-	-	-	.	.	-	-	.
ɔ̝	.	-	+	-	-	-	+	+	.	+	-	-	-	-	+	+	-	-	.	.	.	+	-	-	-	+	.	-	-	+	-	-	-	.	.	-	-	.
ɔ̝ː	.	-	+	-	+	-	+	+	.	+	-	-	-	-	+	+	-	-	.	.	.	+	-	-	-	+	.	-	-	+	-	-	-	.	.	-	-	.
ɔ̞	.	-	+	-	-	-	+	+	.	+	-	-	-	-	+	+	-	-	.	.	.	+	-	.	-	+	-	-	-	+	-	-	-	.	.	-	-	.
ɔ̞ː	.	-	+	-	+	-	+	+	.	+	-	-	-	-	+	+	-	-	.	.	.	+	-	.	-	+	-	-	-	+	-	-	-	.	.	-	-	.
ɔ̞̃	.	-	+	-	-	-	+	+	.	+	-	-	+	-	+	+	-	-	.	.	.	+	-	.	-	+	-	-	-	+	-	-	-	.	.	-	-	.
ɔ̞̃ː	.	-	+	-	+	-	+	+	.	+	-	-	+	-	+	+	-	-	.	.	.	+	-	.	-	+	-	-	-	+	-	-	-	.	.	-	-	.
ɔ̟̜	.	-	+	-	-	-	+	+	.	+	-	-	-	-	+	.	-	-	.	.	.	+	-	-	-	.	-	-	-	+	-	-	-	.	.	-	-	.
ɔ̟̜ː	.	-	+	-	+	-	+	+	.	+	-	-	-	-	+	.	-	-	.	.	.	+	-	-	-	.	-	-	-	+	-	-	-	.	.	-	-	.
ɔ̟̜̃ː	.	-	+	-	+	-	+	+	.	+	-	-	+	-	+	.	-	-	.	.	.	+	-	-	-	.	-	-	-	+	-	-	-	.	.	-	-	.
ɔ̟̜̰	.	-	+	-	-	-	+	+	.	+	-	-	-	-	+	.	-	-	.	.	.	+	-	-	-	.	-	-	-	+	-	-	+	.	.	-	-	.
ɔ̤	.	-	+	-	-	-	+	+	.	+	-	-	-	-	+	+	-	-	.	.	.	+	-	-	-	+	-	-	-	+	-	+	-	.	.	-	-	.
ɔ̤i̤	.	-	+	-	-	-	+	+	.	+	-	-	-	-	.	+	-	-	.	.	.	+	.	-	.	.	.	-	-	+	-	+	-	.	.	-	-	.
ɔ̤ː	.	-	+	-	+	-	+	+	.	+	-	-	-	-	+	+	-	-	.	.	.	+	-	-	-	+	-	-	-	+	-	+	-	.	.	-	-	.
ɔ̤ˑ	.	-	+	+	+	-	+	+	.	+	-	-	-	-	+	+	-	-	.	.	.	+	-	-	-	+	-	-	-	+	-	+	-	.	.	-	-	.
ɔ̤̃ː	.	-	+	-	+	-	+	+	.	+	-	-	+	-	+	+	-	-	.	.	.	+	-	-	-	+	-	-	-	+	-	+	-	.	.	-	-	.
ɔ̯	.	-	-	-	-	-	+	+	.	+	-	-	-	-	+	+	-	-	.	.	.	+	-	-	-	+	-	-	-	+	-	-	-	.	.	-	-	.
ɔ̰	.	-	+	-	-	-	+	+	.	+	-	-	-	-	+	+	-	-	.	.	.	+	-	-	-	+	-	-	-	+	-	-	+	.	.	-	-	.
ɔ̰ː	.	-	+	-	+	-	+	+	.	+	-	-	-	-	+	+	-	-	.	.	.	+	-	-	-	+	-	-	-	+	-	-	+	.	.	-	-	.
ɔ̰ˑ	.	-	+	+	+	-	+	+	.	+	-	-	-	-	+	+	-	-	.	.	.	+	-	-	-	+	-	-	-	+	-	-	+	.	.	-	-	.
ɔ̽	.	-	+	-	-	-	+	+	.	+	-	-	-	-	+	+	-	-	.	.	.	+	-	-	-	.	-	-	-	+	-	-	-	.	.	-	-	.
ɔ̽i	.	-	+	-	-	-	+	+	.	+	-	-	-	-	.	+	-	-	.	.	.	+	.	-	.	-	.	-	-	+	-	-	-	.	.	-	-	.
ɕ	.	-	-	-	-	+	-	+	+	-	-	-	-	-	-	.	.	+	+	+	+	+	+	-	+	-	.	-	-	-	-	-	-	-	-	-	-	-
ɕʰ	.	-	-	-	-	+	-	+	+	-	-	-	-	-	-	.	.	+	+	+	+	+	+	-	+	-	.	-	-	-	-	+	-	-	-	-	-	-
ɕʼ	.	-	-	-	-	+	-	+	+	-	-	-	-	-	-	.	.	+	+	+	+	+	+	-	+	-	.	-	-	-	-	-	+	-	-	+	-	-
ɕː	.	-	-	-	+	+	-	+	+	-	-	-	-	-	-	.	.	+	+	+	+	+	+	-	+	-	.	-	-	-	-	-	-	-	-	-	-	-
ɕ̟	.	-	-	-	-	+	-	+	+	-	-	-	-	-	-	.	.	+	+	+	+	+	+	-	+	-	.	-	-	-	-	-	-	-	-	-	-	-
ɕ̟ː	.	-	-	-	+	+	-	+	+	-	-	-	-	-	-	.	.	+	+	+	+	+	+	-	+	-	.	-	-	-	-	-	-	-	-	-	-	-
ɕᶣ	.	-	-	-	-	+	-	+	+	-	-	-	-	-	.	+	-	+	+	+	+	+	+	-	+	-	.	-	-	-	-	-	-	-	-	-	-	-
ɖ	.	-	-	-	-	+	-	-	-	-	-	-	-	-	-	.	.	+	-	-	-	-	.	.	.	.	.	-	-	+	-	-	-	-	-	-	-	-
ɖr	.	-	-	-	-	+	.	.	-	.	-	.	-	-	-	.	.	+	.	-	-	-	.	.	.	.	.	-	-	+	-	-	-	-	-	-	-	-
ɖr̠	.	-	-	-	-	+	.	.	-	.	-	.	-	-	-	.	.	+	-	.	-	-	.	.	.	.	.	-	-	+	-	-	-	-	-	-	-	-
ɖr̠͓	.	-	-	-	-	+	.	.	.	.	-	.	-	-	-	.	.	+	-	.	-	-	.	.	.	.	.	-	-	+	-	-	-	-	-	-	-	-
ɖɦ	.	-	-	-	-	.	-	.	.	-	-	-	-	-	-	.	.	.	-	-	-	-	.	.	.	.	.	-	-	+	-	.	-	-	-	-	-	-
ɖɳ	.	-	-	-	-	+	.	-	-	-	-	-	.	-	-	.	.	+	-	-	-	-	.	.	.	.	.	-	-	+	-	-	-	-	-	-	-	-
ɖɽ	.	-	-	-	-	+	.	.	-	.	.	-	-	-	-	.	.	+	-	-	-	-	.	.	.	.	.	-	-	+	-	-	-	-	-	-	-	-
ɖʐ	.	-	-	-	-	+	-	-	+	-	-	-	-	-	-	.	.	+	-	-	+	-	.	.	.	.	.	-	-	+	-	-	-	-	-	-	-	-
ɖʐʷ	.	-	-	-	-	+	-	-	+	-	-	-	-	-	.	+	-	+	-	-	+	-	.	.	.	.	.	-	-	+	-	-	-	-	-	-	-	-
ɖʱ	.	-	-	-	-	+	-	-	-	-	-	-	-	-	-	.	.	+	-	-	-	-	.	.	.	.	.	-	-	+	-	+	-	-	-	-	-	-
ɖː	.	-	-	-	+	+	-	-	-	-	-	-	-	-	-	.	.	+	-	-	-	-	.	.	.	.	.	-	-	+	-	-	-	-	-	-	-	-
ɖ̤	.	-	-	-	-	+	-	-	-	-	-	-	-	-	-	.	.	+	-	-	-	-	.	.	.	.	.	-	-	+	-	+	-	-	-	-	-	-
ɖ̤ː	.	-	-	-	+	+	-	-	-	-	-	-	-	-	-	.	.	+	-	-	-	-	.	.	.	.	.	-	-	+	-	+	-	-	-	-	-	-
ɖ̥ʐ̥	.	-	-	-	-	+	-	-	+	-	-	-	-	-	-	.	.	+	-	-	+	-	.	.	.	.	.	-	-	-	-	-	-	-	-	-	-	-
ɖ̰	.	-	-	-	-	+	-	-	-	-	-	-	-	-	-	.	.	+	-	-	-	-	.	.	.	.	.	-	-	+	-	-	+	-	-	-	-	-
ɖ̻ʐ̻	.	-	-	-	-	+	-	-	+	-	-	-	-	-	-	.	.	+	-	+	+	-	.	.	.	.	.	-	-	+	-	-	-	-	-	-	-	-
ɖⁿ	.	-	-	-	-	+	-	-	-	-	-	-	.	-	-	.	.	+	-	-	-	-	.	.	.	.	.	-	-	+	-	-	-	-	-	-	-	-
ɗ	.	-	-	-	-	+	-	-	-	-	-	-	-	-	-	.	.	+	+	-	-	-	.	.	.	.	.	-	-	+	-	-	-	-	-	-	+	-
ɗʒ	.	-	-	-	-	+	-	.	.	-	-	-	-	-	-	.	.	+	.	.	.	-	.	.	.	.	.	-	-	+	-	-	-	-	-	-	.	-
ɗʱ	.	-	-	-	-	+	-	-	-	-	-	-	-	-	-	.	.	+	+	-	-	-	.	.	.	.	.	-	-	+	-	+	-	-	-	-	+	-
ɗʲ	.	-	-	-	-	+	-	-	-	-	-	-	-	-	-	.	.	+	+	-	-	.	+	-	+	-	.	-	-	+	-	-	-	-	-	-	+	-
ɗʷ	.	-	-	-	-	+	-	-	-	-	-	-	-	-	.	+	-	+	+	-	-	-	.	.	.	.	.	-	-	+	-	-	-	-	-	-	+	-
ɗː	.	-	-	-	+	+	-	-	-	-	-	-	-	-	-	.	.	+	+	-	-	-	.	.	.	.	.	-	-	+	-	-	-	-	-	-	+	-
ɗ̠	.	-	-	-	-	+	-	-	-	-	-	-	-	-	-	.	.	+	-	+	-	-	.	.	.	.	.	-	-	+	-	-	-	-	-	-	+	-
ɗ̥	.	-	-	-	-	+	-	-	-	-	-	-	-	-	-	.	.	+	+	-	-	-	.	.	.	.	.	-	-	-	-	-	-	-	-	-	+	-
ɗ̪	.	-	-	-	-	+	-	-	-	-	-	-	-	-	-	.	.	+	+	+	-	-	.	.	.	.	.	-	-	+	-	-	-	-	-	-	+	-
ɗ̪|ɗ	.	-	-	-	-	+	-	-	-	-	-	-	-	-	-	.	.	+	+	.	-	-	.	.	.	.	.	-	-	+	-	-	-	-	-	-	+	-
ɘ	.	-	+	-	-	-	+	+	.	+	-	-	-	-	-	.	.	-	.	.	.	+	-	-	-	-	+	-	-	+	-	-	-	.	.	-	-	.
ɘi	.	-	+	-	-	-	+	+	.	+	-	-	-	-	-	.	.	-	.	.	.	+	.	-	.	-	+	-	-	+	-	-	-	.	.	-	-	.
ɘː	.	-	+	-	+	-	+	+	.	+	-	-	-	-	-	.	.	-	.	.	.	+	-	-	-	-	+	-	-	+	-	-	-	.	.	-	-	.
ɘ̃	.	-	+	-	-	-	+	+	.	+	-	-	+	-	-	.	.	-	.	.	.	+	-	-	-	-	+	-	-	+	-	-	-	.	.	-	-	.
ɘ̃ː	.	-	+	-	+	-	+	+	.	+	-	-	+	-	-	.	.	-	.	.	.	+	-	-	-	-	+	-	-	+	-	-	-	.	.	-	-	.
ɘ̆	.	-	+	+	-	-	+	+	.	+	-	-	-	-	-	.	.	-	.	.	.	+	-	-	-	-	+	-	-	+	-	-	-	.	.	-	-	.
ɘ̟	.	-	+	-	-	-	+	+	.	+	-	-	-	-	-	.	.	-	.	.	.	+	-	-	.	-	+	-	-	+	-	-	-	.	.	-	-	.
ɘ̠	.	-	+	-	-	-	+	+	.	+	-	-	-	-	-	.	.	-	-	+	.	+	-	-	-	-	+	-	-	+	-	-	-	.	.	-	-	.
ə	.	-	+	-	-	-	+	+	.	+	-	-	-	-	-	.	.	-	.	.	.	+	-	-	-	-	-	-	-	+	-	-	-	.	.	-	-	.
əi	.	-	+	-	-	-	+	+	.	+	-	-	-	-	-	.	.	-	.	.	.	+	.	-	.	-	.	-	-	+	-	-	-	.	.	-	-	.
əĩ	.	-	+	-	-	-	+	+	.	+	-	-	.	-	-	.	.	-	.	.	.	+	.	-	.	-	.	-	-	+	-	-	-	.	.	-	-	.
əi̯	.	-	.	-	-	-	+	+	.	+	-	-	-	-	-	.	.	-	.	.	.	+	.	-	.	-	.	-	-	+	-	-	-	.	.	-	-	.
əo	.	-	+	-	-	-	+	+	.	+	-	-	-	-	.	+	-	-	.	.	.	+	-	-	-	.	.	-	-	+	-	-	-	.	.	-	-	.
əu	.	-	+	-	-	-	+	+	.	+	-	-	-	-	.	+	-	-	.	.	.	+	.	-	-	.	.	-	-	+	-	-	-	.	.	-	-	.
əũ	.	-	+	-	-	-	+	+	.	+	-	-	.	-	.	+	-	-	.	.	.	+	.	-	-	.	.	-	-	+	-	-	-	.	.	-	-	.
əu̯	.	-	.	-	-	-	+	+	.	+	-	-	-	-	.	+	-	-	.	.	.	+	.	-	-	.	.	-	-	+	-	-	-	.	.	-	-	.
əy	.	-	+	-	-	-	+	+	.	+	-	-	-	-	.	+	-	-	.	.	.	+	.	-	.	-	.	-	-	+	-	-	-	.	.	-	-	.
əɨ	.	-	+	-	-	-	+	+	.	+	-	-	-	-	-	.	.	-	.	.	.	+	.	-	-	-	.	-	-	+	-	-	-	.	.	-	-	.
əɨ̙	.	-	+	-	-	-	+	+	.	+	-	-	-	-	-	.	.	-	.	.	.	+	.	-	-	-	.	.	-	+	-	-	-	.	.	-	-	.
əɪ	.	-	+	-	-	-	+	+	.	+	-	-	-	-	-	.	.	-	.	.	.	+	.	-	.	-	-	-	-	+	-	-	-	.	.	-	-	.
əɪa	.	-	+	-	-	-	+	+	.	+	-	-	-	-	-	.	.	-	.	.	.	+	.	.	.	-	-	-	-	+	-	-	-	.	.	-	-	.
əɯ	.	-	+	-	-	-	+	+	.	+	-	-	-	-	-	.	.	-	.	.	.	+	.	-	-	.	.	-	-	+	-	-	-	.	.	-	-	.
əɯ̃	.	-	+	-	-	-	+	+	.	+	-	-	.	-	-	.	.	-	.	.	.	+	.	-	-	.	.	-	-	+	-	-	-	.	.	-	-	.
əʉ	.	-	+	-	-	-	+	+	.	+	-	-	-	-	.	+	-	-	.	.	.	+	.	-	-	-	.	-	-	+	-	-	-	.	.	-	-	.
əʊ	.	-	+	-	-	-	+	+	.	+	-	-	-	-	.	+	-	-	.	.	.	+	.	-	-	.	-	-	-	+	-	-	-	.	.	-	-	.
əʊɪ	.	-	+	-	-	-	+	+	.	+	-	-	-	-	.	+	-	-	.	.	.	+	.	-	.	.	-	-	-	+	-	-	-	.	.	-	-	.
əː	.	-	+	-	+	-	+	+	.	+	-	-	-	-	-	.	.	-	.	.	.	+	-	-	-	-	-	-	-	+	-	-	-	.	.	-	-	.
əˑ	.	-	+	+	+	-	+	+	.	+	-	-	-	-	-	.	.	-	.	.	.	+	-	-	-	-	-	-	-	+	-	-	-	.	.	-	-	.
ə˞	.	-	+	-	-	-	+	+	.	+	-	-	-	-	-	.	.	+	+	+	+	+	-	-	-	-	-	-	-	+	-	-	-	.	.	-	-	.
ə˞ː	.	-	+	-	+	-	+	+	.	+	-	-	-	-	-	.	.	+	+	+	+	+	-	-	-	-	-	-	-	+	-	-	-	.	.	-	-	.
əˤ	.	-	+	-	-	-	+	+	.	+	-	-	-	-	-	.	.	-	.	.	.	+	-	-	-	-	-	.	-	+	-	-	-	.	.	-	-	.
ə̃	.	-	+	-	-	-	+	+	.	+	-	-	+	-	-	.	.	-	.	.	.	+	-	-	-	-	-	-	-	+	-	-	-	.	.	-	-	.
ə̃ĩ	.	-	+	-	-	-	+	+	.	+	-	-	+	-	-	.	.	-	.	.	.	+	.	-	.	-	.	-	-	+	-	-	-	.	.	-	-	.
ə̃ũ	.	-	+	-	-	-	+	+	.	+	-	-	+	-	.	+	-	-	.	.	.	+	.	-	-	.	.	-	-	+	-	-	-	.	.	-	-	.
ə̃ː	.	-	+	-	+	-	+	+	.	+	-	-	+	-	-	.	.	-	.	.	.	+	-	-	-	-	-	-	-	+	-	-	-	.	.	-	-	.
ə̃˞	.	-	+	-	-	-	+	+	.	+	-	-	+	-	-	.	.	+	+	+	+	+	-	-	-	-	-	-	-	+	-	-	-	.	.	-	-	.
ə̆	.	-	+	+	-	-	+	+	.	+	-	-	-	-	-	.	.	-	.	.	.	+	-	-	-	-	-	-	-	+	-	-	-	.	.	-	-	.
ə̘ː	.	-	+	-	+	-	+	+	.	+	-	-	-	-	-	.	.	-	.	.	.	+	-	-	-	-	-	-	+	+	-	-	-	.	.	-	-	.
ə̞̆	.	-	+	+	-	-	+	+	.	+	-	-	-	-	-	.	.	-	.	.	.	+	-	.	-	-	-	-	-	+	-	-	-	.	.	-	-	.
ə̟	.	-	+	-	-	-	+	+	.	+	-	-	-	-	-	.	.	-	.	.	.	+	-	-	.	-	-	-	-	+	-	-	-	.	.	-	-	.
ə̟̆	.	-	+	+	-	-	+	+	.	+	-	-	-	-	-	.	.	-	.	.	.	+	-	-	.	-	-	-	-	+	-	-	-	.	.	-	-	.
ə̠̃	.	-	+	-	-	-	+	+	.	+	-	-	+	-	-	.	.	-	-	+	.	+	-	-	-	-	-	-	-	+	-	-	-	.	.	-	-	.
ə̤	.	-	+	-	-	-	+	+	.	+	-	-	-	-	-	.	.	-	.	.	.	+	-	-	-	-	-	-	-	+	-	+	-	.	.	-	-	.
ə̤̃ː	.	-	+	-	+	-	+	+	.	+	-	-	+	-	-	.	.	-	.	.	.	+	-	-	-	-	-	-	-	+	-	+	-	.	.	-	-	.
ə̥	.	-	+	-	-	-	+	+	.	+	-	-	-	-	-	.	.	-	.	.	.	+	-	-	-	-	-	-	-	-	-	-	-	.	.	-	-	.
ə̯	.	-	-	-	-	-	+	+	.	+	-	-	-	-	-	.	.	-	.	.	.	+	-	-	-	-	-	-	-	+	-	-	-	.	.	-	-	.
ə̰	.	-	+	-	-	-	+	+	.	+	-	-	-	-	-	.	.	-	.	.	.	+	-	-	-	-	-	-	-	+	-	-	+	.	.	-	-	.
ə̰ɯ̰	.	-	+	-	-	-	+	+	.	+	-	-	-	-	-	.	.	-	.	.	.	+	.	-	-	.	.	-	-	+	-	-	+	.	.	-	-	.
ə̰̃	.	-	+	-	-	-	+	+	.	+	-	-	+	-	-	.	.	-	.	.	.	+	-	-	-	-	-	-	-	+	-	-	+	.	.	-	-	.
ə̹	.	-	+	-	-	-	+	+	.	+	-	-	-	-	-	.	.	-	.	.	.	+	-	-	-	-	-	-	-	+	-	-	-	.	.	-	-	.
ɚ	.	-	+	-	-	-	+	+	.	+	-	-	-	-	-	.	.	+	+	+	+	+	-	-	-	-	-	-	-	+	-	-	-	.	.	-	-	.
ɚː	.	-	+	-	+	-	+	+	.	+	-	-	-	-	-	.	.	+	+	+	+	+	-	-	-	-	-	-	-	+	-	-	-	.	.	-	-	.
ɛ	.	-	+	-	-	-	+	+	.	+	-	-	-	-	-	.	.	-	.	.	.	+	-	-	+	-	-	-	-	+	-	-	-	.	.	-	-	.
ɛa	.	-	+	-	-	-	+	+	.	+	-	-	-	-	-	.	.	-	.	.	.	+	-	.	.	-	-	-	-	+	-	-	-	.	.	-	-	.
ɛa̟	.	-	+	-	-	-	+	+	.	+	-	-	-	-	-	.	.	-	.	.	.	+	-	.	+	-	-	-	-	+	-	-	-	.	.	-	-	.
ɛe	.	-	+	-	-	-	+	+	.	+	-	-	-	-	-	.	.	-	.	.	.	+	-	-	+	-	.	-	-	+	-	-	-	.	.	-	-	.
ɛi	.	-	+	-	-	-	+	+	.	+	-	-	-	-	-	.	.	-	.	.	.	+	.	-	+	-	.	-	-	+	-	-	-	.	.	-	-	.
ɛiː	.	-	+	-	.	-	+	+	.	+	-	-	-	-	-	.	.	-	.	.	.	+	.	-	+	-	.	-	-	+	-	-	-	.	.	-	-	.
ɛi̯	.	-	.	-	-	-	+	+	.	+	-	-	-	-	-	.	.	-	.	.	.	+	.	-	+	-	.	-	-	+	-	-	-	.	.	-	-	.
ɛo	.	-	+	-	-	-	+	+	.	+	-	-	-	-	.	+	-	-	.	.	.	+	-	-	.	.	.	-	-	+	-	-	-	.	.	-	-	.
ɛo̞	.	-	+	-	-	-	+	+	.	+	-	-	-	-	.	+	-	-	.	.	.	+	-	-	.	.	-	-	-	+	-	-	-	.	.	-	-	.
ɛu	.	-	+	-	-	-	+	+	.	+	-	-	-	-	.	+	-	-	.	.	.	+	.	-	.	.	.	-	-	+	-	-	-	.	.	-	-	.
ɛu̜	.	-	+	-	-	-	+	+	.	+	-	-	-	-	.	.	-	-	.	.	.	+	.	-	.	.	.	-	-	+	-	-	-	.	.	-	-	.
ɛu̯	.	-	.	-	-	-	+	+	.	+	-	-	-	-	.	+	-	-	.	.	.	+	.	-	.	.	.	-	-	+	-	-	-	.	.	-	-	.
ɛɐ	.	-	+	-	-	-	+	+	.	+	-	-	-	-	.	+	-	-	.	.	.	+	-	.	.	-	-	-	-	+	-	-	-	.	.	-	-	.
ɛə	.	-	+	-	-	-	+	+	.	+	-	-	-	-	-	.	.	-	.	.	.	+	-	-	.	-	-	-	-	+	-	-	-	.	.	-	-	.
ɛɪ	.	-	+	-	-	-	+	+	.	+	-	-	-	-	-	.	.	-	.	.	.	+	.	-	+	-	-	-	-	+	-	-	-	.	.	-	-	.
ɛɪ̯	.	-	.	-	-	-	+	+	.	+	-	-	-	-	-	.	.	-	.	.	.	+	.	-	+	-	-	-	-	+	-	-	-	.	.	-	-	.
ɛɯ	.	-	+	-	-	-	+	+	.	+	-	-	-	-	-	.	.	-	.	.	.	+	.	-	.	.	.	-	-	+	-	-	-	.	.	-	-	.
ɛʉ	.	-	+	-	-	-	+	+	.	+	-	-	-	-	.	+	-	-	.	.	.	+	.	-	.	-	.	-	-	+	-	-	-	.	.	-	-	.
ɛʊ	.	-	+	-	-	-	+	+	.	+	-	-	-	-	.	+	-	-	.	.	.	+	.	-	.	.	-	-	-	+	-	-	-	.	.	-	-	.
ɛʊ̯	.	-	.	-	-	-	+	+	.	+	-	-	-	-	.	+	-	-	.	.	.	+	.	-	.	.	-	-	-	+	-	-	-	.	.	-	-	.
ɛː	.	-	+	-	+	-	+	+	.	+	-	-	-	-	-	.	.	-	.	.	.	+	-	-	+	-	-	-	-	+	-	-	-	.	.	-	-	.
ɛˑ	.	-	+	+	+	-	+	+	.	+	-	-	-	-	-	.	.	-	.	.	.	+	-	-	+	-	-	-	-	+	-	-	-	.	.	-	-	.
ɛˠ	.	-	+	-	-	-	+	+	.	+	-	-	-	-	-	.	.	-	.	.	.	+	.	-	.	-	-	-	-	+	-	-	-	.	.	-	-	.
ɛ̃	.	-	+	-	-	-	+	+	.	+	-	-	+	-	-	.	.	-	.	.	.	+	-	-	+	-	-	-	-	+	-	-	-	.	.	-	-	.
ɛ̃ũ	.	-	+	-	-	-	+	+	.	+	-	-	+	-	.	+	-	-	.	.	.	+	.	-	.	.	.	-	-	+	-	-	-	.	.	-	-	.
ɛ̃ɔ̃	.	-	+	-	-	-	+	+	.	+	-	-	+	-	.	+	-	-	.	.	.	+	-	-	.	.	-	-	-	+	-	-	-	.	.	-	-	.
ɛ̃ə	.	-	+	-	-	-	+	+	.	+	-	-	.	-	-	.	.	-	.	.	.	+	-	-	.	-	-	-	-	+	-	-	-	.	.	-	-	.
ɛ̃ː	.	-	+	-	+	-	+	+	.	+	-	-	+	-	-	.	.	-	.	.	.	+	-	-	+	-	-	-	-	+	-	-	-	.	.	-	-	.
ɛ̃ːi̯	.	-	.	-	.	-	+	+	.	+	-	-	.	-	-	.	.	-	.	.	.	+	.	-	+	-	.	-	-	+	-	-	-	.	.	-	-	.
ɛ̆	.	-	+	+	-	-	+	+	.	+	-	-	-	-	-	.	.	-	.	.	.	+	-	-	+	-	-	-	-	+	-	-	-	.	.	-	-	.
ɛ̆̃	.	-	+	+	-	-	+	+	.	+	-	-	+	-	-	.	.	-	.	.	.	+	-	-	+	-	-	-	-	+	-	-	-	.	.	-	-	.
ɛ̘ː	.	-	+	-	+	-	+	+	.	+	-	-	-	-	-	.	.	-	.	.	.	+	-	-	+	-	-	-	+	+	-	-	-	.	.	-	-	.
ɛ̙	.	-	+	-	-	-	+	+	.	+	-	-	-	-	-	.	.	-	.	.	.	+	-	-	+	-	-	+	-	+	-	-	-	.	.	-	-	.
ɛ̙ː	.	-	+	-	+	-	+	+	.	+	-	-	-	-	-	.	.	-	.	.	.	+	-	-	+	-	-	+	-	+	-	-	-	.	.	-	-	.
ɛ̙ˠ	.	-	+	-	-	-	+	+	.	+	-	-	-	-	-	.	.	-	.	.	.	+	.	-	.	-	-	+	-	+	-	-	-	.	.	-	-	.
ɛ̝	.	-	+	-	-	-	+	+	.	+	-	-	-	-	-	.	.	-	.	.	.	+	-	-	+	-	.	-	-	+	-	-	-	.	.	-	-	.
ɛ̝ː	.	-	+	-	+	-	+	+	.	+	-	-	-	-	-	.	.	-	.	.	.	+	-	-	+	-	.	-	-	+	-	-	-	.	.	-	-	.
ɛ̞	.	-	+	-	-	-	+	+	.	+	-	-	-	-	-	.	.	-	.	.	.	+	-	.	+	-	-	-	-	+	-	-	-	.	.	-	-	.
ɛ̠	.	-	+	-	-	-	+	+	.	+	-	-	-	-	-	.	.	-	-	+	.	+	-	-	+	-	-	-	-	+	-	-	-	.	.	-	-	.
ɛ̠ː	.	-	+	-	+	-	+	+	.	+	-	-	-	-	-	.	.	-	-	+	.	+	-	-	+	-	-	-	-	+	-	-	-	.	.	-	-	.
ɛ̤	.	-	+	-	-	-	+	+	.	+	-	-	-	-	-	.	.	-	.	.	.	+	-	-	+	-	-	-	-	+	-	+	-	.	.	-	-	.
ɛ̤i̤	.	-	+	-	-	-	+	+	.	+	-	-	-	-	-	.	.	-	.	.	.	+	.	-	+	-	.	-	-	+	-	+	-	.	.	-	-	.
ɛ̤ː	.	-	+	-	+	-	+	+	.	+	-	-	-	-	-	.	.	-	.	.	.	+	-	-	+	-	-	-	-	+	-	+	-	.	.	-	-	.
ɛ̤ˑ	.	-	+	+	+	-	+	+	.	+	-	-	-	-	-	.	.	-	.	.	.	+	-	-	+	-	-	-	-	+	-	+	-	.	.	-	-	.
ɛ̤̃ː	.	-	+	-	+	-	+	+	.	+	-	-	+	-	-	.	.	-	.	.	.	+	-	-	+	-	-	-	-	+	-	+	-	.	.	-	-	.
ɛ̯	.	-	-	-	-	-	+	+	.	+	-	-	-	-	-	.	.	-	.	.	.	+	-	-	+	-	-	-	-	+	-	-	-	.	.	-	-	.
ɛ̯æː	.	-	.	-	.	-	+	+	.	+	-	-	-	-	-	.	.	-	.	.	.	+	-	.	+	-	-	-	-	+	-	-	-	.	.	-	-	.
ɛ̰	.	-	+	-	-	-	+	+	.	+	-	-	-	-	-	.	.	-	.	.	.	+	-	-	+	-	-	-	-	+	-	-	+	.	.	-	-	.
ɛ̰ː	.	-	+	-	+	-	+	+	.	+	-	-	-	-	-	.	.	-	.	.	.	+	-	-	+	-	-	-	-	+	-	-	+	.	.	-	-	.
ɛ̰ˑ	.	-	+	+	+	-	+	+	.	+	-	-	-	-	-	.	.	-	.	.	.	+	-	-	+	-	-	-	-	+	-	-	+	.	.	-	-	.
ɛ̰̃	.	-	+	-	-	-	+	+	.	+	-	-	+	-	-	.	.	-	.	.	.	+	-	-	+	-	-	-	-	+	-	-	+	.	.	-	-	.
ɜ	.	-	+	-	-	-	+	+	.	+	-	-	-	-	-	.	.	-	.	.	.	+	-	-	-	-	-	-	-	+	-	-	-	.	.	-	-	.
ɜi	.	-	+	-	-	-	+	+	.	+	-	-	-	-	-	.	.	-	.	.	.	+	.	-	.	-	.	-	-	+	-	-	-	.	.	-	-	.
ɜi̯	.	-	.	-	-	-	+	+	.	+	-	-	-	-	-	.	.	-	.	.	.	+	.	-	.	-	.	-	-	+	-	-	-	.	.	-	-	.
ɜɪ	.	-	+	-	-	-	+	+	.	+	-	-	-	-	-	.	.	-	.	.	.	+	.	-	.	-	-	-	-	+	-	-	-	.	.	-	-	.
ɜɪ̯	.	-	.	-	-	-	+	+	.	+	-	-	-	-	-	.	.	-	.	.	.	+	.	-	.	-	-	-	-	+	-	-	-	.	.	-	-	.
ɜː	.	-	+	-	+	-	+	+	.	+	-	-	-	-	-	.	.	-	.	.	.	+	-	-	-	-	-	-	-	+	-	-	-	.	.	-	-	.
ɜ̃	.	-	+	-	-	-	+	+	.	+	-	-	+	-	-	.	.	-	.	.	.	+	-	-	-	-	-	-	-	+	-	-	-	.	.	-	-	.
ɜ̹	.	-	+	-	-	-	+	+	.	+	-	-	-	-	-	.	.	-	.	.	.	+	-	-	-	-	-	-	-	+	-	-	-	.	.	-	-	.
ɜ̹ː	.	-	+	-	+	-	+	+	.	+	-	-	-	-	-	.	.	-	.	.	.	+	-	-	-	-	-	-	-	+	-	-	-	.	.	-	-	.
ɞ	.	-	+	-	-	-	+	+	.	+	-	-	-	-	+	+	-	-	.	.	.	+	-	-	-	-	-	-	-	+	-	-	-	.	.	-	-	.
ɞe̯	.	-	.	-	-	-	+	+	.	+	-	-	-	-	.	+	-	-	.	.	.	+	-	-	.	-	.	-	-	+	-	-	-	.	.	-	-	.
ɞʊ	.	-	+	-	-	-	+	+	.	+	-	-	-	-	+	+	-	-	.	.	.	+	.	-	-	.	-	-	-	+	-	-	-	.	.	-	-	.
ɞʏ̯	.	-	.	-	-	-	+	+	.	+	-	-	-	-	+	+	-	-	.	.	.	+	.	-	.	-	-	-	-	+	-	-	-	.	.	-	-	.
ɞː	.	-	+	-	+	-	+	+	.	+	-	-	-	-	+	+	-	-	.	.	.	+	-	-	-	-	-	-	-	+	-	-	-	.	.	-	-	.
ɞ̜	.	-	+	-	-	-	+	+	.	+	-	-	-	-	+	.	-	-	.	.	.	+	-	-	-	-	-	-	-	+	-	-	-	.	.	-	-	.
ɞ̜ː	.	-	+	-	+	-	+	+	.	+	-	-	-	-	+	.	-	-	.	.	.	+	-	-	-	-	-	-	-	+	-	-	-	.	.	-	-	.
ɞ̜̃ː	.	-	+	-	+	-	+	+	.	+	-	-	+	-	+	.	-	-	.	.	.	+	-	-	-	-	-	-	-	+	-	-	-	.	.	-	-	.
ɞ̜̰	.	-	+	-	-	-	+	+	.	+	-	-	-	-	+	.	-	-	.	.	.	+	-	-	-	-	-	-	-	+	-	-	+	.	.	-	-	.
ɞ̠	.	-	+	-	-	-	+	+	.	+	-	-	-	-	+	+	-	-	-	+	.	+	-	-	-	-	-	-	-	+	-	-	-	.	.	-	-	.
ɞ̠ː	.	-	+	-	+	-	+	+	.	+	-	-	-	-	+	+	-	-	-	+	.	+	-	-	-	-	-	-	-	+	-	-	-	.	.	-	-	.
ɞ̰	.	-	+	-	-	-	+	+	.	+	-	-	-	-	+	+	-	-	.	.	.	+	-	-	-	-	-	-	-	+	-	-	+	.	.	-	-	.
ɟ	.	-	-	-	-	+	-	-	-	-	-	-	-	-	-	.	.	+	-	+	-	+	+	-	+	-	.	-	-	+	-	-	-	-	-	-	-	-
ɟɦ	.	-	-	-	-	.	-	.	.	-	-	-	-	-	-	.	.	.	-	+	-	.	+	-	+	-	.	-	-	+	-	.	-	-	-	-	-	-
ɟʝ	.	-	-	-	-	+	-	-	+	-	-	-	-	-	-	.	.	+	-	+	-	+	+	-	+	-	.	-	-	+	-	-	-	-	-	-	-	-
ɟʝʷ	.	-	-	-	-	+	-	-	+	-	-	-	-	-	.	+	-	+	-	+	-	+	+	-	+	-	.	-	-	+	-	-	-	-	-	-	-	-
ɟʝː	.	-	-	-	+	+	-	-	+	-	-	-	-	-	-	.	.	+	-	+	-	+	+	-	+	-	.	-	-	+	-	-	-	-	-	-	-	-
ɟʝ̞	.	-	-	-	-	-	+	-	.	+	-	-	-	-	-	.	.	+	-	+	-	+	+	-	+	-	.	-	-	+	-	-	-	-	-	-	-	-
ɟʱ	.	-	-	-	-	+	-	-	-	-	-	-	-	-	-	.	.	+	-	+	-	+	+	-	+	-	.	-	-	+	-	+	-	-	-	-	-	-
ɟʲ	.	-	-	-	-	+	-	-	-	-	-	-	-	-	-	.	.	+	-	+	-	+	+	-	+	-	.	-	-	+	-	-	-	-	-	-	-	-
ɟʷ	.	-	-	-	-	+	-	-	-	-	-	-	-	-	.	+	-	+	-	+	-	+	+	-	+	-	.	-	-	+	-	-	-	-	-	-	-	-
ɟː	.	-	-	-	+	+	-	-	-	-	-	-	-	-	-	.	.	+	-	+	-	+	+	-	+	-	.	-	-	+	-	-	-	-	-	-	-	-
ɟ̟	.	-	-	-	-	+	-	-	-	-	-	-	-	-	-	.	.	+	+	+	-	+	+	-	+	-	.	-	-	+	-	-	-	-	-	-	-	-
ɟ̤	.	-	-	-	-	+	-	-	-	-	-	-	-	-	-	.	.	+	-	+	-	+	+	-	+	-	.	-	-	+	-	+	-	-	-	-	-	-
ɟ̤ʝ	.	-	-	-	-	+	-	-	+	-	-	-	-	-	-	.	.	+	-	+	-	+	+	-	+	-	.	-	-	+	-	+	-	-	-	-	-	-
ɟ̥ʝ̥	.	-	-	-	-	+	-	-	+	-	-	-	-	-	-	.	.	+	-	+	-	+	+	-	+	-	.	-	-	-	-	-	-	-	-	-	-	-
ɟ̰	.	-	-	-	-	+	-	-	-	-	-	-	-	-	-	.	.	+	-	+	-	+	+	-	+	-	.	-	-	+	-	-	+	-	-	-	-	-
ɟ̰̩	.	-	+	-	-	+	-	-	-	-	-	-	-	-	-	.	.	+	-	+	-	+	+	-	+	-	.	-	-	+	-	-	+	-	-	-	-	-
ɠ	.	-	-	-	-	+	-	-	-	-	-	-	-	-	-	.	.	-	.	.	.	+	+	-	-	-	.	-	-	+	-	-	-	-	-	-	+	-
ɠɓ	.	-	-	-	-	+	-	-	-	-	-	-	-	-	.	-	-	-	.	.	.	.	+	-	-	-	.	-	-	+	-	-	-	-	-	-	+	-
ɠː	.	-	-	-	+	+	-	-	-	-	-	-	-	-	-	.	.	-	.	.	.	+	+	-	-	-	.	-	-	+	-	-	-	-	-	-	+	-
ɠ̥	.	-	-	-	-	+	-	-	-	-	-	-	-	-	-	.	.	-	.	.	.	+	+	-	-	-	.	-	-	-	-	-	-	-	-	-	+	-
ɠ̥ʲ	.	-	-	-	-	+	-	-	-	-	-	-	-	-	-	.	.	-	.	.	.	+	+	-	.	-	.	-	-	-	-	-	-	-	-	-	+	-
ɠ̥ʷ	.	-	-	-	-	+	-	-	-	-	-	-	-	-	.	+	-	-	.	.	.	+	+	-	-	-	.	-	-	-	-	-	-	-	-	-	+	-
ɢ	.	-	-	-	-	+	-	-	-	-	-	-	-	-	-	.	.	-	.	.	.	+	-	-	-	+	.	-	-	+	-	-	-	-	-	-	-	-
ɢǀ	.	-	-	-	-	+	-	-	-	-	-	-	-	-	-	.	.	+	+	+	-	+	-	-	-	+	.	-	-	+	-	-	-	-	-	-	-	+
ɢǀqʰ	.	-	-	-	-	+	-	-	-	-	-	-	-	-	-	.	.	.	+	+	-	+	-	-	-	+	.	-	-	.	-	.	-	-	-	-	-	.
ɢǁ	.	-	-	-	-	+	-	-	-	-	-	-	-	+	-	.	.	+	+	-	-	+	-	-	-	+	.	-	-	+	-	-	-	-	-	-	-	+
ɢǁqʰ	.	-	-	-	-	+	-	-	-	-	-	-	-	.	-	.	.	.	+	-	-	+	-	-	-	+	.	-	-	.	-	.	-	-	-	-	-	.
ɢǂ	.	-	-	-	-	+	-	-	-	-	-	-	-	-	-	.	.	+	-	+	-	+	-	-	-	+	.	-	-	+	-	-	-	-	-	-	-	+
ɢǃ	.	-	-	-	-	+	-	-	-	-	-	-	-	-	-	.	.	+	+	-	-	+	-	-	-	+	.	-	-	+	-	-	-	-	-	-	-	+
ɢǃqʰ	.	-	-	-	-	+	-	-	-	-	-	-	-	-	-	.	.	.	+	-	-	+	-	-	-	+	.	-	-	.	-	.	-	-	-	-	-	.
ɢʁ	.	-	-	-	-	+	-	-	+	-	-	-	-	-	-	.	.	-	.	.	.	+	-	-	-	+	.	-	-	+	-	-	-	-	-	-	-	-
ɢʘ	.	-	-	-	-	+	-	-	-	-	-	-	-	-	+	-	-	-	.	.	.	+	-	-	-	+	.	-	-	+	-	-	-	-	-	-	-	+
ɢʱ	.	-	-	-	-	+	-	-	-	-	-	-	-	-	-	.	.	-	.	.	.	+	-	-	-	+	.	-	-	+	-	+	-	-	-	-	-	-
ɢʷ	.	-	-	-	-	+	-	-	-	-	-	-	-	-	.	+	-	-	.	.	.	+	-	-	-	+	.	-	-	+	-	-	-	-	-	-	-	-
ɢʷˤ	.	-	-	-	-	+	-	-	-	-	-	-	-	-	.	+	-	-	.	.	.	+	-	-	-	+	.	.	-	+	-	-	-	-	-	-	-	-
ɢː	.	-	-	-	+	+	-	-	-	-	-	-	-	-	-	.	.	-	.	.	.	+	-	-	-	+	.	-	-	+	-	-	-	-	-	-	-	-
ɢˤ	.	-	-	-	-	+	-	-	-	-	-	-	-	-	-	.	.	-	.	.	.	+	-	-	-	+	.	.	-	+	-	-	-	-	-	-	-	-
ɢ̥	.	-	-	-	-	+	-	-	-	-	-	-	-	-	-	.	.	-	.	.	.	+	-	-	-	+	.	-	-	-	-	-	-	-	-	-	-	-
ɣ	.	-	-	-	-	+	-	+	+	-	-	-	-	-	-	.	.	-	.	.	.	+	+	-	-	-	.	-	-	+	-	-	-	-	-	-	-	-
ɣv	.	-	-	-	-	+	-	+	+	-	-	-	-	-	.	-	+	-	.	.	.	.	+	-	-	-	.	-	-	+	-	-	-	-	-	-	-	-
ɣʲ	.	-	-	-	-	+	-	+	+	-	-	-	-	-	-	.	.	-	.	.	.	+	+	-	.	-	.	-	-	+	-	-	-	-	-	-	-	-
ɣʷ	.	-	-	-	-	+	-	+	+	-	-	-	-	-	.	+	-	-	.	.	.	+	+	-	-	-	.	-	-	+	-	-	-	-	-	-	-	-
ɣˀ	.	-	-	-	-	+	-	+	+	-	-	-	-	-	-	.	.	-	.	.	.	+	+	-	-	-	.	-	-	+	-	-	+	-	-	-	-	-
ɣː	.	-	-	-	+	+	-	+	+	-	-	-	-	-	-	.	.	-	.	.	.	+	+	-	-	-	.	-	-	+	-	-	-	-	-	-	-	-
ɣ̊	.	-	-	-	-	+	-	+	+	-	-	-	-	-	-	.	.	-	.	.	.	+	+	-	-	-	.	-	-	-	-	-	-	-	-	-	-	-
ɣ̟ʲ	.	-	-	-	-	+	-	+	+	-	-	-	-	-	-	.	.	-	.	.	.	+	+	-	+	-	.	-	-	+	-	-	-	-	-	-	-	-
ɣ̤	.	-	-	-	-	+	-	+	+	-	-	-	-	-	-	.	.	-	.	.	.	+	+	-	-	-	.	-	-	+	-	+	-	-	-	-	-	-
ɣ̥	.	-	-	-	-	+	-	+	+	-	-	-	-	-	-	.	.	-	.	.	.	+	+	-	-	-	.	-	-	-	-	-	-	-	-	-	-	-
ɣ̩	.	-	+	-	-	+	-	+	+	-	-	-	-	-	-	.	.	-	.	.	.	+	+	-	-	-	.	-	-	+	-	-	-	-	-	-	-	-
ɣ̰	.	-	-	-	-	+	-	+	+	-	-	-	-	-	-	.	.	-	.	.	.	+	+	-	-	-	.	-	-	+	-	-	+	-	-	-	-	-
ɣ͈ː	.	-	-	-	+	+	-	+	+	-	-	-	-	-	-	.	.	-	.	.	.	+	+	-	-	-	.	-	-	+	-	-	-	+	-	-	-	-
ɤ	.	-	+	-	-	-	+	+	.	+	-	-	-	-	-	.	.	-	.	.	.	+	-	-	-	+	+	-	-	+	-	-	-	.	.	-	-	.
ɤi	.	-	+	-	-	-	+	+	.	+	-	-	-	-	-	.	.	-	.	.	.	+	.	-	.	.	+	-	-	+	-	-	-	.	.	-	-	.
ɤː	.	-	+	-	+	-	+	+	.	+	-	-	-	-	-	.	.	-	.	.	.	+	-	-	-	+	+	-	-	+	-	-	-	.	.	-	-	.
ɤˑ	.	-	+	+	+	-	+	+	.	+	-	-	-	-	-	.	.	-	.	.	.	+	-	-	-	+	+	-	-	+	-	-	-	.	.	-	-	.
ɤ˞	.	-	+	-	-	-	+	+	.	+	-	-	-	-	-	.	.	+	+	+	+	+	-	-	-	+	+	-	-	+	-	-	-	.	.	-	-	.
ɤ̃	.	-	+	-	-	-	+	+	.	+	-	-	+	-	-	.	.	-	.	.	.	+	-	-	-	+	+	-	-	+	-	-	-	.	.	-	-	.
ɤ̃ː	.	-	+	-	+	-	+	+	.	+	-	-	+	-	-	.	.	-	.	.	.	+	-	-	-	+	+	-	-	+	-	-	-	.	.	-	-	.
ɤ̝	.	-	+	-	-	-	+	+	.	+	-	-	-	-	-	.	.	-	.	.	.	+	.	-	-	+	+	-	-	+	-	-	-	.	.	-	-	.
ɤ̞	.	-	+	-	-	-	+	+	.	+	-	-	-	-	-	.	.	-	.	.	.	+	-	-	-	+	.	-	-	+	-	-	-	.	.	-	-	.
ɤ̞ː	.	-	+	-	+	-	+	+	.	+	-	-	-	-	-	.	.	-	.	.	.	+	-	-	-	+	.	-	-	+	-	-	-	.	.	-	-	.
ɤ̞̃	.	-	+	-	-	-	+	+	.	+	-	-	+	-	-	.	.	-	.	.	.	+	-	-	-	+	.	-	-	+	-	-	-	.	.	-	-	.
ɤ̞̆	.	-	+	+	-	-	+	+	.	+	-	-	-	-	-	.	.	-	.	.	.	+	-	-	-	+	.	-	-	+	-	-	-	.	.	-	-	.
ɤ̟	.	-	+	-	-	-	+	+	.	+	-	-	-	-	-	.	.	-	.	.	.	+	-	-	-	.	+	-	-	+	-	-	-	.	.	-	-	.
ɤ̟̞̃	.	-	+	-	-	-	+	+	.	+	-	-	+	-	-	.	.	-	.	.	.	+	-	-	-	.	.	-	-	+	-	-	-	.	.	-	-	.
ɤ̟̹	.	-	+	-	-	-	+	+	.	+	-	-	-	-	-	.	.	-	.	.	.	+	-	-	-	.	+	-	-	+	-	-	-	.	.	-	-	.
ɤ̤	.	-	+	-	-	-	+	+	.	+	-	-	-	-	-	.	.	-	.	.	.	+	-	-	-	+	+	-	-	+	-	+	-	.	.	-	-	.
ɤ̤i̤	.	-	+	-	-	-	+	+	.	+	-	-	-	-	-	.	.	-	.	.	.	+	.	-	.	.	+	-	-	+	-	+	-	.	.	-	-	.
ɤ̤ː	.	-	+	-	+	-	+	+	.	+	-	-	-	-	-	.	.	-	.	.	.	+	-	-	-	+	+	-	-	+	-	+	-	.	.	-	-	.
ɤ̯	.	-	-	-	-	-	+	+	.	+	-	-	-	-	-	.	.	-	.	.	.	+	-	-	-	+	+	-	-	+	-	-	-	.	.	-	-	.
ɥ	.	-	-	-	-	-	+	+	.	+	-	-	-	-	+	+	-	-	.	.	.	+	+	-	+	-	+	-	-	+	-	-	-	-	-	-	-	-
ɥˤ	.	-	-	-	-	-	+	+	.	+	-	-	-	-	+	+	-	-	.	.	.	+	+	-	+	-	+	.	-	+	-	-	-	-	-	-	-	-
ɥ̃	.	-	-	-	-	-	+	+	.	+	-	-	+	-	+	+	-	-	.	.	.	+	+	-	+	-	+	-	-	+	-	-	-	-	-	-	-	-
ɥ̊	.	-	-	-	-	-	+	+	.	+	-	-	-	-	+	+	-	-	.	.	.	+	+	-	+	-	+	-	-	-	-	-	-	-	-	-	-	-
ɥ̥	.	-	-	-	-	-	+	+	.	+	-	-	-	-	+	+	-	-	.	.	.	+	+	-	+	-	+	-	-	-	-	-	-	-	-	-	-	-
ɦ	.	-	-	-	-	-	-	+	+	-	-	-	-	-	-	.	.	-	.	.	.	-	.	.	.	.	.	-	-	+	-	+	-	-	-	-	-	-
ɦʷ	.	-	-	-	-	-	-	+	+	-	-	-	-	-	.	+	-	-	.	.	.	-	.	.	.	.	.	-	-	+	-	+	-	-	-	-	-	-
ɦ̤	.	-	-	-	-	-	-	+	+	-	-	-	-	-	-	.	.	-	.	.	.	-	.	.	.	.	.	-	-	+	-	+	-	-	-	-	-	-
ɧ	.	-	-	-	-	+	-	+	+	-	-	-	-	-	-	.	.	+	-	+	+	+	+	-	-	-	.	-	-	-	-	-	-	-	-	-	-	-
ɨ	.	-	+	-	-	-	+	+	.	+	-	-	-	-	-	.	.	-	.	.	.	+	+	-	-	-	+	-	-	+	-	-	-	.	.	-	-	.
ɨa	.	-	+	-	-	-	+	+	.	+	-	-	-	-	-	.	.	-	.	.	.	+	.	.	-	-	+	-	-	+	-	-	-	.	.	-	-	.
ɨä̠	.	-	+	-	-	-	+	+	.	+	-	-	-	-	-	.	.	-	-	+	.	+	.	.	-	-	+	-	-	+	-	-	-	.	.	-	-	.
ɨi	.	-	+	-	-	-	+	+	.	+	-	-	-	-	-	.	.	-	.	.	.	+	+	-	.	-	+	-	-	+	-	-	-	.	.	-	-	.
ɨi̯	.	-	.	-	-	-	+	+	.	+	-	-	-	-	-	.	.	-	.	.	.	+	+	-	.	-	+	-	-	+	-	-	-	.	.	-	-	.
ɨə	.	-	+	-	-	-	+	+	.	+	-	-	-	-	-	.	.	-	.	.	.	+	.	-	-	-	.	-	-	+	-	-	-	.	.	-	-	.
ɨɛ	.	-	+	-	-	-	+	+	.	+	-	-	-	-	-	.	.	-	.	.	.	+	.	-	.	-	.	-	-	+	-	-	-	.	.	-	-	.
ɨː	.	-	+	-	+	-	+	+	.	+	-	-	-	-	-	.	.	-	.	.	.	+	+	-	-	-	+	-	-	+	-	-	-	.	.	-	-	.
ɨˑ	.	-	+	+	+	-	+	+	.	+	-	-	-	-	-	.	.	-	.	.	.	+	+	-	-	-	+	-	-	+	-	-	-	.	.	-	-	.
ɨ˞	.	-	+	-	-	-	+	+	.	+	-	-	-	-	-	.	.	+	+	+	+	+	+	-	-	-	+	-	-	+	-	-	-	.	.	-	-	.
ɨ̃	.	-	+	-	-	-	+	+	.	+	-	-	+	-	-	.	.	-	.	.	.	+	+	-	-	-	+	-	-	+	-	-	-	.	.	-	-	.
ɨ̃ĩ	.	-	+	-	-	-	+	+	.	+	-	-	+	-	-	.	.	-	.	.	.	+	+	-	.	-	+	-	-	+	-	-	-	.	.	-	-	.
ɨ̃ː	.	-	+	-	+	-	+	+	.	+	-	-	+	-	-	.	.	-	.	.	.	+	+	-	-	-	+	-	-	+	-	-	-	.	.	-	-	.
ɨ̆	.	-	+	+	-	-	+	+	.	+	-	-	-	-	-	.	.	-	.	.	.	+	+	-	-	-	+	-	-	+	-	-	-	.	.	-	-	.
ɨ̘	.	-	+	-	-	-	+	+	.	+	-	-	-	-	-	.	.	-	.	.	.	+	+	-	-	-	+	-	+	+	-	-	-	.	.	-	-	.
ɨ̜	.	-	+	-	-	-	+	+	.	+	-	-	-	-	+	-	-	-	.	.	.	+	+	-	-	-	+	-	-	+	-	-	-	.	.	-	-	.
ɨ̞	.	-	+	-	-	-	+	+	.	+	-	-	-	-	-	.	.	-	.	.	.	+	+	-	-	-	.	-	-	+	-	-	-	.	.	-	-	.
ɨ̞ː	.	-	+	-	+	-	+	+	.	+	-	-	-	-	-	.	.	-	.	.	.	+	+	-	-	-	.	-	-	+	-	-	-	.	.	-	-	.
ɨ̞̃	.	-	+	-	-	-	+	+	.	+	-	-	+	-	-	.	.	-	.	.	.	+	+	-	-	-	.	-	-	+	-	-	-	.	.	-	-	.
ɨ̞̃ː	.	-	+	-	+	-	+	+	.	+	-	-	+	-	-	.	.	-	.	.	.	+	+	-	-	-	.	-	-	+	-	-	-	.	.	-	-	.
ɨ̞̰	.	-	+	-	-	-	+	+	.	+	-	-	-	-	-	.	.	-	.	.	.	+	+	-	-	-	.	-	-	+	-	-	+	.	.	-	-	.
ɨ̠	.	-	+	-	-	-	+	+	.	+	-	-	-	-	-	.	.	-	-	+	.	+	+	-	-	-	+	-	-	+	-	-	-	.	.	-	-	.
ɨ̤	.	-	+	-	-	-	+	+	.	+	-	-	-	-	-	.	.	-	.	.	.	+	+	-	-	-	+	-	-	+	-	+	-	.	.	-	-	.
ɨ̥	.	-	+	-	-	-	+	+	.	+	-	-	-	-	-	.	.	-	.	.	.	+	+	-	-	-	+	-	-	-	-	-	-	.	.	-	-	.
ɨ̰	.	-	+	-	-	-	+	+	.	+	-	-	-	-	-	.	.	-	.	.	.	+	+	-	-	-	+	-	-	+	-	-	+	.	.	-	-	.
ɨ̹	.	-	+	-	-	-	+	+	.	+	-	-	-	-	-	.	.	-	.	.	.	+	+	-	-	-	+	-	-	+	-	-	-	.	.	-	-	.
ɨ̹ː	.	-	+	-	+	-	+	+	.	+	-	-	-	-	-	.	.	-	.	.	.	+	+	-	-	-	+	-	-	+	-	-	-	.	.	-	-	.
ɪ	.	-	+	-	-	-	+	+	.	+	-	-	-	-	-	.	.	-	.	.	.	+	+	-	+	-	-	-	-	+	-	-	-	.	.	-	-	.
ɪa	.	-	+	-	-	-	+	+	.	+	-	-	-	-	-	.	.	-	.	.	.	+	.	.	.	-	-	-	-	+	-	-	-	.	.	-	-	.
ɪã	.	-	+	-	-	-	+	+	.	+	-	-	.	-	-	.	.	-	.	.	.	+	.	.	.	-	-	-	-	+	-	-	-	.	.	-	-	.
ɪe̞	.	-	+	-	-	-	+	+	.	+	-	-	-	-	-	.	.	-	.	.	.	+	.	-	+	-	-	-	-	+	-	-	-	.	.	-	-	.
ɪi	.	-	+	-	-	-	+	+	.	+	-	-	-	-	-	.	.	-	.	.	.	+	+	-	+	-	.	-	-	+	-	-	-	.	.	-	-	.
ɪu	.	-	+	-	-	-	+	+	.	+	-	-	-	-	.	+	-	-	.	.	.	+	+	-	.	.	.	-	-	+	-	-	-	.	.	-	-	.
ɪə	.	-	+	-	-	-	+	+	.	+	-	-	-	-	-	.	.	-	.	.	.	+	.	-	.	-	-	-	-	+	-	-	-	.	.	-	-	.
ɪɛ	.	-	+	-	-	-	+	+	.	+	-	-	-	-	-	.	.	-	.	.	.	+	.	-	+	-	-	-	-	+	-	-	-	.	.	-	-	.
ɪɛː	.	-	+	-	.	-	+	+	.	+	-	-	-	-	-	.	.	-	.	.	.	+	.	-	+	-	-	-	-	+	-	-	-	.	.	-	-	.
ɪʌ	.	-	+	-	-	-	+	+	.	+	-	-	-	-	-	.	.	-	.	.	.	+	.	-	.	.	-	-	-	+	-	-	-	.	.	-	-	.
ɪː	.	-	+	-	+	-	+	+	.	+	-	-	-	-	-	.	.	-	.	.	.	+	+	-	+	-	-	-	-	+	-	-	-	.	.	-	-	.
ɪˠ	.	-	+	-	-	-	+	+	.	+	-	-	-	-	-	.	.	-	.	.	.	+	+	-	.	-	-	-	-	+	-	-	-	.	.	-	-	.
ɪˤ	.	-	+	-	-	-	+	+	.	+	-	-	-	-	-	.	.	-	.	.	.	+	+	-	+	-	-	.	-	+	-	-	-	.	.	-	-	.
ɪ̃	.	-	+	-	-	-	+	+	.	+	-	-	+	-	-	.	.	-	.	.	.	+	+	-	+	-	-	-	-	+	-	-	-	.	.	-	-	.
ɪ̃ə̃	.	-	+	-	-	-	+	+	.	+	-	-	+	-	-	.	.	-	.	.	.	+	.	-	.	-	-	-	-	+	-	-	-	.	.	-	-	.
ɪ̃ɛ	.	-	+	-	-	-	+	+	.	+	-	-	.	-	-	.	.	-	.	.	.	+	.	-	+	-	-	-	-	+	-	-	-	.	.	-	-	.
ɪ̃ɛː	.	-	+	-	.	-	+	+	.	+	-	-	.	-	-	.	.	-	.	.	.	+	.	-	+	-	-	-	-	+	-	-	-	.	.	-	-	.
ɪ̃ː	.	-	+	-	+	-	+	+	.	+	-	-	+	-	-	.	.	-	.	.	.	+	+	-	+	-	-	-	-	+	-	-	-	.	.	-	-	.
ɪ̆	.	-	+	+	-	-	+	+	.	+	-	-	-	-	-	.	.	-	.	.	.	+	+	-	+	-	-	-	-	+	-	-	-	.	.	-	-	.
ɪ̈	.	-	+	-	-	-	+	+	.	+	-	-	-	-	-	.	.	-	.	.	.	+	+	-	.	-	-	-	-	+	-	-	-	.	.	-	-	.
ɪ̈ː	.	-	+	-	+	-	+	+	.	+	-	-	-	-	-	.	.	-	.	.	.	+	+	-	.	-	-	-	-	+	-	-	-	.	.	-	-	.
ɪ̙	.	-	+	-	-	-	+	+	.	+	-	-	-	-	-	.	.	-	.	.	.	+	+	-	+	-	-	+	-	+	-	-	-	.	.	-	-	.
ɪ̙ː	.	-	+	-	+	-	+	+	.	+	-	-	-	-	-	.	.	-	.	.	.	+	+	-	+	-	-	+	-	+	-	-	-	.	.	-	-	.
ɪ̙ˠ	.	-	+	-	-	-	+	+	.	+	-	-	-	-	-	.	.	-	.	.	.	+	+	-	.	-	-	+	-	+	-	-	-	.	.	-	-	.
ɪ̝	.	-	+	-	-	-	+	+	.	+	-	-	-	-	-	.	.	-	.	.	.	+	+	-	+	-	.	-	-	+	-	-	-	.	.	-	-	.
ɪ̝ː	.	-	+	-	+	-	+	+	.	+	-	-	-	-	-	.	.	-	.	.	.	+	+	-	+	-	.	-	-	+	-	-	-	.	.	-	-	.
ɪ̞	.	-	+	-	-	-	+	+	.	+	-	-	-	-	-	.	.	-	.	.	.	+	.	-	+	-	-	-	-	+	-	-	-	.	.	-	-	.
ɪ̞̈	.	-	+	-	-	-	+	+	.	+	-	-	-	-	-	.	.	-	.	.	.	+	.	-	.	-	-	-	-	+	-	-	-	.	.	-	-	.
ɪ̠	.	-	+	-	-	-	+	+	.	+	-	-	-	-	-	.	.	-	-	+	.	+	+	-	+	-	-	-	-	+	-	-	-	.	.	-	-	.
ɪ̤	.	-	+	-	-	-	+	+	.	+	-	-	-	-	-	.	.	-	.	.	.	+	+	-	+	-	-	-	-	+	-	+	-	.	.	-	-	.
ɪ̯	.	-	-	-	-	-	+	+	.	+	-	-	-	-	-	.	.	-	.	.	.	+	+	-	+	-	-	-	-	+	-	-	-	.	.	-	-	.
ɪ̯a	.	-	.	-	-	-	+	+	.	+	-	-	-	-	-	.	.	-	.	.	.	+	.	.	.	-	-	-	-	+	-	-	-	.	.	-	-	.
ɪ̯ä	.	-	.	-	-	-	+	+	.	+	-	-	-	-	-	.	.	-	.	.	.	+	.	.	.	-	-	-	-	+	-	-	-	.	.	-	-	.
ɪ̯u̞	.	-	.	-	-	-	+	+	.	+	-	-	-	-	.	+	-	-	.	.	.	+	+	-	.	.	-	-	-	+	-	-	-	.	.	-	-	.
ɪ̯ɔ	.	-	.	-	-	-	+	+	.	+	-	-	-	-	.	+	-	-	.	.	.	+	.	-	.	.	-	-	-	+	-	-	-	.	.	-	-	.
ɪ̯ɛ	.	-	.	-	-	-	+	+	.	+	-	-	-	-	-	.	.	-	.	.	.	+	.	-	+	-	-	-	-	+	-	-	-	.	.	-	-	.
ɪ̰	.	-	+	-	-	-	+	+	.	+	-	-	-	-	-	.	.	-	.	.	.	+	+	-	+	-	-	-	-	+	-	-	+	.	.	-	-	.
ɫ	.	-	-	-	-	+	+	+	.	+	-	-	-	+	-	.	.	+	+	-	-	+	-	-	-	+	.	-	-	+	-	-	-	-	-	-	-	-
ɫː	.	-	-	-	+	+	+	+	.	+	-	-	-	+	-	.	.	+	+	-	-	+	-	-	-	+	.	-	-	+	-	-	-	-	-	-	-	-
ɫ̥	.	-	-	-	-	+	+	+	.	+	-	-	-	+	-	.	.	+	+	-	-	+	-	-	-	+	.	-	-	-	-	-	-	-	-	-	-	-
ɫ̪	.	-	-	-	-	+	+	+	.	+	-	-	-	+	-	.	.	+	+	+	-	+	-	-	-	+	.	-	-	+	-	-	-	-	-	-	-	-
ɫ̺	.	-	-	-	-	+	+	+	.	+	-	-	-	+	-	.	.	+	+	-	-	+	-	-	-	+	.	-	-	+	-	-	-	-	-	-	-	-
ɫ̻	.	-	-	-	-	+	+	+	.	+	-	-	-	+	-	.	.	+	+	+	-	+	-	-	-	+	.	-	-	+	-	-	-	-	-	-	-	-
ɬ	.	-	-	-	-	+	-	+	+	-	-	-	-	+	-	.	.	+	+	-	-	-	.	.	.	.	.	-	-	-	-	-	-	-	-	-	-	-
ɬl	.	-	-	-	-	+	.	+	+	.	-	-	-	+	-	.	.	+	+	-	-	-	.	.	.	.	.	-	-	.	-	-	-	-	-	-	-	-
ɬʟ͓̥	.	-	-	-	-	+	.	+	+	.	-	-	-	+	-	.	.	.	+	-	-	.	+	-	-	-	.	-	-	-	-	-	-	-	-	-	-	-
ɬʲ	.	-	-	-	-	+	-	+	+	-	-	-	-	+	-	.	.	+	+	-	-	.	+	-	+	-	.	-	-	-	-	-	-	-	-	-	-	-
ɬʲʼ	.	-	-	-	-	+	-	+	+	-	-	-	-	+	-	.	.	+	+	-	-	.	+	-	+	-	.	-	-	-	-	-	+	-	-	+	-	-
ɬʷ	.	-	-	-	-	+	-	+	+	-	-	-	-	+	.	+	-	+	+	-	-	-	.	.	.	.	.	-	-	-	-	-	-	-	-	-	-	-
ɬʼ	.	-	-	-	-	+	-	+	+	-	-	-	-	+	-	.	.	+	+	-	-	-	.	.	.	.	.	-	-	-	-	-	+	-	-	+	-	-
ɬː	.	-	-	-	+	+	-	+	+	-	-	-	-	+	-	.	.	+	+	-	-	-	.	.	.	.	.	-	-	-	-	-	-	-	-	-	-	-
ɬˠ	.	-	-	-	-	+	-	+	+	-	-	-	-	+	-	.	.	+	+	-	-	.	+	-	-	-	.	-	-	-	-	-	-	-	-	-	-	-
ɬ̪	.	-	-	-	-	+	-	+	+	-	-	-	-	+	-	.	.	+	+	+	-	-	.	.	.	.	.	-	-	-	-	-	-	-	-	-	-	-
ɬ̪|ɬ	.	-	-	-	-	+	-	+	+	-	-	-	-	+	-	.	.	+	+	.	-	-	.	.	.	.	.	-	-	-	-	-	-	-	-	-	-	-
ɬ̪ʲ	.	-	-	-	-	+	-	+	+	-	-	-	-	+	-	.	.	+	+	+	-	.	+	-	+	-	.	-	-	-	-	-	-	-	-	-	-	-
ɬ̪ʲ|ɬʲ	.	-	-	-	-	+	-	+	+	-	-	-	-	+	-	.	.	+	+	.	-	.	+	-	+	-	.	-	-	-	-	-	-	-	-	-	-	-
ɬ̪ʲʼ	.	-	-	-	-	+	-	+	+	-	-	-	-	+	-	.	.	+	+	+	-	.	+	-	+	-	.	-	-	-	-	-	+	-	-	+	-	-
ɬ̪ʷ|ɬʷ	.	-	-	-	-	+	-	+	+	-	-	-	-	+	.	+	-	+	+	.	-	-	.	.	.	.	.	-	-	-	-	-	-	-	-	-	-	-
ɬ̪ʷː|ɬʷː	.	-	-	-	+	+	-	+	+	-	-	-	-	+	.	+	-	+	+	.	-	-	.	.	.	.	.	-	-	-	-	-	-	-	-	-	-	-
ɬ̪ʼ|ɬʼ	.	-	-	-	-	+	-	+	+	-	-	-	-	+	-	.	.	+	+	.	-	-	.	.	.	.	.	-	-	-	-	-	+	-	-	+	-	-
ɬ̪ː	.	-	-	-	+	+	-	+	+	-	-	-	-	+	-	.	.	+	+	+	-	-	.	.	.	.	.	-	-	-	-	-	-	-	-	-	-	-
ɬ̪ː|ɬː	.	-	-	-	+	+	-	+	+	-	-	-	-	+	-	.	.	+	+	.	-	-	.	.	.	.	.	-	-	-	-	-	-	-	-	-	-	-
ɬ̪̺	.	-	-	-	-	+	-	+	+	-	-	-	-	+	-	.	.	+	+	-	-	-	.	.	.	.	.	-	-	-	-	-	-	-	-	-	-	-
ɬ̻	.	-	-	-	-	+	-	+	+	-	-	-	-	+	-	.	.	+	+	+	-	-	.	.	.	.	.	-	-	-	-	-	-	-	-	-	-	-
ɭ	.	-	-	-	-	+	+	+	.	+	-	-	-	+	-	.	.	+	-	-	-	-	.	.	.	.	.	-	-	+	-	-	-	-	-	-	-	-
ɭʷ	.	-	-	-	-	+	+	+	.	+	-	-	-	+	.	+	-	+	-	-	-	-	.	.	.	.	.	-	-	+	-	-	-	-	-	-	-	-
ɭː	.	-	-	-	+	+	+	+	.	+	-	-	-	+	-	.	.	+	-	-	-	-	.	.	.	.	.	-	-	+	-	-	-	-	-	-	-	-
ɭ̟	.	-	-	-	-	+	+	+	.	+	-	-	-	+	-	.	.	+	.	-	-	-	.	.	.	.	.	-	-	+	-	-	-	-	-	-	-	-
ɭ̤	.	-	-	-	-	+	+	+	.	+	-	-	-	+	-	.	.	+	-	-	-	-	.	.	.	.	.	-	-	+	-	+	-	-	-	-	-	-
ɭ̥	.	-	-	-	-	+	+	+	.	+	-	-	-	+	-	.	.	+	-	-	-	-	.	.	.	.	.	-	-	-	-	-	-	-	-	-	-	-
ɭ̩	.	-	+	-	-	+	+	+	.	+	-	-	-	+	-	.	.	+	-	-	-	-	.	.	.	.	.	-	-	+	-	-	-	-	-	-	-	-
ɭ̺	.	-	-	-	-	+	+	+	.	+	-	-	-	+	-	.	.	+	-	-	-	-	.	.	.	.	.	-	-	+	-	-	-	-	-	-	-	-
ɭ͓	.	-	-	-	-	+	+	+	+	+	-	-	-	+	-	.	.	+	-	-	-	-	.	.	.	.	.	-	-	+	-	-	-	-	-	-	-	-
ɮ	.	-	-	-	-	+	-	+	+	-	-	-	-	+	-	.	.	+	+	-	-	-	.	.	.	.	.	-	-	+	-	-	-	-	-	-	-	-
ɮʲ	.	-	-	-	-	+	-	+	+	-	-	-	-	+	-	.	.	+	+	-	-	.	+	-	+	-	.	-	-	+	-	-	-	-	-	-	-	-
ɮʼ	.	-	-	-	-	+	-	+	+	-	-	-	-	+	-	.	.	+	+	-	-	-	.	.	.	.	.	-	-	-	-	-	+	-	-	+	-	-
ɮ̤	.	-	-	-	-	+	-	+	+	-	-	-	-	+	-	.	.	+	+	-	-	-	.	.	.	.	.	-	-	+	-	+	-	-	-	-	-	-
ɮ̪	.	-	-	-	-	+	-	+	+	-	-	-	-	+	-	.	.	+	+	+	-	-	.	.	.	.	.	-	-	+	-	-	-	-	-	-	-	-
ɮ̪|ɮ	.	-	-	-	-	+	-	+	+	-	-	-	-	+	-	.	.	+	+	.	-	-	.	.	.	.	.	-	-	+	-	-	-	-	-	-	-	-
ɮ̪ʲ	.	-	-	-	-	+	-	+	+	-	-	-	-	+	-	.	.	+	+	+	-	.	+	-	+	-	.	-	-	+	-	-	-	-	-	-	-	-
ɮ̺	.	-	-	-	-	+	-	+	+	-	-	-	-	+	-	.	.	+	+	-	-	-	.	.	.	.	.	-	-	+	-	-	-	-	-	-	-	-
ɯ	.	-	+	-	-	-	+	+	.	+	-	-	-	-	-	.	.	-	.	.	.	+	+	-	-	+	+	-	-	+	-	-	-	.	.	-	-	.
ɯa	.	-	+	-	-	-	+	+	.	+	-	-	-	-	-	.	.	-	.	.	.	+	.	.	-	.	+	-	-	+	-	-	-	.	.	-	-	.
ɯi	.	-	+	-	-	-	+	+	.	+	-	-	-	-	-	.	.	-	.	.	.	+	+	-	.	.	+	-	-	+	-	-	-	.	.	-	-	.
ɯi̯	.	-	.	-	-	-	+	+	.	+	-	-	-	-	-	.	.	-	.	.	.	+	+	-	.	.	+	-	-	+	-	-	-	.	.	-	-	.
ɯo	.	-	+	-	-	-	+	+	.	+	-	-	-	-	.	+	-	-	.	.	.	+	.	-	-	+	+	-	-	+	-	-	-	.	.	-	-	.
ɯɑ	.	-	+	-	-	-	+	+	.	+	-	-	-	-	-	.	.	-	.	.	.	+	.	.	-	+	+	-	-	+	-	-	-	.	.	-	-	.
ɯə	.	-	+	-	-	-	+	+	.	+	-	-	-	-	-	.	.	-	.	.	.	+	.	-	-	.	.	-	-	+	-	-	-	.	.	-	-	.
ɯɪ̯	.	-	.	-	-	-	+	+	.	+	-	-	-	-	-	.	.	-	.	.	.	+	+	-	.	.	.	-	-	+	-	-	-	.	.	-	-	.
ɯʌ	.	-	+	-	-	-	+	+	.	+	-	-	-	-	-	.	.	-	.	.	.	+	.	-	-	+	.	-	-	+	-	-	-	.	.	-	-	.
ɯː	.	-	+	-	+	-	+	+	.	+	-	-	-	-	-	.	.	-	.	.	.	+	+	-	-	+	+	-	-	+	-	-	-	.	.	-	-	.
ɯˑ	.	-	+	+	+	-	+	+	.	+	-	-	-	-	-	.	.	-	.	.	.	+	+	-	-	+	+	-	-	+	-	-	-	.	.	-	-	.
ɯ̃	.	-	+	-	-	-	+	+	.	+	-	-	+	-	-	.	.	-	.	.	.	+	+	-	-	+	+	-	-	+	-	-	-	.	.	-	-	.
ɯ̃ə	.	-	+	-	-	-	+	+	.	+	-	-	.	-	-	.	.	-	.	.	.	+	.	-	-	.	.	-	-	+	-	-	-	.	.	-	-	.
ɯ̃ː	.	-	+	-	+	-	+	+	.	+	-	-	+	-	-	.	.	-	.	.	.	+	+	-	-	+	+	-	-	+	-	-	-	.	.	-	-	.
ɯ̆	.	-	+	+	-	-	+	+	.	+	-	-	-	-	-	.	.	-	.	.	.	+	+	-	-	+	+	-	-	+	-	-	-	.	.	-	-	.
ɯ̙	.	-	+	-	-	-	+	+	.	+	-	-	-	-	-	.	.	-	.	.	.	+	+	-	-	+	+	+	-	+	-	-	-	.	.	-	-	.
ɯ̙i̯	.	-	.	-	-	-	+	+	.	+	-	-	-	-	-	.	.	-	.	.	.	+	+	-	.	.	+	.	-	+	-	-	-	.	.	-	-	.
ɯ̝	.	-	+	-	-	-	+	+	.	+	-	-	-	-	-	.	.	-	.	.	.	+	+	-	-	+	+	-	-	+	-	-	-	.	.	-	-	.
ɯ̞	.	-	+	-	-	-	+	+	.	+	-	-	-	-	-	.	.	-	.	.	.	+	+	-	-	+	.	-	-	+	-	-	-	.	.	-	-	.
ɯ̞̆	.	-	+	+	-	-	+	+	.	+	-	-	-	-	-	.	.	-	.	.	.	+	+	-	-	+	.	-	-	+	-	-	-	.	.	-	-	.
ɯ̞̯	.	-	-	-	-	-	+	+	.	+	-	-	-	-	-	.	.	-	.	.	.	+	+	-	-	+	.	-	-	+	-	-	-	.	.	-	-	.
ɯ̟	.	-	+	-	-	-	+	+	.	+	-	-	-	-	-	.	.	-	.	.	.	+	+	-	-	.	+	-	-	+	-	-	-	.	.	-	-	.
ɯ̤	.	-	+	-	-	-	+	+	.	+	-	-	-	-	-	.	.	-	.	.	.	+	+	-	-	+	+	-	-	+	-	+	-	.	.	-	-	.
ɯ̤a	.	-	+	-	-	-	+	+	.	+	-	-	-	-	-	.	.	-	.	.	.	+	.	.	-	.	+	-	-	+	-	.	-	.	.	-	-	.
ɯ̤i̤	.	-	+	-	-	-	+	+	.	+	-	-	-	-	-	.	.	-	.	.	.	+	+	-	.	.	+	-	-	+	-	+	-	.	.	-	-	.
ɯ̤ə̤	.	-	+	-	-	-	+	+	.	+	-	-	-	-	-	.	.	-	.	.	.	+	.	-	-	.	.	-	-	+	-	+	-	.	.	-	-	.
ɯ̤ː	.	-	+	-	+	-	+	+	.	+	-	-	-	-	-	.	.	-	.	.	.	+	+	-	-	+	+	-	-	+	-	+	-	.	.	-	-	.
ɯ̯ɤ̞	.	-	.	-	-	-	+	+	.	+	-	-	-	-	-	.	.	-	.	.	.	+	.	-	-	+	+	-	-	+	-	-	-	.	.	-	-	.
ɯ̰	.	-	+	-	-	-	+	+	.	+	-	-	-	-	-	.	.	-	.	.	.	+	+	-	-	+	+	-	-	+	-	-	+	.	.	-	-	.
ɯ̰̽ː	.	-	+	-	+	-	+	+	.	+	-	-	-	-	-	.	.	-	.	.	.	+	.	-	-	.	.	-	-	+	-	-	+	.	.	-	-	.
ɯ̽	.	-	+	-	-	-	+	+	.	+	-	-	-	-	-	.	.	-	.	.	.	+	.	-	-	.	.	-	-	+	-	-	-	.	.	-	-	.
ɯ̽ː	.	-	+	-	+	-	+	+	.	+	-	-	-	-	-	.	.	-	.	.	.	+	.	-	-	.	.	-	-	+	-	-	-	.	.	-	-	.
ɯ͓	.	-	+	-	-	-	+	+	+	+	-	-	-	-	-	.	.	-	.	.	.	+	+	-	-	+	+	-	-	+	-	-	-	.	.	-	-	.
ɰ	.	-	-	-	-	-	+	+	.	+	-	-	-	-	-	.	.	-	.	.	.	+	+	-	-	+	+	-	-	+	-	-	-	-	-	-	-	-
ɰ̃	.	-	-	-	-	-	+	+	.	+	-	-	+	-	-	.	.	-	.	.	.	+	+	-	-	+	+	-	-	+	-	-	-	-	-	-	-	-
ɰ̰	.	-	-	-	-	-	+	+	.	+	-	-	-	-	-	.	.	-	.	.	.	+	+	-	-	+	+	-	-	+	-	-	+	-	-	-	-	-
ɱ	.	-	-	-	-	+	+	-	.	-	-	-	+	-	+	-	+	-	.	.	.	-	.	.	.	.	.	-	-	+	-	-	-	-	-	-	-	-
ɱf	.	-	-	-	-	+	.	.	+	-	-	-	.	-	+	-	+	-	.	.	.	-	.	.	.	.	.	-	-	.	-	-	-	-	-	-	-	-
ɱfɾ	.	-	-	-	-	+	.	.	+	.	.	-	.	-	.	-	+	.	+	-	-	-	.	.	.	.	.	-	-	.	-	-	-	-	-	-	-	-
ɱfʲ	.	-	-	-	-	+	.	.	+	-	-	-	.	-	+	-	+	-	.	.	.	.	+	-	+	-	.	-	-	.	-	-	-	-	-	-	-	-
ɱfʷ	.	-	-	-	-	+	.	.	+	-	-	-	.	-	+	.	.	-	.	.	.	-	.	.	.	.	.	-	-	.	-	-	-	-	-	-	-	-
ɱv	.	-	-	-	-	+	.	.	+	-	-	-	.	-	+	-	+	-	.	.	.	-	.	.	.	.	.	-	-	+	-	-	-	-	-	-	-	-
ɱvɾ	.	-	-	-	-	+	.	.	+	.	.	-	.	-	.	-	+	.	+	-	-	-	.	.	.	.	.	-	-	+	-	-	-	-	-	-	-	-
ɱvʲ	.	-	-	-	-	+	.	.	+	-	-	-	.	-	+	-	+	-	.	.	.	.	+	-	+	-	.	-	-	+	-	-	-	-	-	-	-	-
ɱð	.	-	-	-	-	+	.	.	+	-	-	-	.	-	.	-	+	.	+	+	-	-	.	.	.	.	.	-	-	+	-	-	-	-	-	-	-	-
ɱ̤f	.	-	-	-	-	+	.	.	+	-	-	-	.	-	+	-	+	-	.	.	.	-	.	.	.	.	.	-	-	.	-	.	-	-	-	-	-	-
ɱ̥f	.	-	-	-	-	+	.	.	+	-	-	-	.	-	+	-	+	-	.	.	.	-	.	.	.	.	.	-	-	-	-	-	-	-	-	-	-	-
ɲ	.	-	-	-	-	+	+	-	.	-	-	-	+	-	-	.	.	+	-	+	-	+	+	-	+	-	.	-	-	+	-	-	-	-	-	-	-	-
ɲc	.	-	-	-	-	+	.	-	-	-	-	-	.	-	-	.	.	+	-	+	-	+	+	-	+	-	.	-	-	.	-	-	-	-	-	-	-	-
ɲcʰ	.	-	-	-	-	+	.	-	-	-	-	-	.	-	-	.	.	+	-	+	-	+	+	-	+	-	.	-	-	.	-	.	-	-	-	-	-	-
ɲcʲ	.	-	-	-	-	+	.	-	-	-	-	-	.	-	-	.	.	+	-	+	-	+	+	-	+	-	.	-	-	.	-	-	-	-	-	-	-	-
ɲcʼ	.	-	-	-	-	+	.	-	-	-	-	-	.	-	-	.	.	+	-	+	-	+	+	-	+	-	.	-	-	.	-	-	.	-	-	.	-	-
ɲj	.	-	-	-	-	.	+	.	.	.	-	-	.	-	-	.	.	.	-	+	-	+	+	-	+	-	+	-	-	+	-	-	-	-	-	-	-	-
ɲɟ	.	-	-	-	-	+	.	-	-	-	-	-	.	-	-	.	.	+	-	+	-	+	+	-	+	-	.	-	-	+	-	-	-	-	-	-	-	-
ɲɟʑ	.	-	-	-	-	+	.	.	.	-	-	-	.	-	-	.	.	+	.	+	.	+	+	-	+	-	.	-	-	+	-	-	-	-	-	-	-	-
ɲɟʝ	.	-	-	-	-	+	.	-	+	-	-	-	.	-	-	.	.	+	-	+	-	+	+	-	+	-	.	-	-	+	-	-	-	-	-	-	-	-
ɲʄ	.	-	-	-	-	+	.	-	-	-	-	-	.	-	-	.	.	+	-	+	-	+	+	-	+	-	.	-	-	+	-	-	-	-	-	-	.	-
ɲʒ	.	-	-	-	-	+	.	.	+	-	-	-	.	-	-	.	.	+	-	+	.	.	+	-	+	-	.	-	-	+	-	-	-	-	-	-	-	-
ɲʱ	.	-	-	-	-	+	+	-	.	-	-	-	+	-	-	.	.	+	-	+	-	+	+	-	+	-	.	-	-	+	-	+	-	-	-	-	-	-
ɲʷ	.	-	-	-	-	+	+	-	.	-	-	-	+	-	.	+	-	+	-	+	-	+	+	-	+	-	.	-	-	+	-	-	-	-	-	-	-	-
ɲʼ	.	-	-	-	-	+	+	-	.	-	-	-	+	-	-	.	.	+	-	+	-	+	+	-	+	-	.	-	-	-	-	-	+	-	-	+	-	-
ɲː	.	-	-	-	+	+	+	-	.	-	-	-	+	-	-	.	.	+	-	+	-	+	+	-	+	-	.	-	-	+	-	-	-	-	-	-	-	-
ɲ̊	.	-	-	-	-	+	+	-	.	-	-	-	+	-	-	.	.	+	-	+	-	+	+	-	+	-	.	-	-	-	-	-	-	-	-	-	-	-
ɲ̟	.	-	-	-	-	+	+	-	.	-	-	-	+	-	-	.	.	+	+	+	-	+	+	-	+	-	.	-	-	+	-	-	-	-	-	-	-	-
ɲ̟dʑ	.	-	-	-	-	+	.	.	.	-	-	-	.	-	-	.	.	+	+	.	.	.	+	-	+	-	.	-	-	+	-	-	-	-	-	-	-	-
ɲ̟tɕʰ	.	-	-	-	-	+	.	.	.	-	-	-	.	-	-	.	.	+	+	.	.	.	+	-	+	-	.	-	-	.	-	.	-	-	-	-	-	-
ɲ̟ʝ̟	.	-	-	-	-	+	.	.	+	-	-	-	.	-	-	.	.	+	+	+	-	+	+	-	+	-	.	-	-	+	-	-	-	-	-	-	-	-
ɲ̟̥	.	-	-	-	-	+	+	-	.	-	-	-	+	-	-	.	.	+	+	+	-	+	+	-	+	-	.	-	-	-	-	-	-	-	-	-	-	-
ɲ̠	.	-	-	-	-	+	+	-	.	-	-	-	+	-	-	.	.	+	-	+	-	+	+	-	+	-	.	-	-	+	-	-	-	-	-	-	-	-
ɲ̤	.	-	-	-	-	+	+	-	.	-	-	-	+	-	-	.	.	+	-	+	-	+	+	-	+	-	.	-	-	+	-	+	-	-	-	-	-	-
ɲ̤cʰ	.	-	-	-	-	+	.	-	-	-	-	-	.	-	-	.	.	+	-	+	-	+	+	-	+	-	.	-	-	.	-	+	-	-	-	-	-	-
ɲ̤ɟ̤	.	-	-	-	-	+	.	-	-	-	-	-	.	-	-	.	.	+	-	+	-	+	+	-	+	-	.	-	-	+	-	+	-	-	-	-	-	-
ɲ̤ʱ	.	-	-	-	-	+	+	-	.	-	-	-	+	-	-	.	.	+	-	+	-	+	+	-	+	-	.	-	-	+	-	+	-	-	-	-	-	-
ɲ̥	.	-	-	-	-	+	+	-	.	-	-	-	+	-	-	.	.	+	-	+	-	+	+	-	+	-	.	-	-	-	-	-	-	-	-	-	-	-
ɲ̥ɲ	.	-	-	-	-	+	+	-	.	-	-	-	+	-	-	.	.	+	-	+	-	+	+	-	+	-	.	-	-	.	-	-	-	-	-	-	-	-
ɲ̩	.	-	+	-	-	+	+	-	.	-	-	-	+	-	-	.	.	+	-	+	-	+	+	-	+	-	.	-	-	+	-	-	-	-	-	-	-	-
ɲ̰	.	-	-	-	-	+	+	-	.	-	-	-	+	-	-	.	.	+	-	+	-	+	+	-	+	-	.	-	-	+	-	-	+	-	-	-	-	-
ɲ̻	.	-	-	-	-	+	+	-	.	-	-	-	+	-	-	.	.	+	-	+	-	+	+	-	+	-	.	-	-	+	-	-	-	-	-	-	-	-
ɲ̻̟	.	-	-	-	-	+	+	-	.	-	-	-	+	-	-	.	.	+	+	+	-	+	+	-	+	-	.	-	-	+	-	-	-	-	-	-	-	-
ɲᶣ	.	-	-	-	-	+	+	-	.	-	-	-	+	-	.	+	-	+	-	+	-	+	+	-	+	-	.	-	-	+	-	-	-	-	-	-	-	-
ɳ	.	-	-	-	-	+	+	-	.	-	-	-	+	-	-	.	.	+	-	-	-	-	.	.	.	.	.	-	-	+	-	-	-	-	-	-	-	-
ɳg	.	-	-	-	-	+	.	-	-	-	-	-	.	-	-	.	.	.	-	-	-	.	+	-	-	-	.	-	-	+	-	-	-	-	-	-	-	-
ɳgʷ	.	-	-	-	-	+	.	-	-	-	-	-	.	-	.	+	-	.	-	-	-	.	+	-	-	-	.	-	-	+	-	-	-	-	-	-	-	-
ɳɖ	.	-	-	-	-	+	.	-	-	-	-	-	.	-	-	.	.	+	-	-	-	-	.	.	.	.	.	-	-	+	-	-	-	-	-	-	-	-
ɳɖr	.	-	-	-	-	+	.	.	-	.	-	.	.	-	-	.	.	+	.	-	-	-	.	.	.	.	.	-	-	+	-	-	-	-	-	-	-	-
ɳɖr̠	.	-	-	-	-	+	.	.	-	.	-	.	.	-	-	.	.	+	-	.	-	-	.	.	.	.	.	-	-	+	-	-	-	-	-	-	-	-
ɳɖɽ	.	-	-	-	-	+	.	.	-	.	.	-	.	-	-	.	.	+	-	-	-	-	.	.	.	.	.	-	-	+	-	-	-	-	-	-	-	-
ɳɖʐ	.	-	-	-	-	+	.	-	+	-	-	-	.	-	-	.	.	+	-	-	+	-	.	.	.	.	.	-	-	+	-	-	-	-	-	-	-	-
ɳɦ	.	-	-	-	-	.	.	.	+	-	-	-	.	-	-	.	.	.	-	-	-	-	.	.	.	.	.	-	-	+	-	.	-	-	-	-	-	-
ɳʈ	.	-	-	-	-	+	.	-	-	-	-	-	.	-	-	.	.	+	-	-	-	-	.	.	.	.	.	-	-	.	-	-	-	-	-	-	-	-
ɳʈr̠̥	.	-	-	-	-	+	.	.	-	.	-	.	.	-	-	.	.	+	-	.	-	-	.	.	.	.	.	-	-	.	-	-	-	-	-	-	-	-
ɳʈɽ̥ʰ	.	-	-	-	-	+	.	.	-	.	.	-	.	-	-	.	.	+	-	-	-	-	.	.	.	.	.	-	-	.	-	.	-	-	-	-	-	-
ɳʈʂ	.	-	-	-	-	+	.	-	+	-	-	-	.	-	-	.	.	+	-	-	+	-	.	.	.	.	.	-	-	.	-	-	-	-	-	-	-	-
ɳʈʂʰ	.	-	-	-	-	+	.	-	+	-	-	-	.	-	-	.	.	+	-	-	.	-	.	.	.	.	.	-	-	.	-	.	-	-	-	-	-	-
ɳʈʰ	.	-	-	-	-	+	.	-	-	-	-	-	.	-	-	.	.	+	-	-	-	-	.	.	.	.	.	-	-	.	-	.	-	-	-	-	-	-
ɳʱ	.	-	-	-	-	+	+	-	.	-	-	-	+	-	-	.	.	+	-	-	-	-	.	.	.	.	.	-	-	+	-	+	-	-	-	-	-	-
ɳʷ	.	-	-	-	-	+	+	-	.	-	-	-	+	-	.	+	-	+	-	-	-	-	.	.	.	.	.	-	-	+	-	-	-	-	-	-	-	-
ɳ̟	.	-	-	-	-	+	+	-	.	-	-	-	+	-	-	.	.	+	.	-	-	-	.	.	.	.	.	-	-	+	-	-	-	-	-	-	-	-
ɳ̤	.	-	-	-	-	+	+	-	.	-	-	-	+	-	-	.	.	+	-	-	-	-	.	.	.	.	.	-	-	+	-	+	-	-	-	-	-	-
ɳ̥	.	-	-	-	-	+	+	-	.	-	-	-	+	-	-	.	.	+	-	-	-	-	.	.	.	.	.	-	-	-	-	-	-	-	-	-	-	-
ɳ̺	.	-	-	-	-	+	+	-	.	-	-	-	+	-	-	.	.	+	-	-	-	-	.	.	.	.	.	-	-	+	-	-	-	-	-	-	-	-
ɴ	.	-	-	-	-	+	+	-	.	-	-	-	+	-	-	.	.	-	.	.	.	+	-	-	-	+	.	-	-	+	-	-	-	-	-	-	-	-
ɴq	.	-	-	-	-	+	.	-	-	-	-	-	.	-	-	.	.	-	.	.	.	+	-	-	-	+	.	-	-	.	-	-	-	-	-	-	-	-
ɴqʰ	.	-	-	-	-	+	.	-	-	-	-	-	.	-	-	.	.	-	.	.	.	+	-	-	-	+	.	-	-	.	-	.	-	-	-	-	-	-
ɴɢ	.	-	-	-	-	+	.	-	-	-	-	-	.	-	-	.	.	-	.	.	.	+	-	-	-	+	.	-	-	+	-	-	-	-	-	-	-	-
ɴː	.	-	-	-	+	+	+	-	.	-	-	-	+	-	-	.	.	-	.	.	.	+	-	-	-	+	.	-	-	+	-	-	-	-	-	-	-	-
ɵ	.	-	+	-	-	-	+	+	.	+	-	-	-	-	+	+	-	-	.	.	.	+	-	-	-	-	+	-	-	+	-	-	-	.	.	-	-	.
ɵy	.	-	+	-	-	-	+	+	.	+	-	-	-	-	+	+	-	-	.	.	.	+	.	-	.	-	+	-	-	+	-	-	-	.	.	-	-	.
ɵə	.	-	+	-	-	-	+	+	.	+	-	-	-	-	.	+	-	-	.	.	.	+	-	-	-	-	.	-	-	+	-	-	-	.	.	-	-	.
ɵː	.	-	+	-	+	-	+	+	.	+	-	-	-	-	+	+	-	-	.	.	.	+	-	-	-	-	+	-	-	+	-	-	-	.	.	-	-	.
ɵ̃	.	-	+	-	-	-	+	+	.	+	-	-	+	-	+	+	-	-	.	.	.	+	-	-	-	-	+	-	-	+	-	-	-	.	.	-	-	.
ɵ̆	.	-	+	+	-	-	+	+	.	+	-	-	-	-	+	+	-	-	.	.	.	+	-	-	-	-	+	-	-	+	-	-	-	.	.	-	-	.
ɵ̞	.	-	+	-	-	-	+	+	.	+	-	-	-	-	+	+	-	-	.	.	.	+	-	-	-	-	.	-	-	+	-	-	-	.	.	-	-	.
ɵ̞ː	.	-	+	-	+	-	+	+	.	+	-	-	-	-	+	+	-	-	.	.	.	+	-	-	-	-	.	-	-	+	-	-	-	.	.	-	-	.
ɵ̞̆	.	-	+	+	-	-	+	+	.	+	-	-	-	-	+	+	-	-	.	.	.	+	-	-	-	-	.	-	-	+	-	-	-	.	.	-	-	.
ɵ̞̰	.	-	+	-	-	-	+	+	.	+	-	-	-	-	+	+	-	-	.	.	.	+	-	-	-	-	.	-	-	+	-	-	+	.	.	-	-	.
ɵ̟	.	-	+	-	-	-	+	+	.	+	-	-	-	-	+	+	-	-	.	.	.	+	-	-	.	-	+	-	-	+	-	-	-	.	.	-	-	.
ɵ̤	.	-	+	-	-	-	+	+	.	+	-	-	-	-	+	+	-	-	.	.	.	+	-	-	-	-	+	-	-	+	-	+	-	.	.	-	-	.
ɵ̤ː	.	-	+	-	+	-	+	+	.	+	-	-	-	-	+	+	-	-	.	.	.	+	-	-	-	-	+	-	-	+	-	+	-	.	.	-	-	.
ɶ	.	-	+	-	-	-	+	+	.	+	-	-	-	-	+	+	-	-	.	.	.	+	-	+	-	-	.	-	-	+	-	-	-	.	.	-	-	.
ɶː	.	-	+	-	+	-	+	+	.	+	-	-	-	-	+	+	-	-	.	.	.	+	-	+	-	-	.	-	-	+	-	-	-	.	.	-	-	.
ɶ̝	.	-	+	-	-	-	+	+	.	+	-	-	-	-	+	+	-	-	.	.	.	+	-	.	-	-	.	-	-	+	-	-	-	.	.	-	-	.
ɸ	.	-	-	-	-	+	-	+	+	-	-	-	-	-	+	-	-	-	.	.	.	-	.	.	.	.	.	-	-	-	-	-	-	-	-	-	-	-
ɸʰ	.	-	-	-	-	+	-	+	+	-	-	-	-	-	+	-	-	-	.	.	.	-	.	.	.	.	.	-	-	-	-	+	-	-	-	-	-	-
ɸʲ	.	-	-	-	-	+	-	+	+	-	-	-	-	-	+	-	-	-	.	.	.	.	+	-	+	-	.	-	-	-	-	-	-	-	-	-	-	-
ɸʷ	.	-	-	-	-	+	-	+	+	-	-	-	-	-	+	.	-	-	.	.	.	-	.	.	.	.	.	-	-	-	-	-	-	-	-	-	-	-
ɸʷˠ	.	-	-	-	-	+	-	+	+	-	-	-	-	-	+	.	-	-	.	.	.	.	+	-	-	-	.	-	-	-	-	-	-	-	-	-	-	-
ɸʼ	.	-	-	-	-	+	-	+	+	-	-	-	-	-	+	-	-	-	.	.	.	-	.	.	.	.	.	-	-	-	-	-	+	-	-	+	-	-
ɸː	.	-	-	-	+	+	-	+	+	-	-	-	-	-	+	-	-	-	.	.	.	-	.	.	.	.	.	-	-	-	-	-	-	-	-	-	-	-
ɸ̃	.	-	-	-	-	+	-	+	+	-	-	-	+	-	+	-	-	-	.	.	.	-	.	.	.	.	.	-	-	-	-	-	-	-	-	-	-	-
ɸ̞	.	-	-	-	-	+	-	+	+	+	-	-	-	-	+	-	-	-	.	.	.	-	.	.	.	.	.	-	-	-	-	-	-	-	-	-	-	-
ɹ	.	-	-	-	-	-	+	+	.	+	-	-	-	-	-	.	.	+	-	+	-	-	.	.	.	.	.	-	-	+	-	-	-	-	-	-	-	-
ɹˤ	.	-	-	-	-	-	+	+	.	+	-	-	-	-	-	.	.	+	-	+	-	-	.	.	.	.	.	.	-	+	-	-	-	-	-	-	-	-
ɹ̝	.	-	-	-	-	-	+	+	+	+	-	-	-	-	-	.	.	+	-	+	-	-	.	.	.	.	.	-	-	+	-	-	-	-	-	-	-	-
ɹ̥	.	-	-	-	-	-	+	+	.	+	-	-	-	-	-	.	.	+	-	+	-	-	.	.	.	.	.	-	-	-	-	-	-	-	-	-	-	-
ɹ̩	.	-	+	-	-	-	+	+	.	+	-	-	-	-	-	.	.	+	-	+	-	-	.	.	.	.	.	-	-	+	-	-	-	-	-	-	-	-
ɹ̪|ɹ	.	-	-	-	-	-	+	+	.	+	-	-	-	-	-	.	.	+	.	+	-	-	.	.	.	.	.	-	-	+	-	-	-	-	-	-	-	-
ɹ̪̥|ɹ̥	.	-	-	-	-	-	+	+	.	+	-	-	-	-	-	.	.	+	.	+	-	-	.	.	.	.	.	-	-	-	-	-	-	-	-	-	-	-
ɹ̪̩	.	-	+	-	-	-	+	+	.	+	-	-	-	-	-	.	.	+	+	+	-	-	.	.	.	.	.	-	-	+	-	-	-	-	-	-	-	-
ɹ̪̩ˠ	.	-	+	-	-	-	+	+	.	+	-	-	-	-	-	.	.	+	+	+	-	.	+	-	-	-	.	-	-	+	-	-	-	-	-	-	-	-
ɹ̪̰̩	.	-	+	-	-	-	+	+	.	+	-	-	-	-	-	.	.	+	+	+	-	-	.	.	.	.	.	-	-	+	-	-	+	-	-	-	-	-
ɹ̪̹̩	.	-	+	-	-	-	+	+	.	+	-	-	-	-	+	+	.	+	+	+	-	-	.	.	.	.	.	-	-	+	-	-	-	-	-	-	-	-
ɹ̰ˤ	.	-	-	-	-	-	+	+	.	+	-	-	-	-	-	.	.	+	-	+	-	-	.	.	.	.	.	.	-	+	-	-	+	-	-	-	-	-
ɹ̺	.	-	-	-	-	-	+	+	.	+	-	-	-	-	-	.	.	+	-	-	-	-	.	.	.	.	.	-	-	+	-	-	-	-	-	-	-	-
ɺ	.	-	-	-	-	+	+	+	.	+	+	-	-	+	-	.	.	+	+	-	-	-	.	.	.	.	.	-	-	+	-	-	-	-	-	-	-	-
ɺʲ	.	-	-	-	-	+	+	+	.	+	+	-	-	+	-	.	.	+	+	-	-	.	+	-	+	-	.	-	-	+	-	-	-	-	-	-	-	-
ɺː	.	-	-	-	+	+	+	+	.	+	+	-	-	+	-	.	.	+	+	-	-	-	.	.	.	.	.	-	-	+	-	-	-	-	-	-	-	-
ɺ̠	.	-	-	-	-	+	+	+	.	+	+	-	-	+	-	.	.	+	-	+	-	-	.	.	.	.	.	-	-	+	-	-	-	-	-	-	-	-
ɺ̠̰	.	-	-	-	-	+	+	+	.	+	+	-	-	+	-	.	.	+	-	+	-	-	.	.	.	.	.	-	-	+	-	-	+	-	-	-	-	-
ɺ̥	.	-	-	-	-	+	+	+	.	+	+	-	-	+	-	.	.	+	+	-	-	-	.	.	.	.	.	-	-	-	-	-	-	-	-	-	-	-
ɺ̪|ɺ	.	-	-	-	-	+	+	+	.	+	+	-	-	+	-	.	.	+	+	.	-	-	.	.	.	.	.	-	-	+	-	-	-	-	-	-	-	-
ɺ̺̠	.	-	-	-	-	+	+	+	.	+	+	-	-	+	-	.	.	+	-	+	-	-	.	.	.	.	.	-	-	+	-	-	-	-	-	-	-	-
ɻ	.	-	-	-	-	+	+	+	.	+	-	-	-	-	-	.	.	+	-	-	-	-	.	.	.	.	.	-	-	+	-	-	-	-	-	-	-	-
ɻʲ	.	-	-	-	-	+	+	+	.	+	-	-	-	-	-	.	.	+	-	-	-	.	+	-	+	-	.	-	-	+	-	-	-	-	-	-	-	-
ɻʷ	.	-	-	-	-	+	+	+	.	+	-	-	-	-	.	+	-	+	-	-	-	-	.	.	.	.	.	-	-	+	-	-	-	-	-	-	-	-
ɻː	.	-	-	-	+	+	+	+	.	+	-	-	-	-	-	.	.	+	-	-	-	-	.	.	.	.	.	-	-	+	-	-	-	-	-	-	-	-
ɻ̊	.	-	-	-	-	+	+	+	.	+	-	-	-	-	-	.	.	+	-	-	-	-	.	.	.	.	.	-	-	-	-	-	-	-	-	-	-	-
ɻ̟	.	-	-	-	-	+	+	+	.	+	-	-	-	-	-	.	.	+	.	-	-	-	.	.	.	.	.	-	-	+	-	-	-	-	-	-	-	-
ɻ̩	.	-	+	-	-	+	+	+	.	+	-	-	-	-	-	.	.	+	-	-	-	-	.	.	.	.	.	-	-	+	-	-	-	-	-	-	-	-
ɻ̹̩	.	-	+	-	-	+	+	+	.	+	-	-	-	-	+	+	.	+	-	-	-	-	.	.	.	.	.	-	-	+	-	-	-	-	-	-	-	-
ɻ̺	.	-	-	-	-	+	+	+	.	+	-	-	-	-	-	.	.	+	-	-	-	-	.	.	.	.	.	-	-	+	-	-	-	-	-	-	-	-
ɽ	.	-	-	-	-	+	+	+	.	+	+	-	-	-	-	.	.	+	-	-	-	-	.	.	.	.	.	-	-	+	-	-	-	-	-	-	-	-
ɽʱ	.	-	-	-	-	+	+	+	.	+	+	-	-	-	-	.	.	+	-	-	-	-	.	.	.	.	.	-	-	+	-	+	-	-	-	-	-	-
ɽ̃	.	-	-	-	-	+	+	+	.	+	+	-	+	-	-	.	.	+	-	-	-	-	.	.	.	.	.	-	-	+	-	-	-	-	-	-	-	-
ɽ̊	.	-	-	-	-	+	+	+	.	+	+	-	-	-	-	.	.	+	-	-	-	-	.	.	.	.	.	-	-	-	-	-	-	-	-	-	-	-
ɽ̤	.	-	-	-	-	+	+	+	.	+	+	-	-	-	-	.	.	+	-	-	-	-	.	.	.	.	.	-	-	+	-	+	-	-	-	-	-	-
ɽ̩	.	-	+	-	-	+	+	+	.	+	+	-	-	-	-	.	.	+	-	-	-	-	.	.	.	.	.	-	-	+	-	-	-	-	-	-	-	-
ɾ	.	-	-	-	-	+	+	+	.	+	+	-	-	-	-	.	.	+	+	-	-	-	.	.	.	.	.	-	-	+	-	-	-	-	-	-	-	-
ɾʱ	.	-	-	-	-	+	+	+	.	+	+	-	-	-	-	.	.	+	+	-	-	-	.	.	.	.	.	-	-	+	-	+	-	-	-	-	-	-
ɾʲ	.	-	-	-	-	+	+	+	.	+	+	-	-	-	-	.	.	+	+	-	-	.	+	-	+	-	.	-	-	+	-	-	-	-	-	-	-	-
ɾʷ	.	-	-	-	-	+	+	+	.	+	+	-	-	-	.	+	-	+	+	-	-	-	.	.	.	.	.	-	-	+	-	-	-	-	-	-	-	-
ɾʷʲ	.	-	-	-	-	+	+	+	.	+	+	-	-	-	.	+	-	+	+	-	-	.	+	-	+	-	.	-	-	+	-	-	-	-	-	-	-	-
ɾˀ	.	-	-	-	-	+	+	+	.	+	+	-	-	-	-	.	.	+	+	-	-	-	.	.	.	.	.	-	-	+	-	-	+	-	-	-	-	-
ɾː	.	-	-	-	+	+	+	+	.	+	+	-	-	-	-	.	.	+	+	-	-	-	.	.	.	.	.	-	-	+	-	-	-	-	-	-	-	-
ɾˠ	.	-	-	-	-	+	+	+	.	+	+	-	-	-	-	.	.	+	+	-	-	.	+	-	-	-	.	-	-	+	-	-	-	-	-	-	-	-
ɾˤ	.	-	-	-	-	+	+	+	.	+	+	-	-	-	-	.	.	+	+	-	-	-	.	.	.	.	.	.	-	+	-	-	-	-	-	-	-	-
ɾ̃	.	-	-	-	-	+	+	+	.	+	+	-	+	-	-	.	.	+	+	-	-	-	.	.	.	.	.	-	-	+	-	-	-	-	-	-	-	-
ɾ̞	.	-	-	-	-	+	+	+	.	+	.	-	-	-	-	.	.	+	+	-	-	-	.	.	.	.	.	-	-	+	-	-	-	-	-	-	-	-
ɾ̠	.	-	-	-	-	+	+	+	.	+	+	-	-	-	-	.	.	+	-	+	-	-	.	.	.	.	.	-	-	+	-	-	-	-	-	-	-	-
ɾ̤	.	-	-	-	-	+	+	+	.	+	+	-	-	-	-	.	.	+	+	-	-	-	.	.	.	.	.	-	-	+	-	+	-	-	-	-	-	-
ɾ̥	.	-	-	-	-	+	+	+	.	+	+	-	-	-	-	.	.	+	+	-	-	-	.	.	.	.	.	-	-	-	-	-	-	-	-	-	-	-
ɾ̥ʲ	.	-	-	-	-	+	+	+	.	+	+	-	-	-	-	.	.	+	+	-	-	.	+	-	+	-	.	-	-	-	-	-	-	-	-	-	-	-
ɾ̥ˠ	.	-	-	-	-	+	+	+	.	+	+	-	-	-	-	.	.	+	+	-	-	.	+	-	-	-	.	-	-	-	-	-	-	-	-	-	-	-
ɾ̪	.	-	-	-	-	+	+	+	.	+	+	-	-	-	-	.	.	+	+	+	-	-	.	.	.	.	.	-	-	+	-	-	-	-	-	-	-	-
ɾ̪|ɾ	.	-	-	-	-	+	+	+	.	+	+	-	-	-	-	.	.	+	+	.	-	-	.	.	.	.	.	-	-	+	-	-	-	-	-	-	-	-
ɾ̪ʲ	.	-	-	-	-	+	+	+	.	+	+	-	-	-	-	.	.	+	+	+	-	.	+	-	+	-	.	-	-	+	-	-	-	-	-	-	-	-
ɾ̪ʲ|ɾʲ	.	-	-	-	-	+	+	+	.	+	+	-	-	-	-	.	.	+	+	.	-	.	+	-	+	-	.	-	-	+	-	-	-	-	-	-	-	-
ɾ̪ˠ	.	-	-	-	-	+	+	+	.	+	+	-	-	-	-	.	.	+	+	+	-	.	+	-	-	-	.	-	-	+	-	-	-	-	-	-	-	-
ɾ̪̊	.	-	-	-	-	+	+	+	.	+	+	-	-	-	-	.	.	+	+	+	-	-	.	.	.	.	.	-	-	-	-	-	-	-	-	-	-	-
ɾ̪̊ʰ	.	-	-	-	-	+	+	+	.	+	+	-	-	-	-	.	.	+	+	+	-	-	.	.	.	.	.	-	-	-	-	+	-	-	-	-	-	-
ɾ̰	.	-	-	-	-	+	+	+	.	+	+	-	-	-	-	.	.	+	+	-	-	-	.	.	.	.	.	-	-	+	-	-	+	-	-	-	-	-
ɾ̺	.	-	-	-	-	+	+	+	.	+	+	-	-	-	-	.	.	+	+	-	-	-	.	.	.	.	.	-	-	+	-	-	-	-	-	-	-	-
ɾ̻	.	-	-	-	-	+	+	+	.	+	+	-	-	-	-	.	.	+	+	+	-	-	.	.	.	.	.	-	-	+	-	-	-	-	-	-	-	-
ɾ͓	.	-	-	-	-	+	+	+	+	+	+	-	-	-	-	.	.	+	+	-	-	-	.	.	.	.	.	-	-	+	-	-	-	-	-	-	-	-
ʀ	.	-	-	-	-	+	+	+	.	+	-	+	-	-	-	.	.	-	.	.	.	+	-	-	-	+	.	-	-	+	-	-	-	-	-	-	-	-
ʀʁ	.	-	-	-	-	+	.	+	+	.	-	.	-	-	-	.	.	-	.	.	.	+	-	-	-	+	.	-	-	+	-	-	-	-	-	-	-	-
ʁ	.	-	-	-	-	+	-	+	+	-	-	-	-	-	-	.	.	-	.	.	.	+	-	-	-	+	.	-	-	+	-	-	-	-	-	-	-	-
ʁʲ	.	-	-	-	-	+	-	+	+	-	-	-	-	-	-	.	.	-	.	.	.	+	.	-	.	.	.	-	-	+	-	-	-	-	-	-	-	-
ʁʷ	.	-	-	-	-	+	-	+	+	-	-	-	-	-	.	+	-	-	.	.	.	+	-	-	-	+	.	-	-	+	-	-	-	-	-	-	-	-
ʁʷː	.	-	-	-	+	+	-	+	+	-	-	-	-	-	.	+	-	-	.	.	.	+	-	-	-	+	.	-	-	+	-	-	-	-	-	-	-	-
ʁʷˤ	.	-	-	-	-	+	-	+	+	-	-	-	-	-	.	+	-	-	.	.	.	+	-	-	-	+	.	.	-	+	-	-	-	-	-	-	-	-
ʁː	.	-	-	-	+	+	-	+	+	-	-	-	-	-	-	.	.	-	.	.	.	+	-	-	-	+	.	-	-	+	-	-	-	-	-	-	-	-
ʁˤ	.	-	-	-	-	+	-	+	+	-	-	-	-	-	-	.	.	-	.	.	.	+	-	-	-	+	.	.	-	+	-	-	-	-	-	-	-	-
ʁ̞	.	-	-	-	-	-	+	+	.	+	-	-	-	-	-	.	.	-	.	.	.	+	-	-	-	+	.	-	-	+	-	-	-	-	-	-	-	-
ʁ̞ʷ	.	-	-	-	-	-	+	+	.	+	-	-	-	-	.	+	-	-	.	.	.	+	-	-	-	+	.	-	-	+	-	-	-	-	-	-	-	-
ʁ̞̰ʷ	.	-	-	-	-	-	+	+	.	+	-	-	-	-	.	+	-	-	.	.	.	+	-	-	-	+	.	-	-	+	-	-	+	-	-	-	-	-
ʂ	.	-	-	-	-	+	-	+	+	-	-	-	-	-	-	.	.	+	-	-	+	-	.	.	.	.	.	-	-	-	-	-	-	-	-	-	-	-
ʂʰ	.	-	-	-	-	+	-	+	+	-	-	-	-	-	-	.	.	+	-	-	+	-	.	.	.	.	.	-	-	-	-	+	-	-	-	-	-	-
ʂʼ	.	-	-	-	-	+	-	+	+	-	-	-	-	-	-	.	.	+	-	-	+	-	.	.	.	.	.	-	-	-	-	-	+	-	-	+	-	-
ʂː	.	-	-	-	+	+	-	+	+	-	-	-	-	-	-	.	.	+	-	-	+	-	.	.	.	.	.	-	-	-	-	-	-	-	-	-	-	-
ʂ̻	.	-	-	-	-	+	-	+	+	-	-	-	-	-	-	.	.	+	-	+	+	-	.	.	.	.	.	-	-	-	-	-	-	-	-	-	-	-
ʂ͇	.	-	-	-	-	+	-	+	+	-	-	-	-	-	-	.	.	+	-	-	-	-	.	.	.	.	.	-	-	-	-	-	-	-	-	-	-	-
ʂ͉	.	-	-	-	-	+	-	+	+	-	-	-	-	-	-	.	.	+	-	-	+	-	.	.	.	.	.	-	-	-	-	-	-	-	+	-	-	-
ʃ	.	-	-	-	-	+	-	+	+	-	-	-	-	-	-	.	.	+	-	+	+	-	.	.	.	.	.	-	-	-	-	-	-	-	-	-	-	-
ʃt	.	-	-	-	-	+	-	.	.	-	-	-	-	-	-	.	.	+	.	.	.	-	.	.	.	.	.	-	-	-	-	-	-	-	-	-	-	-
ʃʰ	.	-	-	-	-	+	-	+	+	-	-	-	-	-	-	.	.	+	-	+	+	-	.	.	.	.	.	-	-	-	-	+	-	-	-	-	-	-
ʃʲ	.	-	-	-	-	+	-	+	+	-	-	-	-	-	-	.	.	+	-	+	+	.	+	-	+	-	.	-	-	-	-	-	-	-	-	-	-	-
ʃʲː	.	-	-	-	+	+	-	+	+	-	-	-	-	-	-	.	.	+	-	+	+	.	+	-	+	-	.	-	-	-	-	-	-	-	-	-	-	-
ʃʷ	.	-	-	-	-	+	-	+	+	-	-	-	-	-	.	+	-	+	-	+	+	-	.	.	.	.	.	-	-	-	-	-	-	-	-	-	-	-
ʃʷː	.	-	-	-	+	+	-	+	+	-	-	-	-	-	.	+	-	+	-	+	+	-	.	.	.	.	.	-	-	-	-	-	-	-	-	-	-	-
ʃʼ	.	-	-	-	-	+	-	+	+	-	-	-	-	-	-	.	.	+	-	+	+	-	.	.	.	.	.	-	-	-	-	-	+	-	-	+	-	-
ʃʼː	.	-	-	-	+	+	-	+	+	-	-	-	-	-	-	.	.	+	-	+	+	-	.	.	.	.	.	-	-	-	-	-	+	-	-	+	-	-
ʃˀ	.	-	-	-	-	+	-	+	+	-	-	-	-	-	-	.	.	+	-	+	+	-	.	.	.	.	.	-	-	-	-	-	+	-	-	-	-	-
ʃː	.	-	-	-	+	+	-	+	+	-	-	-	-	-	-	.	.	+	-	+	+	-	.	.	.	.	.	-	-	-	-	-	-	-	-	-	-	-
ʃˑ	.	-	-	+	+	+	-	+	+	-	-	-	-	-	-	.	.	+	-	+	+	-	.	.	.	.	.	-	-	-	-	-	-	-	-	-	-	-
ʃˠ	.	-	-	-	-	+	-	+	+	-	-	-	-	-	-	.	.	+	-	+	+	.	+	-	-	-	.	-	-	-	-	-	-	-	-	-	-	-
ʃˤ	.	-	-	-	-	+	-	+	+	-	-	-	-	-	-	.	.	+	-	+	+	-	.	.	.	.	.	.	-	-	-	-	-	-	-	-	-	-
ʃ̞	.	-	-	-	-	+	-	+	+	+	-	-	-	-	-	.	.	+	-	+	+	-	.	.	.	.	.	-	-	-	-	-	-	-	-	-	-	-
ʃ̞ʼ	.	-	-	-	-	+	-	+	+	+	-	-	-	-	-	.	.	+	-	+	+	-	.	.	.	.	.	-	-	-	-	-	+	-	-	+	-	-
ʃ̺	.	-	-	-	-	+	-	+	+	-	-	-	-	-	-	.	.	+	-	-	+	-	.	.	.	.	.	-	-	-	-	-	-	-	-	-	-	-
ʃ͇	.	-	-	-	-	+	-	+	+	-	-	-	-	-	-	.	.	+	-	+	-	-	.	.	.	.	.	-	-	-	-	-	-	-	-	-	-	-
ʃ͈	.	-	-	-	-	+	-	+	+	-	-	-	-	-	-	.	.	+	-	+	+	-	.	.	.	.	.	-	-	-	-	-	-	+	-	-	-	-
ʃ͈ʷ	.	-	-	-	-	+	-	+	+	-	-	-	-	-	.	+	-	+	-	+	+	-	.	.	.	.	.	-	-	-	-	-	-	+	-	-	-	-
ʃ͈ː	.	-	-	-	+	+	-	+	+	-	-	-	-	-	-	.	.	+	-	+	+	-	.	.	.	.	.	-	-	-	-	-	-	+	-	-	-	-
ʃ͉	.	-	-	-	-	+	-	+	+	-	-	-	-	-	-	.	.	+	-	+	+	-	.	.	.	.	.	-	-	-	-	-	-	-	+	-	-	-
ʄ	.	-	-	-	-	+	-	-	-	-	-	-	-	-	-	.	.	+	-	+	-	+	+	-	+	-	.	-	-	+	-	-	-	-	-	-	+	-
ʄ̥	.	-	-	-	-	+	-	-	-	-	-	-	-	-	-	.	.	+	-	+	-	+	+	-	+	-	.	-	-	-	-	-	-	-	-	-	+	-
ʆ	.	-	-	-	-	+	-	+	+	-	-	-	-	-	-	.	.	+	-	+	-	-	.	.	.	.	.	-	-	-	-	-	-	-	-	-	-	-
ʆʷ	.	-	-	-	-	+	-	+	+	-	-	-	-	-	.	+	-	+	-	+	-	-	.	.	.	.	.	-	-	-	-	-	-	-	-	-	-	-
ʆʷʼ	.	-	-	-	-	+	-	+	+	-	-	-	-	-	.	+	-	+	-	+	-	-	.	.	.	.	.	-	-	-	-	-	+	-	-	+	-	-
ʆʼ	.	-	-	-	-	+	-	+	+	-	-	-	-	-	-	.	.	+	-	+	-	-	.	.	.	.	.	-	-	-	-	-	+	-	-	+	-	-
ʈ	.	-	-	-	-	+	-	-	-	-	-	-	-	-	-	.	.	+	-	-	-	-	.	.	.	.	.	-	-	-	-	-	-	-	-	-	-	-
ʈr	.	-	-	-	-	+	.	.	-	.	-	.	-	-	-	.	.	+	.	-	-	-	.	.	.	.	.	-	-	.	-	-	-	-	-	-	-	-
ʈr̠̥	.	-	-	-	-	+	.	.	-	.	-	.	-	-	-	.	.	+	-	.	-	-	.	.	.	.	.	-	-	-	-	-	-	-	-	-	-	-
ʈɳ	.	-	-	-	-	+	.	-	-	-	-	-	.	-	-	.	.	+	-	-	-	-	.	.	.	.	.	-	-	.	-	-	-	-	-	-	-	-
ʈɹ̠̥	.	-	-	-	-	.	.	.	-	.	-	-	-	-	-	.	.	+	-	.	-	-	.	.	.	.	.	-	-	-	-	-	-	-	-	-	-	-
ʈɽ	.	-	-	-	-	+	.	.	-	.	.	-	-	-	-	.	.	+	-	-	-	-	.	.	.	.	.	-	-	.	-	-	-	-	-	-	-	-
ʈɽ̥	.	-	-	-	-	+	.	.	-	.	.	-	-	-	-	.	.	+	-	-	-	-	.	.	.	.	.	-	-	-	-	-	-	-	-	-	-	-
ʈɽ̥ʰ	.	-	-	-	-	+	.	.	-	.	.	-	-	-	-	.	.	+	-	-	-	-	.	.	.	.	.	-	-	-	-	.	-	-	-	-	-	-
ʈʂ	.	-	-	-	-	+	-	-	+	-	-	-	-	-	-	.	.	+	-	-	+	-	.	.	.	.	.	-	-	-	-	-	-	-	-	-	-	-
ʈʂʰ	.	-	-	-	-	+	-	-	+	-	-	-	-	-	-	.	.	+	-	-	+	-	.	.	.	.	.	-	-	-	-	+	-	-	-	-	-	-
ʈʂʷ	.	-	-	-	-	+	-	-	+	-	-	-	-	-	.	+	-	+	-	-	+	-	.	.	.	.	.	-	-	-	-	-	-	-	-	-	-	-
ʈʂʼ	.	-	-	-	-	+	-	-	+	-	-	-	-	-	-	.	.	+	-	-	+	-	.	.	.	.	.	-	-	-	-	-	+	-	-	+	-	-
ʈʂː	.	-	-	-	+	+	-	-	+	-	-	-	-	-	-	.	.	+	-	-	+	-	.	.	.	.	.	-	-	-	-	-	-	-	-	-	-	-
ʈʂ͇	.	-	-	-	-	+	-	-	+	-	-	-	-	-	-	.	.	+	-	-	-	-	.	.	.	.	.	-	-	-	-	-	-	-	-	-	-	-
ʈʰ	.	-	-	-	-	+	-	-	-	-	-	-	-	-	-	.	.	+	-	-	-	-	.	.	.	.	.	-	-	-	-	+	-	-	-	-	-	-
ʈʰː	.	-	-	-	+	+	-	-	-	-	-	-	-	-	-	.	.	+	-	-	-	-	.	.	.	.	.	-	-	-	-	+	-	-	-	-	-	-
ʈʷ	.	-	-	-	-	+	-	-	-	-	-	-	-	-	.	+	-	+	-	-	-	-	.	.	.	.	.	-	-	-	-	-	-	-	-	-	-	-
ʈʼ	.	-	-	-	-	+	-	-	-	-	-	-	-	-	-	.	.	+	-	-	-	-	.	.	.	.	.	-	-	-	-	-	+	-	-	+	-	-
ʈˀ	.	-	-	-	-	+	-	-	-	-	-	-	-	-	-	.	.	+	-	-	-	-	.	.	.	.	.	-	-	-	-	-	+	-	-	-	-	-
ʈː	.	-	-	-	+	+	-	-	-	-	-	-	-	-	-	.	.	+	-	-	-	-	.	.	.	.	.	-	-	-	-	-	-	-	-	-	-	-
ʈ̟	.	-	-	-	-	+	-	-	-	-	-	-	-	-	-	.	.	+	.	-	-	-	.	.	.	.	.	-	-	-	-	-	-	-	-	-	-	-
ʈ̺	.	-	-	-	-	+	-	-	-	-	-	-	-	-	-	.	.	+	-	-	-	-	.	.	.	.	.	-	-	-	-	-	-	-	-	-	-	-
ʈ̻ʂ̻	.	-	-	-	-	+	-	-	+	-	-	-	-	-	-	.	.	+	-	+	+	-	.	.	.	.	.	-	-	-	-	-	-	-	-	-	-	-
ʈ͈	.	-	-	-	-	+	-	-	-	-	-	-	-	-	-	.	.	+	-	-	-	-	.	.	.	.	.	-	-	-	-	-	-	+	-	-	-	-
ʈ͉	.	-	-	-	-	+	-	-	-	-	-	-	-	-	-	.	.	+	-	-	-	-	.	.	.	.	.	-	-	-	-	-	-	-	+	-	-	-
ʉ	.	-	+	-	-	-	+	+	.	+	-	-	-	-	+	+	-	-	.	.	.	+	+	-	-	-	+	-	-	+	-	-	-	.	.	-	-	.
ʉi	.	-	+	-	-	-	+	+	.	+	-	-	-	-	.	+	-	-	.	.	.	+	+	-	.	-	+	-	-	+	-	-	-	.	.	-	-	.
ʉi̯	.	-	.	-	-	-	+	+	.	+	-	-	-	-	.	+	-	-	.	.	.	+	+	-	.	-	+	-	-	+	-	-	-	.	.	-	-	.
ʉu	.	-	+	-	-	-	+	+	.	+	-	-	-	-	+	+	-	-	.	.	.	+	+	-	-	.	+	-	-	+	-	-	-	.	.	-	-	.
ʉœ̠	.	-	+	-	-	-	+	+	.	+	-	-	-	-	+	+	-	-	-	+	.	+	.	-	.	-	.	-	-	+	-	-	-	.	.	-	-	.
ʉə	.	-	+	-	-	-	+	+	.	+	-	-	-	-	.	+	-	-	.	.	.	+	.	-	-	-	.	-	-	+	-	-	-	.	.	-	-	.
ʉɞ̠	.	-	+	-	-	-	+	+	.	+	-	-	-	-	+	+	-	-	-	+	.	+	.	-	-	-	.	-	-	+	-	-	-	.	.	-	-	.
ʉː	.	-	+	-	+	-	+	+	.	+	-	-	-	-	+	+	-	-	.	.	.	+	+	-	-	-	+	-	-	+	-	-	-	.	.	-	-	.
ʉ̃	.	-	+	-	-	-	+	+	.	+	-	-	+	-	+	+	-	-	.	.	.	+	+	-	-	-	+	-	-	+	-	-	-	.	.	-	-	.
ʉ̃ː	.	-	+	-	+	-	+	+	.	+	-	-	+	-	+	+	-	-	.	.	.	+	+	-	-	-	+	-	-	+	-	-	-	.	.	-	-	.
ʉ̆	.	-	+	+	-	-	+	+	.	+	-	-	-	-	+	+	-	-	.	.	.	+	+	-	-	-	+	-	-	+	-	-	-	.	.	-	-	.
ʉ̞	.	-	+	-	-	-	+	+	.	+	-	-	-	-	+	+	-	-	.	.	.	+	+	-	-	-	.	-	-	+	-	-	-	.	.	-	-	.
ʉ̟	.	-	+	-	-	-	+	+	.	+	-	-	-	-	+	+	-	-	.	.	.	+	+	-	.	-	+	-	-	+	-	-	-	.	.	-	-	.
ʉ̟ː	.	-	+	-	+	-	+	+	.	+	-	-	-	-	+	+	-	-	.	.	.	+	+	-	.	-	+	-	-	+	-	-	-	.	.	-	-	.
ʉ̰	.	-	+	-	-	-	+	+	.	+	-	-	-	-	+	+	-	-	.	.	.	+	+	-	-	-	+	-	-	+	-	-	+	.	.	-	-	.
ʊ	.	-	+	-	-	-	+	+	.	+	-	-	-	-	+	+	-	-	.	.	.	+	+	-	-	+	-	-	-	+	-	-	-	.	.	-	-	.
ʊa	.	-	+	-	-	-	+	+	.	+	-	-	-	-	.	+	-	-	.	.	.	+	.	.	-	.	-	-	-	+	-	-	-	.	.	-	-	.
ʊe	.	-	+	-	-	-	+	+	.	+	-	-	-	-	.	+	-	-	.	.	.	+	.	-	.	.	.	-	-	+	-	-	-	.	.	-	-	.
ʊi	.	-	+	-	-	-	+	+	.	+	-	-	-	-	.	+	-	-	.	.	.	+	+	-	.	.	.	-	-	+	-	-	-	.	.	-	-	.
ʊu	.	-	+	-	-	-	+	+	.	+	-	-	-	-	+	+	-	-	.	.	.	+	+	-	-	+	.	-	-	+	-	-	-	.	.	-	-	.
ʊɔ	.	-	+	-	-	-	+	+	.	+	-	-	-	-	+	+	-	-	.	.	.	+	.	-	-	+	-	-	-	+	-	-	-	.	.	-	-	.
ʊə	.	-	+	-	-	-	+	+	.	+	-	-	-	-	.	+	-	-	.	.	.	+	.	-	-	.	-	-	-	+	-	-	-	.	.	-	-	.
ʊɪ	.	-	+	-	-	-	+	+	.	+	-	-	-	-	.	+	-	-	.	.	.	+	+	-	.	.	-	-	-	+	-	-	-	.	.	-	-	.
ʊː	.	-	+	-	+	-	+	+	.	+	-	-	-	-	+	+	-	-	.	.	.	+	+	-	-	+	-	-	-	+	-	-	-	.	.	-	-	.
ʊˤ	.	-	+	-	-	-	+	+	.	+	-	-	-	-	+	+	-	-	.	.	.	+	+	-	-	+	-	.	-	+	-	-	-	.	.	-	-	.
ʊˤː	.	-	+	-	+	-	+	+	.	+	-	-	-	-	+	+	-	-	.	.	.	+	+	-	-	+	-	.	-	+	-	-	-	.	.	-	-	.
ʊ̃	.	-	+	-	-	-	+	+	.	+	-	-	+	-	+	+	-	-	.	.	.	+	+	-	-	+	-	-	-	+	-	-	-	.	.	-	-	.
ʊ̃ː	.	-	+	-	+	-	+	+	.	+	-	-	+	-	+	+	-	-	.	.	.	+	+	-	-	+	-	-	-	+	-	-	-	.	.	-	-	.
ʊ̆	.	-	+	+	-	-	+	+	.	+	-	-	-	-	+	+	-	-	.	.	.	+	+	-	-	+	-	-	-	+	-	-	-	.	.	-	-	.
ʊ̈	.	-	+	-	-	-	+	+	.	+	-	-	-	-	+	+	-	-	.	.	.	+	+	-	-	.	-	-	-	+	-	-	-	.	.	-	-	.
ʊ̈i	.	-	+	-	-	-	+	+	.	+	-	-	-	-	.	+	-	-	.	.	.	+	+	-	.	-	.	-	-	+	-	-	-	.	.	-	-	.
ʊ̈ː	.	-	+	-	+	-	+	+	.	+	-	-	-	-	+	+	-	-	.	.	.	+	+	-	-	.	-	-	-	+	-	-	-	.	.	-	-	.
ʊ̙	.	-	+	-	-	-	+	+	.	+	-	-	-	-	+	+	-	-	.	.	.	+	+	-	-	+	-	+	-	+	-	-	-	.	.	-	-	.
ʊ̙ː	.	-	+	-	+	-	+	+	.	+	-	-	-	-	+	+	-	-	.	.	.	+	+	-	-	+	-	+	-	+	-	-	-	.	.	-	-	.
ʊ̜	.	-	+	-	-	-	+	+	.	+	-	-	-	-	+	.	-	-	.	.	.	+	+	-	-	+	-	-	-	+	-	-	-	.	.	-	-	.
ʊ̜̈	.	-	+	-	-	-	+	+	.	+	-	-	-	-	+	.	-	-	.	.	.	+	+	-	-	.	-	-	-	+	-	-	-	.	.	-	-	.
ʊ̞	.	-	+	-	-	-	+	+	.	+	-	-	-	-	+	+	-	-	.	.	.	+	.	-	-	+	-	-	-	+	-	-	-	.	.	-	-	.
ʊ̞̈	.	-	+	-	-	-	+	+	.	+	-	-	-	-	+	+	-	-	.	.	.	+	.	-	-	.	-	-	-	+	-	-	-	.	.	-	-	.
ʊ̟	.	-	+	-	-	-	+	+	.	+	-	-	-	-	+	+	-	-	.	.	.	+	+	-	-	.	-	-	-	+	-	-	-	.	.	-	-	.
ʊ̤	.	-	+	-	-	-	+	+	.	+	-	-	-	-	+	+	-	-	.	.	.	+	+	-	-	+	-	-	-	+	-	+	-	.	.	-	-	.
ʊ̤ː	.	-	+	-	+	-	+	+	.	+	-	-	-	-	+	+	-	-	.	.	.	+	+	-	-	+	-	-	-	+	-	+	-	.	.	-	-	.
ʊ̯	.	-	-	-	-	-	+	+	.	+	-	-	-	-	+	+	-	-	.	.	.	+	+	-	-	+	-	-	-	+	-	-	-	.	.	-	-	.
ʊ̯aɪ̯	.	-	.	-	-	-	+	+	.	+	-	-	-	-	.	+	-	-	.	.	.	+	.	.	.	.	-	-	-	+	-	-	-	.	.	-	-	.
ʊ̯ɐ̃	.	-	.	-	-	-	+	+	.	+	-	-	.	-	+	+	-	-	.	.	.	+	.	.	-	.	-	-	-	+	-	-	-	.	.	-	-	.
ʊ̯ɔ	.	-	.	-	-	-	+	+	.	+	-	-	-	-	+	+	-	-	.	.	.	+	.	-	-	+	-	-	-	+	-	-	-	.	.	-	-	.
ʊ̰	.	-	+	-	-	-	+	+	.	+	-	-	-	-	+	+	-	-	.	.	.	+	+	-	-	+	-	-	-	+	-	-	+	.	.	-	-	.
ʊ̽	.	-	+	-	-	-	+	+	.	+	-	-	-	-	+	+	-	-	.	.	.	+	.	-	-	.	-	-	-	+	-	-	-	.	.	-	-	.
ʋ	.	-	-	-	-	-	+	+	.	+	-	-	-	-	+	-	+	-	.	.	.	-	.	.	.	.	.	-	-	+	-	-	-	-	-	-	-	-
ʋʲ	.	-	-	-	-	-	+	+	.	+	-	-	-	-	+	-	+	-	.	.	.	.	+	-	+	-	.	-	-	+	-	-	-	-	-	-	-	-
ʋː	.	-	-	-	+	-	+	+	.	+	-	-	-	-	+	-	+	-	.	.	.	-	.	.	.	.	.	-	-	+	-	-	-	-	-	-	-	-
ʋ̩	.	-	+	-	-	-	+	+	.	+	-	-	-	-	+	-	+	-	.	.	.	-	.	.	.	.	.	-	-	+	-	-	-	-	-	-	-	-
ʌ	.	-	+	-	-	-	+	+	.	+	-	-	-	-	-	.	.	-	.	.	.	+	-	-	-	+	-	-	-	+	-	-	-	.	.	-	-	.
ʌi	.	-	+	-	-	-	+	+	.	+	-	-	-	-	-	.	.	-	.	.	.	+	.	-	.	.	.	-	-	+	-	-	-	.	.	-	-	.
ʌi̯	.	-	.	-	-	-	+	+	.	+	-	-	-	-	-	.	.	-	.	.	.	+	.	-	.	.	.	-	-	+	-	-	-	.	.	-	-	.
ʌu	.	-	+	-	-	-	+	+	.	+	-	-	-	-	.	+	-	-	.	.	.	+	.	-	-	+	.	-	-	+	-	-	-	.	.	-	-	.
ʌy	.	-	+	-	-	-	+	+	.	+	-	-	-	-	.	+	-	-	.	.	.	+	.	-	.	.	.	-	-	+	-	-	-	.	.	-	-	.
ʌə	.	-	+	-	-	-	+	+	.	+	-	-	-	-	-	.	.	-	.	.	.	+	-	-	-	.	-	-	-	+	-	-	-	.	.	-	-	.
ʌɯ	.	-	+	-	-	-	+	+	.	+	-	-	-	-	-	.	.	-	.	.	.	+	.	-	-	+	.	-	-	+	-	-	-	.	.	-	-	.
ʌː	.	-	+	-	+	-	+	+	.	+	-	-	-	-	-	.	.	-	.	.	.	+	-	-	-	+	-	-	-	+	-	-	-	.	.	-	-	.
ʌˤː	.	-	+	-	+	-	+	+	.	+	-	-	-	-	-	.	.	-	.	.	.	+	-	-	-	+	-	.	-	+	-	-	-	.	.	-	-	.
ʌ̃	.	-	+	-	-	-	+	+	.	+	-	-	+	-	-	.	.	-	.	.	.	+	-	-	-	+	-	-	-	+	-	-	-	.	.	-	-	.
ʌ̃ː	.	-	+	-	+	-	+	+	.	+	-	-	+	-	-	.	.	-	.	.	.	+	-	-	-	+	-	-	-	+	-	-	-	.	.	-	-	.
ʌ̤	.	-	+	-	-	-	+	+	.	+	-	-	-	-	-	.	.	-	.	.	.	+	-	-	-	+	-	-	-	+	-	+	-	.	.	-	-	.
ʌ̤ː	.	-	+	-	+	-	+	+	.	+	-	-	-	-	-	.	.	-	.	.	.	+	-	-	-	+	-	-	-	+	-	+	-	.	.	-	-	.
ʌ̯	.	-	-	-	-	-	+	+	.	+	-	-	-	-	-	.	.	-	.	.	.	+	-	-	-	+	-	-	-	+	-	-	-	.	.	-	-	.
ʍ	.	-	-	-	-	-	-	+	+	-	-	-	-	-	+	+	-	-	.	.	.	+	+	-	-	+	+	-	-	-	-	+	-	-	-	-	-	-
ʍw	.	-	-	-	-	-	.	+	+	.	-	-	-	-	+	+	-	-	.	.	.	+	+	-	-	+	+	-	-	.	-	.	-	-	-	-	-	-
ʍʲ	.	-	-	-	-	-	-	+	+	-	-	-	-	-	+	+	-	-	.	.	.	+	+	-	.	.	+	-	-	-	-	+	-	-	-	-	-	-
ʎ	.	-	-	-	-	+	+	+	.	+	-	-	-	+	-	.	.	+	-	+	-	+	+	-	+	-	.	-	-	+	-	-	-	-	-	-	-	-
ʎʱ	.	-	-	-	-	+	+	+	.	+	-	-	-	+	-	.	.	+	-	+	-	+	+	-	+	-	.	-	-	+	-	+	-	-	-	-	-	-
ʎʼ	.	-	-	-	-	+	+	+	.	+	-	-	-	+	-	.	.	+	-	+	-	+	+	-	+	-	.	-	-	-	-	-	+	-	-	+	-	-
ʎː	.	-	-	-	+	+	+	+	.	+	-	-	-	+	-	.	.	+	-	+	-	+	+	-	+	-	.	-	-	+	-	-	-	-	-	-	-	-
ʎ̟	.	-	-	-	-	+	+	+	.	+	-	-	-	+	-	.	.	+	+	+	-	+	+	-	+	-	.	-	-	+	-	-	-	-	-	-	-	-
ʎ̟̥	.	-	-	-	-	+	+	+	.	+	-	-	-	+	-	.	.	+	+	+	-	+	+	-	+	-	.	-	-	-	-	-	-	-	-	-	-	-
ʎ̥	.	-	-	-	-	+	+	+	.	+	-	-	-	+	-	.	.	+	-	+	-	+	+	-	+	-	.	-	-	-	-	-	-	-	-	-	-	-
ʎ̻	.	-	-	-	-	+	+	+	.	+	-	-	-	+	-	.	.	+	-	+	-	+	+	-	+	-	.	-	-	+	-	-	-	-	-	-	-	-
ʎ̻̟	.	-	-	-	-	+	+	+	.	+	-	-	-	+	-	.	.	+	+	+	-	+	+	-	+	-	.	-	-	+	-	-	-	-	-	-	-	-
ʏ	.	-	+	-	-	-	+	+	.	+	-	-	-	-	+	+	-	-	.	.	.	+	+	-	+	-	-	-	-	+	-	-	-	.	.	-	-	.
ʏi̯	.	-	.	-	-	-	+	+	.	+	-	-	-	-	.	+	-	-	.	.	.	+	+	-	+	-	.	-	-	+	-	-	-	.	.	-	-	.
ʏː	.	-	+	-	+	-	+	+	.	+	-	-	-	-	+	+	-	-	.	.	.	+	+	-	+	-	-	-	-	+	-	-	-	.	.	-	-	.
ʏ̃	.	-	+	-	-	-	+	+	.	+	-	-	+	-	+	+	-	-	.	.	.	+	+	-	+	-	-	-	-	+	-	-	-	.	.	-	-	.
ʏ̃ː	.	-	+	-	+	-	+	+	.	+	-	-	+	-	+	+	-	-	.	.	.	+	+	-	+	-	-	-	-	+	-	-	-	.	.	-	-	.
ʐ	.	-	-	-	-	+	-	+	+	-	-	-	-	-	-	.	.	+	-	-	+	-	.	.	.	.	.	-	-	+	-	-	-	-	-	-	-	-
ʐʲ	.	-	-	-	-	+	-	+	+	-	-	-	-	-	-	.	.	+	-	-	+	.	+	-	+	-	.	-	-	+	-	-	-	-	-	-	-	-
ʐʷ	.	-	-	-	-	+	-	+	+	-	-	-	-	-	.	+	-	+	-	-	+	-	.	.	.	.	.	-	-	+	-	-	-	-	-	-	-	-
ʐ̰	.	-	-	-	-	+	-	+	+	-	-	-	-	-	-	.	.	+	-	-	+	-	.	.	.	.	.	-	-	+	-	-	+	-	-	-	-	-
ʐ̻	.	-	-	-	-	+	-	+	+	-	-	-	-	-	-	.	.	+	-	+	+	-	.	.	.	.	.	-	-	+	-	-	-	-	-	-	-	-
ʐ͇	.	-	-	-	-	+	-	+	+	-	-	-	-	-	-	.	.	+	-	-	-	-	.	.	.	.	.	-	-	+	-	-	-	-	-	-	-	-
ʑ	.	-	-	-	-	+	-	+	+	-	-	-	-	-	-	.	.	+	+	+	+	+	+	-	+	-	.	-	-	+	-	-	-	-	-	-	-	-
ʑː	.	-	-	-	+	+	-	+	+	-	-	-	-	-	-	.	.	+	+	+	+	+	+	-	+	-	.	-	-	+	-	-	-	-	-	-	-	-
ʑ̟	.	-	-	-	-	+	-	+	+	-	-	-	-	-	-	.	.	+	+	+	+	+	+	-	+	-	.	-	-	+	-	-	-	-	-	-	-	-
ʑᶣ	.	-	-	-	-	+	-	+	+	-	-	-	-	-	.	+	-	+	+	+	+	+	+	-	+	-	.	-	-	+	-	-	-	-	-	-	-	-
ʒ	.	-	-	-	-	+	-	+	+	-	-	-	-	-	-	.	.	+	-	+	+	-	.	.	.	.	.	-	-	+	-	-	-	-	-	-	-	-
ʒʲ	.	-	-	-	-	+	-	+	+	-	-	-	-	-	-	.	.	+	-	+	+	.	+	-	+	-	.	-	-	+	-	-	-	-	-	-	-	-
ʒʲː	.	-	-	-	+	+	-	+	+	-	-	-	-	-	-	.	.	+	-	+	+	.	+	-	+	-	.	-	-	+	-	-	-	-	-	-	-	-
ʒʷ	.	-	-	-	-	+	-	+	+	-	-	-	-	-	.	+	-	+	-	+	+	-	.	.	.	.	.	-	-	+	-	-	-	-	-	-	-	-
ʒˀ	.	-	-	-	-	+	-	+	+	-	-	-	-	-	-	.	.	+	-	+	+	-	.	.	.	.	.	-	-	+	-	-	+	-	-	-	-	-
ʒː	.	-	-	-	+	+	-	+	+	-	-	-	-	-	-	.	.	+	-	+	+	-	.	.	.	.	.	-	-	+	-	-	-	-	-	-	-	-
ʒˠ	.	-	-	-	-	+	-	+	+	-	-	-	-	-	-	.	.	+	-	+	+	.	+	-	-	-	.	-	-	+	-	-	-	-	-	-	-	-
ʒˤ	.	-	-	-	-	+	-	+	+	-	-	-	-	-	-	.	.	+	-	+	+	-	.	.	.	.	.	.	-	+	-	-	-	-	-	-	-	-
ʒˤː	.	-	-	-	+	+	-	+	+	-	-	-	-	-	-	.	.	+	-	+	+	-	.	.	.	.	.	.	-	+	-	-	-	-	-	-	-	-
ʒ̊	.	-	-	-	-	+	-	+	+	-	-	-	-	-	-	.	.	+	-	+	+	-	.	.	.	.	.	-	-	-	-	-	-	-	-	-	-	-
ʒ̤	.	-	-	-	-	+	-	+	+	-	-	-	-	-	-	.	.	+	-	+	+	-	.	.	.	.	.	-	-	+	-	+	-	-	-	-	-	-
ʒ̩	.	-	+	-	-	+	-	+	+	-	-	-	-	-	-	.	.	+	-	+	+	-	.	.	.	.	.	-	-	+	-	-	-	-	-	-	-	-
ʒ̺	.	-	-	-	-	+	-	+	+	-	-	-	-	-	-	.	.	+	-	-	+	-	.	.	.	.	.	-	-	+	-	-	-	-	-	-	-	-
ʒ͇	.	-	-	-	-	+	-	+	+	-	-	-	-	-	-	.	.	+	-	+	-	-	.	.	.	.	.	-	-	+	-	-	-	-	-	-	-	-
ʒ͈ː	.	-	-	-	+	+	-	+	+	-	-	-	-	-	-	.	.	+	-	+	+	-	.	.	.	.	.	-	-	+	-	-	-	+	-	-	-	-
ʓ	.	-	-	-	-	+	-	+	+	-	-	-	-	-	-	.	.	+	-	+	-	-	.	.	.	.	.	-	-	+	-	-	-	-	-	-	-	-
ʓʷ	.	-	-	-	-	+	-	+	+	-	-	-	-	-	.	+	-	+	-	+	-	-	.	.	.	.	.	-	-	+	-	-	-	-	-	-	-	-
ʔ	.	-	-	-	-	+	-	-	-	-	-	-	-	-	-	.	.	-	.	.	.	-	.	.	.	.	.	-	-	-	-	-	+	-	-	-	-	-
ʔj	.	-	-	-	-	.	.	.	-	.	-	-	-	-	-	.	.	-	.	.	.	.	+	-	+	-	+	-	-	.	-	-	.	-	-	-	-	-
ʔw	.	-	-	-	-	.	.	.	-	.	-	-	-	-	.	+	-	-	.	.	.	.	+	-	-	+	+	-	-	.	-	-	.	-	-	-	-	-
ʔŋǀ	.	-	-	-	-	+	.	-	-	-	-	-	.	-	-	.	.	.	+	+	-	.	+	-	-	-	.	-	-	.	-	-	.	-	-	-	-	.
ʔŋǁ	.	-	-	-	-	+	.	-	-	-	-	-	.	.	-	.	.	.	+	-	-	.	+	-	-	-	.	-	-	.	-	-	.	-	-	-	-	.
ʔŋǂ	.	-	-	-	-	+	.	-	-	-	-	-	.	-	-	.	.	.	-	+	-	.	+	-	-	-	.	-	-	.	-	-	.	-	-	-	-	.
ʔŋǃ	.	-	-	-	-	+	.	-	-	-	-	-	.	-	-	.	.	.	+	-	-	.	+	-	-	-	.	-	-	.	-	-	.	-	-	-	-	.
ʔŋʘ	.	-	-	-	-	+	.	-	-	-	-	-	.	-	.	-	-	-	.	.	.	.	+	-	-	-	.	-	-	.	-	-	.	-	-	-	-	.
ʔɾ	.	-	-	-	-	+	.	.	-	.	.	-	-	-	-	.	.	.	+	-	-	-	.	.	.	.	.	-	-	.	-	-	.	-	-	-	-	-
ʔʲ	.	-	-	-	-	+	-	-	-	-	-	-	-	-	-	.	.	-	.	.	.	.	+	-	+	-	.	-	-	-	-	-	+	-	-	-	-	-
ʔʲː	.	-	-	-	+	+	-	-	-	-	-	-	-	-	-	.	.	-	.	.	.	.	+	-	+	-	.	-	-	-	-	-	+	-	-	-	-	-
ʔʷ	.	-	-	-	-	+	-	-	-	-	-	-	-	-	.	+	-	-	.	.	.	-	.	.	.	.	.	-	-	-	-	-	+	-	-	-	-	-
ʔʷʼ	.	-	-	-	-	+	-	-	-	-	-	-	-	-	.	+	-	-	.	.	.	-	.	.	.	.	.	-	-	-	-	-	+	-	-	+	-	-
ʔʼ	.	-	-	-	-	+	-	-	-	-	-	-	-	-	-	.	.	-	.	.	.	-	.	.	.	.	.	-	-	-	-	-	+	-	-	+	-	-
ʔː	.	-	-	-	+	+	-	-	-	-	-	-	-	-	-	.	.	-	.	.	.	-	.	.	.	.	.	-	-	-	-	-	+	-	-	-	-	-
ʔˤ	.	-	-	-	-	+	-	-	-	-	-	-	-	-	-	.	.	-	.	.	.	-	.	.	.	.	.	.	-	-	-	-	+	-	-	-	-	-
ʔ̃	.	-	-	-	-	+	-	-	-	-	-	-	+	-	-	.	.	-	.	.	.	-	.	.	.	.	.	-	-	-	-	-	+	-	-	-	-	-
ʔ̬	.	-	-	-	-	+	-	-	-	-	-	-	-	-	-	.	.	-	.	.	.	-	.	.	.	.	.	-	-	+	-	-	+	-	-	-	-	-
ʕ	.	-	-	-	-	+	-	+	+	-	-	-	-	-	-	.	.	-	.	.	.	+	-	+	-	+	.	+	-	+	-	-	-	-	-	-	-	-
ʕʷ	.	-	-	-	-	+	-	+	+	-	-	-	-	-	.	+	-	-	.	.	.	+	-	+	-	+	.	+	-	+	-	-	-	-	-	-	-	-
ʕʷʼ	.	-	-	-	-	+	-	+	+	-	-	-	-	-	.	+	-	-	.	.	.	+	-	+	-	+	.	+	-	-	-	-	+	-	-	+	-	-
ʕʼ	.	-	-	-	-	+	-	+	+	-	-	-	-	-	-	.	.	-	.	.	.	+	-	+	-	+	.	+	-	-	-	-	+	-	-	+	-	-
ʕː	.	-	-	-	+	+	-	+	+	-	-	-	-	-	-	.	.	-	.	.	.	+	-	+	-	+	.	+	-	+	-	-	-	-	-	-	-	-
ʕ̙	.	-	-	-	-	+	-	+	+	-	-	-	-	-	-	.	.	-	.	.	.	+	-	+	-	+	.	+	-	+	-	-	-	-	-	-	-	-
ʕ̝	.	-	-	-	-	+	-	-	-	-	-	-	-	-	-	.	.	-	.	.	.	+	-	+	-	+	.	+	-	+	-	-	-	-	-	-	-	-
ʕ̰	.	-	-	-	-	+	-	+	+	-	-	-	-	-	-	.	.	-	.	.	.	+	-	+	-	+	.	+	-	+	-	-	+	-	-	-	-	-
ʕ̰ʷ	.	-	-	-	-	+	-	+	+	-	-	-	-	-	.	+	-	-	.	.	.	+	-	+	-	+	.	+	-	+	-	-	+	-	-	-	-	-
ʙ	.	-	-	-	-	+	+	+	.	+	-	+	-	-	+	-	-	-	.	.	.	-	.	.	.	.	.	-	-	+	-	-	-	-	-	-	-	-
ʛ̥	.	-	-	-	-	+	-	-	-	-	-	-	-	-	-	.	.	-	.	.	.	+	-	-	-	+	.	.	.	-	-	+	-	-	-	-	+	-
ʜ	.	-	-	-	-	-	-	+	+	-	-	-	-	-	-	.	.	-	.	.	.	-	.	.	.	.	.	.	.	-	+	+	-	-	-	-	-	-
ʜʷ	.	-	-	-	-	-	-	+	+	-	-	-	-	-	.	+	-	-	.	.	.	-	.	.	.	.	.	.	.	-	+	+	-	-	-	-	-	-
ʜː	.	-	-	-	+	-	-	+	+	-	-	-	-	-	-	.	.	-	.	.	.	-	.	.	.	.	.	.	.	-	+	+	-	-	-	-	-	-
ʝ	.	-	-	-	-	+	-	+	+	-	-	-	-	-	-	.	.	+	-	+	-	+	+	-	+	-	.	-	-	+	-	-	-	-	-	-	-	-
ʝː	.	-	-	-	+	+	-	+	+	-	-	-	-	-	-	.	.	+	-	+	-	+	+	-	+	-	.	-	-	+	-	-	-	-	-	-	-	-
ʝ̟	.	-	-	-	-	+	-	+	+	-	-	-	-	-	-	.	.	+	+	+	-	+	+	-	+	-	.	-	-	+	-	-	-	-	-	-	-	-
ʟ	.	-	-	-	-	+	+	+	.	+	-	-	-	+	-	.	.	-	.	.	.	+	+	-	-	-	.	-	-	+	-	-	-	-	-	-	-	-
ʟ͓̥	.	-	-	-	-	+	+	+	+	+	-	-	-	+	-	.	.	-	.	.	.	+	+	-	-	-	.	-	-	-	-	-	-	-	-	-	-	-
ʡ	.	-	-	-	-	+	-	-	-	-	-	-	-	-	-	.	.	-	.	.	.	-	.	.	.	.	.	-	-	-	+	-	-	-	-	-	-	-
ʡˤ	.	-	-	-	-	+	-	-	-	-	-	-	-	-	-	.	.	-	.	.	.	-	.	.	.	.	.	.	-	-	+	-	-	-	-	-	-	-
ʢ	.	-	-	-	-	-	-	+	+	-	-	-	-	-	-	.	.	-	.	.	.	-	.	.	.	.	.	.	.	+	+	+	-	-	-	-	-	-
ʢʷ	.	-	-	-	-	-	-	+	+	-	-	-	-	-	.	+	-	-	.	.	.	-	.	.	.	.	.	.	.	+	+	+	-	-	-	-	-	-
ʰc	.	-	-	-	-	+	-	-	-	-	-	-	-	-	-	.	.	+	-	+	-	+	+	-	+	-	.	-	-	-	-	.	-	-	-	-	-	-
ʰk	.	-	-	-	-	+	-	-	-	-	-	-	-	-	-	.	.	-	.	.	.	+	+	-	-	-	.	-	-	-	-	.	-	-	-	-	-	-
ʰkʰ	.	-	-	-	-	+	-	-	-	-	-	-	-	-	-	.	.	-	.	.	.	+	+	-	-	-	.	-	-	-	-	+	-	-	-	-	-	-
ʰkʲ	.	-	-	-	-	+	-	-	-	-	-	-	-	-	-	.	.	-	.	.	.	+	+	-	.	-	.	-	-	-	-	.	-	-	-	-	-	-
ʰkʷ	.	-	-	-	-	+	-	-	-	-	-	-	-	-	.	+	-	-	.	.	.	+	+	-	-	-	.	-	-	-	-	.	-	-	-	-	-	-
ʰkː	.	-	-	-	+	+	-	-	-	-	-	-	-	-	-	.	.	-	.	.	.	+	+	-	-	-	.	-	-	-	-	.	-	-	-	-	-	-
ʰl̥	.	-	-	-	-	+	+	+	.	+	-	-	-	+	-	.	.	+	+	-	-	-	.	.	.	.	.	-	-	-	-	.	-	-	-	-	-	-
ʰp	.	-	-	-	-	+	-	-	-	-	-	-	-	-	+	-	-	-	.	.	.	-	.	.	.	.	.	-	-	-	-	.	-	-	-	-	-	-
ʰpʰ	.	-	-	-	-	+	-	-	-	-	-	-	-	-	+	-	-	-	.	.	.	-	.	.	.	.	.	-	-	-	-	+	-	-	-	-	-	-
ʰpʲ	.	-	-	-	-	+	-	-	-	-	-	-	-	-	+	-	-	-	.	.	.	.	+	-	+	-	.	-	-	-	-	.	-	-	-	-	-	-
ʰpː	.	-	-	-	+	+	-	-	-	-	-	-	-	-	+	-	-	-	.	.	.	-	.	.	.	.	.	-	-	-	-	.	-	-	-	-	-	-
ʰq	.	-	-	-	-	+	-	-	-	-	-	-	-	-	-	.	.	-	.	.	.	+	-	-	-	+	.	-	-	-	-	.	-	-	-	-	-	-
ʰqʰ	.	-	-	-	-	+	-	-	-	-	-	-	-	-	-	.	.	-	.	.	.	+	-	-	-	+	.	-	-	-	-	+	-	-	-	-	-	-
ʰsʰ	.	-	-	-	-	+	-	+	+	-	-	-	-	-	-	.	.	+	+	-	+	-	.	.	.	.	.	-	-	-	-	+	-	-	-	-	-	-
ʰs̪|ʰs	.	-	-	-	-	+	-	+	+	-	-	-	-	-	-	.	.	+	+	.	+	-	.	.	.	.	.	-	-	-	-	.	-	-	-	-	-	-
ʰt	.	-	-	-	-	+	-	-	-	-	-	-	-	-	-	.	.	+	+	-	-	-	.	.	.	.	.	-	-	-	-	.	-	-	-	-	-	-
ʰts	.	-	-	-	-	+	-	-	+	-	-	-	-	-	-	.	.	+	+	-	+	-	.	.	.	.	.	-	-	-	-	.	-	-	-	-	-	-
ʰtsʰ	.	-	-	-	-	+	-	-	+	-	-	-	-	-	-	.	.	+	+	-	+	-	.	.	.	.	.	-	-	-	-	+	-	-	-	-	-	-
ʰtsʲ	.	-	-	-	-	+	-	-	+	-	-	-	-	-	-	.	.	+	+	-	+	.	+	-	+	-	.	-	-	-	-	.	-	-	-	-	-	-
ʰtsː	.	-	-	-	+	+	-	-	+	-	-	-	-	-	-	.	.	+	+	-	+	-	.	.	.	.	.	-	-	-	-	.	-	-	-	-	-	-
ʰtɕ	.	-	-	-	-	+	-	.	.	-	-	-	-	-	-	.	.	+	+	.	.	.	+	-	+	-	.	-	-	-	-	.	-	-	-	-	-	-
ʰtɕʰ	.	-	-	-	-	+	-	.	.	-	-	-	-	-	-	.	.	+	+	.	.	.	+	-	+	-	.	-	-	-	-	.	-	-	-	-	-	-
ʰtʰ	.	-	-	-	-	+	-	-	-	-	-	-	-	-	-	.	.	+	+	-	-	-	.	.	.	.	.	-	-	-	-	+	-	-	-	-	-	-
ʰtʲ	.	-	-	-	-	+	-	-	-	-	-	-	-	-	-	.	.	+	+	-	-	.	+	-	+	-	.	-	-	-	-	.	-	-	-	-	-	-
ʰtː	.	-	-	-	+	+	-	-	-	-	-	-	-	-	-	.	.	+	+	-	-	-	.	.	.	.	.	-	-	-	-	.	-	-	-	-	-	-
ʰt̠ʃ	.	-	-	-	-	+	-	-	+	-	-	-	-	-	-	.	.	+	-	+	+	-	.	.	.	.	.	-	-	-	-	.	-	-	-	-	-	-
ʰt̠ʃʰ	.	-	-	-	-	+	-	-	+	-	-	-	-	-	-	.	.	+	-	+	+	-	.	.	.	.	.	-	-	-	-	+	-	-	-	-	-	-
ʰt̠ʃː	.	-	-	-	+	+	-	-	+	-	-	-	-	-	-	.	.	+	-	+	+	-	.	.	.	.	.	-	-	-	-	.	-	-	-	-	-	-
ʰʃ	.	-	-	-	-	+	-	+	+	-	-	-	-	-	-	.	.	+	-	+	+	-	.	.	.	.	.	-	-	-	-	.	-	-	-	-	-	-
ʰʈ	.	-	-	-	-	+	-	-	-	-	-	-	-	-	-	.	.	+	-	-	-	-	.	.	.	.	.	-	-	-	-	.	-	-	-	-	-	-
ʰʈʂʰ	.	-	-	-	-	+	-	-	+	-	-	-	-	-	-	.	.	+	-	-	+	-	.	.	.	.	.	-	-	-	-	+	-	-	-	-	-	-
ʱb	.	-	-	-	-	+	-	-	-	-	-	-	-	-	+	-	-	-	.	.	.	-	.	.	.	.	.	-	-	+	-	.	-	-	-	-	-	-
ʱd	.	-	-	-	-	+	-	-	-	-	-	-	-	-	-	.	.	+	+	-	-	-	.	.	.	.	.	-	-	+	-	.	-	-	-	-	-	-
ʱdz	.	-	-	-	-	+	-	-	+	-	-	-	-	-	-	.	.	+	+	-	+	-	.	.	.	.	.	-	-	+	-	.	-	-	-	-	-	-
ʱdʑ	.	-	-	-	-	+	-	.	.	-	-	-	-	-	-	.	.	+	+	.	.	.	+	-	+	-	.	-	-	+	-	.	-	-	-	-	-	-
ʱg	.	-	-	-	-	+	-	-	-	-	-	-	-	-	-	.	.	-	.	.	.	+	+	-	-	-	.	-	-	+	-	.	-	-	-	-	-	-
ʱj	.	-	-	-	-	-	+	+	.	+	-	-	-	-	-	.	.	-	.	.	.	+	+	-	+	-	+	-	-	+	-	.	-	-	-	-	-	-
ʱl	.	-	-	-	-	+	+	+	.	+	-	-	-	+	-	.	.	+	+	-	-	-	.	.	.	.	.	-	-	+	-	.	-	-	-	-	-	-
ʱm	.	-	-	-	-	+	+	-	.	-	-	-	+	-	+	-	-	-	.	.	.	-	.	.	.	.	.	-	-	+	-	.	-	-	-	-	-	-
ʱn	.	-	-	-	-	+	+	-	.	-	-	-	+	-	-	.	.	+	+	-	-	-	.	.	.	.	.	-	-	+	-	.	-	-	-	-	-	-
ʱn̪	.	-	-	-	-	+	+	-	.	-	-	-	+	-	-	.	.	+	+	+	-	-	.	.	.	.	.	-	-	+	-	.	-	-	-	-	-	-
ʱw	.	-	-	-	-	-	+	+	.	+	-	-	-	-	+	+	-	-	.	.	.	+	+	-	-	+	+	-	-	+	-	.	-	-	-	-	-	-
ʱz	.	-	-	-	-	+	-	+	+	-	-	-	-	-	-	.	.	+	+	-	+	-	.	.	.	.	.	-	-	+	-	.	-	-	-	-	-	-
ʱŋ	.	-	-	-	-	+	+	-	.	-	-	-	+	-	-	.	.	-	.	.	.	+	+	-	-	-	.	-	-	+	-	.	-	-	-	-	-	-
ʱɖ	.	-	-	-	-	+	-	-	-	-	-	-	-	-	-	.	.	+	-	-	-	-	.	.	.	.	.	-	-	+	-	.	-	-	-	-	-	-
ʱɟ	.	-	-	-	-	+	-	-	-	-	-	-	-	-	-	.	.	+	-	+	-	+	+	-	+	-	.	-	-	+	-	.	-	-	-	-	-	-
ʱɲ	.	-	-	-	-	+	+	-	.	-	-	-	+	-	-	.	.	+	-	+	-	+	+	-	+	-	.	-	-	+	-	.	-	-	-	-	-	-
ʱɾ	.	-	-	-	-	+	+	+	.	+	+	-	-	-	-	.	.	+	+	-	-	-	.	.	.	.	.	-	-	+	-	.	-	-	-	-	-	-
ʱɾ̪	.	-	-	-	-	+	+	+	.	+	+	-	-	-	-	.	.	+	+	+	-	-	.	.	.	.	.	-	-	+	-	.	-	-	-	-	-	-
ʱʐ	.	-	-	-	-	+	-	+	+	-	-	-	-	-	-	.	.	+	-	-	+	-	.	.	.	.	.	-	-	+	-	.	-	-	-	-	-	-
ʷd	.	-	-	-	-	+	-	-	-	-	-	-	-	-	.	+	-	+	+	-	-	-	.	.	.	.	.	-	-	+	-	-	-	-	-	-	-	-
ʷl	.	-	-	-	-	+	+	+	.	+	-	-	-	+	.	+	-	+	+	-	-	-	.	.	.	.	.	-	-	+	-	-	-	-	-	-	-	-
ʷm	.	-	-	-	-	+	+	-	.	-	-	-	+	-	+	.	-	-	.	.	.	-	.	.	.	.	.	-	-	+	-	-	-	-	-	-	-	-
ʷr	.	-	-	-	-	+	+	+	.	+	-	+	-	-	.	+	-	+	+	-	-	-	.	.	.	.	.	-	-	+	-	-	-	-	-	-	-	-
ʷz	.	-	-	-	-	+	-	+	+	-	-	-	-	-	.	+	-	+	+	-	+	-	.	.	.	.	.	-	-	+	-	-	-	-	-	-	-	-
ʷɟ	.	-	-	-	-	+	-	-	-	-	-	-	-	-	.	+	-	+	-	+	-	+	+	-	+	-	.	-	-	+	-	-	-	-	-	-	-	-
ʷʐ	.	-	-	-	-	+	-	+	+	-	-	-	-	-	.	+	-	+	-	-	+	-	.	.	.	.	.	-	-	+	-	-	-	-	-	-	-	-
ʷʑ	.	-	-	-	-	+	-	+	+	-	-	-	-	-	.	+	-	+	+	+	+	+	+	-	+	-	.	-	-	+	-	-	-	-	-	-	-	-
ʷʰk	.	-	-	-	-	+	-	-	-	-	-	-	-	-	.	+	-	-	.	.	.	+	+	-	-	-	.	-	-	-	-	.	-	-	-	-	-	-
ʷʰs	.	-	-	-	-	+	-	+	+	-	-	-	-	-	.	+	-	+	+	-	+	-	.	.	.	.	.	-	-	-	-	.	-	-	-	-	-	-
ʷʰsʰ	.	-	-	-	-	+	-	+	+	-	-	-	-	-	.	+	-	+	+	-	+	-	.	.	.	.	.	-	-	-	-	+	-	-	-	-	-	-
ʷʰt	.	-	-	-	-	+	-	-	-	-	-	-	-	-	.	+	-	+	+	-	-	-	.	.	.	.	.	-	-	-	-	.	-	-	-	-	-	-
ʷʰts	.	-	-	-	-	+	-	-	+	-	-	-	-	-	.	+	-	+	+	-	+	-	.	.	.	.	.	-	-	-	-	.	-	-	-	-	-	-
ʷʰtɕ	.	-	-	-	-	+	-	.	.	-	-	-	-	-	.	+	-	+	+	.	.	.	+	-	+	-	.	-	-	-	-	.	-	-	-	-	-	-
ʷʰɕʰ	.	-	-	-	-	+	-	+	+	-	-	-	-	-	.	+	-	+	+	+	+	+	+	-	+	-	.	-	-	-	-	+	-	-	-	-	-	-
ʷʰʂʰ	.	-	-	-	-	+	-	+	+	-	-	-	-	-	.	+	-	+	-	-	+	-	.	.	.	.	.	-	-	-	-	+	-	-	-	-	-	-
ʷʰʈ	.	-	-	-	-	+	-	-	-	-	-	-	-	-	.	+	-	+	-	-	-	-	.	.	.	.	.	-	-	-	-	.	-	-	-	-	-	-
ʼb	.	-	-	-	-	+	-	-	-	-	-	-	-	-	+	-	-	-	.	.	.	-	.	.	.	.	.	-	-	.	-	-	.	-	-	.	-	-
ʼd	.	-	-	-	-	+	-	-	-	-	-	-	-	-	-	.	.	+	+	-	-	-	.	.	.	.	.	-	-	.	-	-	.	-	-	.	-	-
ʼg	.	-	-	-	-	+	-	-	-	-	-	-	-	-	-	.	.	-	.	.	.	+	+	-	-	-	.	-	-	.	-	-	.	-	-	.	-	-
ʼj	.	-	-	-	-	-	+	+	.	+	-	-	-	-	-	.	.	-	.	.	.	+	+	-	+	-	+	-	-	.	-	-	.	-	-	.	-	-
ʼl	.	-	-	-	-	+	+	+	.	+	-	-	-	+	-	.	.	+	+	-	-	-	.	.	.	.	.	-	-	.	-	-	.	-	-	.	-	-
ʼm	.	-	-	-	-	+	+	-	.	-	-	-	+	-	+	-	-	-	.	.	.	-	.	.	.	.	.	-	-	.	-	-	.	-	-	.	-	-
ʼn	.	-	-	-	-	+	+	-	.	-	-	-	+	-	-	.	.	+	+	-	-	-	.	.	.	.	.	-	-	.	-	-	.	-	-	.	-	-
ʼs	.	-	-	-	-	+	-	+	+	-	-	-	-	-	-	.	.	+	+	-	+	-	.	.	.	.	.	-	-	-	-	-	.	-	-	.	-	-
ʼw	.	-	-	-	-	-	+	+	.	+	-	-	-	-	+	+	-	-	.	.	.	+	+	-	-	+	+	-	-	.	-	-	.	-	-	.	-	-
ʼŋ	.	-	-	-	-	+	+	-	.	-	-	-	+	-	-	.	.	-	.	.	.	+	+	-	-	-	.	-	-	.	-	-	.	-	-	.	-	-
ʼŋǀ	.	-	-	-	-	+	+	-	.	-	-	-	+	-	-	.	.	+	+	+	-	+	+	-	-	-	.	-	-	.	-	-	.	-	-	.	-	+
ʼŋǃ	.	-	-	-	-	+	+	-	.	-	-	-	+	-	-	.	.	+	+	-	-	+	+	-	-	-	.	-	-	.	-	-	.	-	-	.	-	+
ʼɣ	.	-	-	-	-	+	-	+	+	-	-	-	-	-	-	.	.	-	.	.	.	+	+	-	-	-	.	-	-	.	-	-	.	-	-	.	-	-
ʼɲ	.	-	-	-	-	+	+	-	.	-	-	-	+	-	-	.	.	+	-	+	-	+	+	-	+	-	.	-	-	.	-	-	.	-	-	.	-	-
ʼʃ	.	-	-	-	-	+	-	+	+	-	-	-	-	-	-	.	.	+	-	+	+	-	.	.	.	.	.	-	-	-	-	-	.	-	-	.	-	-
ˀb	.	-	-	-	-	+	-	-	-	-	-	-	-	-	+	-	-	-	.	.	.	-	.	.	.	.	.	-	-	+	-	-	.	-	-	-	-	-
ˀb͉	.	-	-	-	-	+	-	-	-	-	-	-	-	-	+	-	-	-	.	.	.	-	.	.	.	.	.	-	-	+	-	-	.	-	+	-	-	-
ˀc	.	-	-	-	-	+	-	-	-	-	-	-	-	-	-	.	.	+	-	+	-	+	+	-	+	-	.	-	-	-	-	-	.	-	-	-	-	-
ˀd	.	-	-	-	-	+	-	-	-	-	-	-	-	-	-	.	.	+	+	-	-	-	.	.	.	.	.	-	-	+	-	-	.	-	-	-	-	-
ˀd̠ʒ	.	-	-	-	-	+	-	-	+	-	-	-	-	-	-	.	.	+	-	+	+	-	.	.	.	.	.	-	-	+	-	-	.	-	-	-	-	-
ˀd̪	.	-	-	-	-	+	-	-	-	-	-	-	-	-	-	.	.	+	+	+	-	-	.	.	.	.	.	-	-	+	-	-	.	-	-	-	-	-
ˀg	.	-	-	-	-	+	-	-	-	-	-	-	-	-	-	.	.	-	.	.	.	+	+	-	-	-	.	-	-	+	-	-	.	-	-	-	-	-
ˀgb	.	-	-	-	-	+	-	-	-	-	-	-	-	-	+	-	-	-	.	.	.	+	+	-	-	-	.	-	-	+	-	-	.	-	-	-	-	-
ˀgʷ	.	-	-	-	-	+	-	-	-	-	-	-	-	-	.	+	-	-	.	.	.	+	+	-	-	-	.	-	-	+	-	-	.	-	-	-	-	-
ˀj	.	-	-	-	-	-	+	+	.	+	-	-	-	-	-	.	.	-	.	.	.	+	+	-	+	-	+	-	-	+	-	-	.	-	-	-	-	-
ˀj̥	.	-	-	-	-	-	+	+	.	+	-	-	-	-	-	.	.	-	.	.	.	+	+	-	+	-	+	-	-	-	-	-	.	-	-	-	-	-
ˀj̰	.	-	-	-	-	-	+	+	.	+	-	-	-	-	-	.	.	-	.	.	.	+	+	-	+	-	+	-	-	+	-	-	+	-	-	-	-	-
ˀk	.	-	-	-	-	+	-	-	-	-	-	-	-	-	-	.	.	-	.	.	.	+	+	-	-	-	.	-	-	-	-	-	.	-	-	-	-	-
ˀkp	.	-	-	-	-	+	-	-	-	-	-	-	-	-	+	-	-	-	.	.	.	+	+	-	-	-	.	-	-	-	-	-	.	-	-	-	-	-
ˀkʷ	.	-	-	-	-	+	-	-	-	-	-	-	-	-	.	+	-	-	.	.	.	+	+	-	-	-	.	-	-	-	-	-	.	-	-	-	-	-
ˀl	.	-	-	-	-	+	+	+	.	+	-	-	-	+	-	.	.	+	+	-	-	-	.	.	.	.	.	-	-	+	-	-	.	-	-	-	-	-
ˀl̪̥	.	-	-	-	-	+	+	+	.	+	-	-	-	+	-	.	.	+	+	+	-	-	.	.	.	.	.	-	-	-	-	-	.	-	-	-	-	-
ˀm	.	-	-	-	-	+	+	-	.	-	-	-	+	-	+	-	-	-	.	.	.	-	.	.	.	.	.	-	-	+	-	-	.	-	-	-	-	-
ˀmː	.	-	-	-	+	+	+	-	.	-	-	-	+	-	+	-	-	-	.	.	.	-	.	.	.	.	.	-	-	+	-	-	.	-	-	-	-	-
ˀm̥	.	-	-	-	-	+	+	-	.	-	-	-	+	-	+	-	-	-	.	.	.	-	.	.	.	.	.	-	-	-	-	-	.	-	-	-	-	-
ˀn	.	-	-	-	-	+	+	-	.	-	-	-	+	-	-	.	.	+	+	-	-	-	.	.	.	.	.	-	-	+	-	-	.	-	-	-	-	-
ˀnː	.	-	-	-	+	+	+	-	.	-	-	-	+	-	-	.	.	+	+	-	-	-	.	.	.	.	.	-	-	+	-	-	.	-	-	-	-	-
ˀn̪̥	.	-	-	-	-	+	+	-	.	-	-	-	+	-	-	.	.	+	+	+	-	-	.	.	.	.	.	-	-	-	-	-	.	-	-	-	-	-
ˀo̯	.	-	-	-	-	-	+	+	.	+	-	-	-	-	+	+	-	-	.	.	.	+	-	-	-	+	+	-	-	+	-	-	.	.	.	-	-	.
ˀp	.	-	-	-	-	+	-	-	-	-	-	-	-	-	+	-	-	-	.	.	.	-	.	.	.	.	.	-	-	-	-	-	.	-	-	-	-	-
ˀq	.	-	-	-	-	+	-	-	-	-	-	-	-	-	-	.	.	-	.	.	.	+	-	-	-	+	.	-	-	-	-	-	.	-	-	-	-	-
ˀr	.	-	-	-	-	+	+	+	.	+	-	+	-	-	-	.	.	+	+	-	-	-	.	.	.	.	.	-	-	+	-	-	.	-	-	-	-	-
ˀs	.	-	-	-	-	+	-	+	+	-	-	-	-	-	-	.	.	+	+	-	+	-	.	.	.	.	.	-	-	-	-	-	.	-	-	-	-	-
ˀt	.	-	-	-	-	+	-	-	-	-	-	-	-	-	-	.	.	+	+	-	-	-	.	.	.	.	.	-	-	-	-	-	.	-	-	-	-	-
ˀt̪	.	-	-	-	-	+	-	-	-	-	-	-	-	-	-	.	.	+	+	+	-	-	.	.	.	.	.	-	-	-	-	-	.	-	-	-	-	-
ˀt̪s	.	-	-	-	-	+	-	-	+	-	-	-	-	-	-	.	.	+	+	+	+	-	.	.	.	.	.	-	-	-	-	-	.	-	-	-	-	-
ˀt̪ɬ	.	-	-	-	-	+	-	.	.	-	-	-	-	.	-	.	.	+	+	.	-	-	.	.	.	.	.	-	-	-	-	-	.	-	-	-	-	-
ˀw	.	-	-	-	-	-	+	+	.	+	-	-	-	-	+	+	-	-	.	.	.	+	+	-	-	+	+	-	-	+	-	-	.	-	-	-	-	-
ˀw̥	.	-	-	-	-	-	+	+	.	+	-	-	-	-	+	+	-	-	.	.	.	+	+	-	-	+	+	-	-	-	-	-	.	-	-	-	-	-
ˀw̰	.	-	-	-	-	-	+	+	.	+	-	-	-	-	+	+	-	-	.	.	.	+	+	-	-	+	+	-	-	+	-	-	+	-	-	-	-	-
ˀy	.	-	+	-	-	-	+	+	.	+	-	-	-	-	+	+	-	-	.	.	.	+	+	-	+	-	+	-	-	+	-	-	.	.	.	-	-	.
ˀŋ	.	-	-	-	-	+	+	-	.	-	-	-	+	-	-	.	.	-	.	.	.	+	+	-	-	-	.	-	-	+	-	-	.	-	-	-	-	-
ˀɖ	.	-	-	-	-	+	-	-	-	-	-	-	-	-	-	.	.	+	-	-	-	-	.	.	.	.	.	-	-	+	-	-	.	-	-	-	-	-
ˀɗ	.	-	-	-	-	+	-	-	-	-	-	-	-	-	-	.	.	+	+	-	-	-	.	.	.	.	.	-	-	+	-	-	.	-	-	-	+	-
ˀɟ	.	-	-	-	-	+	-	-	-	-	-	-	-	-	-	.	.	+	-	+	-	+	+	-	+	-	.	-	-	+	-	-	.	-	-	-	-	-
ˀɲ	.	-	-	-	-	+	+	-	.	-	-	-	+	-	-	.	.	+	-	+	-	+	+	-	+	-	.	-	-	+	-	-	.	-	-	-	-	-
ˀɲː	.	-	-	-	+	+	+	-	.	-	-	-	+	-	-	.	.	+	-	+	-	+	+	-	+	-	.	-	-	+	-	-	.	-	-	-	-	-
ˀʃʷ	.	-	-	-	-	+	-	+	+	-	-	-	-	-	.	+	-	+	-	+	+	-	.	.	.	.	.	-	-	-	-	-	.	-	-	-	-	-
ˀʍ	.	-	-	-	-	-	-	+	+	-	-	-	-	-	+	+	-	-	.	.	.	+	+	-	-	+	+	-	-	-	-	.	.	-	-	-	-	-
ˀʍʲ	.	-	-	-	-	-	-	+	+	-	-	-	-	-	+	+	-	-	.	.	.	+	+	-	.	.	+	-	-	-	-	.	.	-	-	-	-	-
˥	+	.	.	.	.	.	.	.	.	.	.	.	.	.	.	.	.	.	.	.	.	.	.	.	.	.	.	.	.	.	.	.	.	.	.	.	.	.
˥˦	+	.	.	.	.	.	.	.	.	.	.	.	.	.	.	.	.	.	.	.	.	.	.	.	.	.	.	.	.	.	.	.	.	.	.	.	.	.
˥˧	+	.	.	.	.	.	.	.	.	.	.	.	.	.	.	.	.	.	.	.	.	.	.	.	.	.	.	.	.	.	.	.	.	.	.	.	.	.
˥˧˥	+	.	.	.	.	.	.	.	.	.	.	.	.	.	.	.	.	.	.	.	.	.	.	.	.	.	.	.	.	.	.	.	.	.	.	.	.	.
˥˧̰	+	.	.	.	.	.	.	.	.	.	.	.	.	.	.	.	.	.	.	.	.	.	.	.	.	.	.	.	.	+	.	-	+	.	.	.	.	.
˥˨	+	.	.	.	.	.	.	.	.	.	.	.	.	.	.	.	.	.	.	.	.	.	.	.	.	.	.	.	.	.	.	.	.	.	.	.	.	.
˥˨˧	+	.	.	.	.	.	.	.	.	.	.	.	.	.	.	.	.	.	.	.	.	.	.	.	.	.	.	.	.	.	.	.	.	.	.	.	.	.
˥˩	+	.	.	.	.	.	.	.	.	.	.	.	.	.	.	.	.	.	.	.	.	.	.	.	.	.	.	.	.	.	.	.	.	.	.	.	.	.
˥˩˩˥	+	.	.	.	.	.	.	.	.	.	.	.	.	.	.	.	.	.	.	.	.	.	.	.	.	.	.	.	.	.	.	.	.	.	.	.	.	.
˥̰	+	.	.	.	.	.	.	.	.	.	.	.	.	.	.	.	.	.	.	.	.	.	.	.	.	.	.	.	.	+	.	-	+	.	.	.	.	.
˦	+	.	.	.	.	.	.	.	.	.	.	.	.	.	.	.	.	.	.	.	.	.	.	.	.	.	.	.	.	.	.	.	.	.	.	.	.	.
˦ˀ	+	.	.	.	.	.	.	.	.	.	.	.	.	.	.	.	.	.	.	.	.	.	.	.	.	.	.	.	.	.	.	-	+	.	.	.	.	.
˦˥	+	.	.	.	.	.	.	.	.	.	.	.	.	.	.	.	.	.	.	.	.	.	.	.	.	.	.	.	.	.	.	.	.	.	.	.	.	.
˦˥˦	+	.	.	.	.	.	.	.	.	.	.	.	.	.	.	.	.	.	.	.	.	.	.	.	.	.	.	.	.	.	.	.	.	.	.	.	.	.
˦˥̰	+	.	.	.	.	.	.	.	.	.	.	.	.	.	.	.	.	.	.	.	.	.	.	.	.	.	.	.	.	+	.	-	+	.	.	.	.	.
˦˦˨	+	.	.	.	.	.	.	.	.	.	.	.	.	.	.	.	.	.	.	.	.	.	.	.	.	.	.	.	.	.	.	.	.	.	.	.	.	.
˦˧	+	.	.	.	.	.	.	.	.	.	.	.	.	.	.	.	.	.	.	.	.	.	.	.	.	.	.	.	.	.	.	.	.	.	.	.	.	.
˦˨	+	.	.	.	.	.	.	.	.	.	.	.	.	.	.	.	.	.	.	.	.	.	.	.	.	.	.	.	.	.	.	.	.	.	.	.	.	.
˦˨˦	+	.	.	.	.	.	.	.	.	.	.	.	.	.	.	.	.	.	.	.	.	.	.	.	.	.	.	.	.	.	.	.	.	.	.	.	.	.
˦˨˨	+	.	.	.	.	.	.	.	.	.	.	.	.	.	.	.	.	.	.	.	.	.	.	.	.	.	.	.	.	.	.	.	.	.	.	.	.	.
˦˩	+	.	.	.	.	.	.	.	.	.	.	.	.	.	.	.	.	.	.	.	.	.	.	.	.	.	.	.	.	.	.	.	.	.	.	.	.	.
˦˩˨	+	.	.	.	.	.	.	.	.	.	.	.	.	.	.	.	.	.	.	.	.	.	.	.	.	.	.	.	.	.	.	.	.	.	.	.	.	.
˦̰	+	.	.	.	.	.	.	.	.	.	.	.	.	.	.	.	.	.	.	.	.	.	.	.	.	.	.	.	.	+	.	-	+	.	.	.	.	.
˦↓˦	+	.	.	.	.	.	.	.	.	.	.	.	.	.	.	.	.	.	.	.	.	.	.	.	.	.	.	.	.	.	.	.	.	.	.	.	.	.
˧	+	.	.	.	.	.	.	.	.	.	.	.	.	.	.	.	.	.	.	.	.	.	.	.	.	.	.	.	.	.	.	.	.	.	.	.	.	.
˧˥	+	.	.	.	.	.	.	.	.	.	.	.	.	.	.	.	.	.	.	.	.	.	.	.	.	.	.	.	.	.	.	.	.	.	.	.	.	.
˧˥˨	+	.	.	.	.	.	.	.	.	.	.	.	.	.	.	.	.	.	.	.	.	.	.	.	.	.	.	.	.	.	.	.	.	.	.	.	.	.
˧˦	+	.	.	.	.	.	.	.	.	.	.	.	.	.	.	.	.	.	.	.	.	.	.	.	.	.	.	.	.	.	.	.	.	.	.	.	.	.
˧˦˧	+	.	.	.	.	.	.	.	.	.	.	.	.	.	.	.	.	.	.	.	.	.	.	.	.	.	.	.	.	.	.	.	.	.	.	.	.	.
˧˨	+	.	.	.	.	.	.	.	.	.	.	.	.	.	.	.	.	.	.	.	.	.	.	.	.	.	.	.	.	.	.	.	.	.	.	.	.	.
˧˨ˤ	+	.	.	.	.	.	.	.	.	.	.	.	.	.	.	.	.	.	.	.	.	.	.	.	.	.	.	+	-	.	.	.	.	.	.	.	.	.
˧˨˥	+	.	.	.	.	.	.	.	.	.	.	.	.	.	.	.	.	.	.	.	.	.	.	.	.	.	.	.	.	.	.	.	.	.	.	.	.	.
˧˨˧	+	.	.	.	.	.	.	.	.	.	.	.	.	.	.	.	.	.	.	.	.	.	.	.	.	.	.	.	.	.	.	.	.	.	.	.	.	.
˧˨̤	+	.	.	.	.	.	.	.	.	.	.	.	.	.	.	.	.	.	.	.	.	.	.	.	.	.	.	.	.	+	.	+	-	.	.	.	.	.
˧˩	+	.	.	.	.	.	.	.	.	.	.	.	.	.	.	.	.	.	.	.	.	.	.	.	.	.	.	.	.	.	.	.	.	.	.	.	.	.
˧˩̤	+	.	.	.	.	.	.	.	.	.	.	.	.	.	.	.	.	.	.	.	.	.	.	.	.	.	.	.	.	+	.	+	-	.	.	.	.	.
˧˩̰	+	.	.	.	.	.	.	.	.	.	.	.	.	.	.	.	.	.	.	.	.	.	.	.	.	.	.	.	.	+	.	-	+	.	.	.	.	.
˨	+	.	.	.	.	.	.	.	.	.	.	.	.	.	.	.	.	.	.	.	.	.	.	.	.	.	.	.	.	.	.	.	.	.	.	.	.	.
˨˥	+	.	.	.	.	.	.	.	.	.	.	.	.	.	.	.	.	.	.	.	.	.	.	.	.	.	.	.	.	.	.	.	.	.	.	.	.	.
˨˥˩	+	.	.	.	.	.	.	.	.	.	.	.	.	.	.	.	.	.	.	.	.	.	.	.	.	.	.	.	.	.	.	.	.	.	.	.	.	.
˨˦	+	.	.	.	.	.	.	.	.	.	.	.	.	.	.	.	.	.	.	.	.	.	.	.	.	.	.	.	.	.	.	.	.	.	.	.	.	.
˨˦˦	+	.	.	.	.	.	.	.	.	.	.	.	.	.	.	.	.	.	.	.	.	.	.	.	.	.	.	.	.	.	.	.	.	.	.	.	.	.
˨˦˧	+	.	.	.	.	.	.	.	.	.	.	.	.	.	.	.	.	.	.	.	.	.	.	.	.	.	.	.	.	.	.	.	.	.	.	.	.	.
˨˦˨	+	.	.	.	.	.	.	.	.	.	.	.	.	.	.	.	.	.	.	.	.	.	.	.	.	.	.	.	.	.	.	.	.	.	.	.	.	.
˨˧	+	.	.	.	.	.	.	.	.	.	.	.	.	.	.	.	.	.	.	.	.	.	.	.	.	.	.	.	.	.	.	.	.	.	.	.	.	.
˨˧˨	+	.	.	.	.	.	.	.	.	.	.	.	.	.	.	.	.	.	.	.	.	.	.	.	.	.	.	.	.	.	.	.	.	.	.	.	.	.
˨˧˩	+	.	.	.	.	.	.	.	.	.	.	.	.	.	.	.	.	.	.	.	.	.	.	.	.	.	.	.	.	.	.	.	.	.	.	.	.	.
˨˨˦	+	.	.	.	.	.	.	.	.	.	.	.	.	.	.	.	.	.	.	.	.	.	.	.	.	.	.	.	.	.	.	.	.	.	.	.	.	.
˨˩	+	.	.	.	.	.	.	.	.	.	.	.	.	.	.	.	.	.	.	.	.	.	.	.	.	.	.	.	.	.	.	.	.	.	.	.	.	.
˨˩̤	+	.	.	.	.	.	.	.	.	.	.	.	.	.	.	.	.	.	.	.	.	.	.	.	.	.	.	.	.	+	.	+	-	.	.	.	.	.
˩	+	.	.	.	.	.	.	.	.	.	.	.	.	.	.	.	.	.	.	.	.	.	.	.	.	.	.	.	.	.	.	.	.	.	.	.	.	.
˩˥	+	.	.	.	.	.	.	.	.	.	.	.	.	.	.	.	.	.	.	.	.	.	.	.	.	.	.	.	.	.	.	.	.	.	.	.	.	.
˩˧	+	.	.	.	.	.	.	.	.	.	.	.	.	.	.	.	.	.	.	.	.	.	.	.	.	.	.	.	.	.	.	.	.	.	.	.	.	.
˩˧˩	+	.	.	.	.	.	.	.	.	.	.	.	.	.	.	.	.	.	.	.	.	.	.	.	.	.	.	.	.	.	.	.	.	.	.	.	.	.
˩˨	+	.	.	.	.	.	.	.	.	.	.	.	.	.	.	.	.	.	.	.	.	.	.	.	.	.	.	.	.	.	.	.	.	.	.	.	.	.
˩̰	+	.	.	.	.	.	.	.	.	.	.	.	.	.	.	.	.	.	.	.	.	.	.	.	.	.	.	.	.	+	.	-	+	.	.	.	.	.
β	.	-	-	-	-	+	-	+	+	-	-	-	-	-	+	-	-	-	.	.	.	-	.	.	.	.	.	-	-	+	-	-	-	-	-	-	-	-
βʲ	.	-	-	-	-	+	-	+	+	-	-	-	-	-	+	-	-	-	.	.	.	.	+	-	+	-	.	-	-	+	-	-	-	-	-	-	-	-
βʲː	.	-	-	-	+	+	-	+	+	-	-	-	-	-	+	-	-	-	.	.	.	.	+	-	+	-	.	-	-	+	-	-	-	-	-	-	-	-
βʷ	.	-	-	-	-	+	-	+	+	-	-	-	-	-	+	.	-	-	.	.	.	-	.	.	.	.	.	-	-	+	-	-	-	-	-	-	-	-
βː	.	-	-	-	+	+	-	+	+	-	-	-	-	-	+	-	-	-	.	.	.	-	.	.	.	.	.	-	-	+	-	-	-	-	-	-	-	-
β̃	.	-	-	-	-	+	-	+	+	-	-	-	+	-	+	-	-	-	.	.	.	-	.	.	.	.	.	-	-	+	-	-	-	-	-	-	-	-
β̞	.	-	-	-	-	-	+	+	.	+	-	-	-	-	+	-	-	-	.	.	.	-	.	.	.	.	.	-	-	+	-	-	-	-	-	-	-	-
β̞ʲ	.	-	-	-	-	-	+	+	.	+	-	-	-	-	+	-	-	-	.	.	.	.	+	-	+	-	.	-	-	+	-	-	-	-	-	-	-	-
β̞ː	.	-	-	-	+	-	+	+	.	+	-	-	-	-	+	-	-	-	.	.	.	-	.	.	.	.	.	-	-	+	-	-	-	-	-	-	-	-
β̞ˠ	.	-	-	-	-	-	+	+	.	+	-	-	-	-	+	-	-	-	.	.	.	.	+	-	-	-	.	-	-	+	-	-	-	-	-	-	-	-
θ	.	-	-	-	-	+	-	+	+	-	-	-	-	-	-	.	.	+	+	+	-	-	.	.	.	.	.	-	-	-	-	-	-	-	-	-	-	-
θʼ	.	-	-	-	-	+	-	+	+	-	-	-	-	-	-	.	.	+	+	+	-	-	.	.	.	.	.	-	-	-	-	-	+	-	-	+	-	-
θː	.	-	-	-	+	+	-	+	+	-	-	-	-	-	-	.	.	+	+	+	-	-	.	.	.	.	.	-	-	-	-	-	-	-	-	-	-	-
θ̪	.	-	-	-	-	+	-	+	+	-	-	-	-	-	-	.	.	+	+	+	-	-	.	.	.	.	.	-	-	-	-	-	-	-	-	-	-	-
θ̰	.	-	-	-	-	+	-	+	+	-	-	-	-	-	-	.	.	+	+	+	-	-	.	.	.	.	.	-	-	+	-	-	+	-	-	-	-	-
θ̻	.	-	-	-	-	+	-	+	+	-	-	-	-	-	-	.	.	+	+	+	-	-	.	.	.	.	.	-	-	-	-	-	-	-	-	-	-	-
χ	.	-	-	-	-	+	-	+	+	-	-	-	-	-	-	.	.	-	.	.	.	+	-	-	-	+	.	-	-	-	-	-	-	-	-	-	-	-
χʲ	.	-	-	-	-	+	-	+	+	-	-	-	-	-	-	.	.	-	.	.	.	+	.	-	.	.	.	-	-	-	-	-	-	-	-	-	-	-
χʷ	.	-	-	-	-	+	-	+	+	-	-	-	-	-	.	+	-	-	.	.	.	+	-	-	-	+	.	-	-	-	-	-	-	-	-	-	-	-
χʷʲ	.	-	-	-	-	+	-	+	+	-	-	-	-	-	.	+	-	-	.	.	.	+	.	-	.	.	.	-	-	-	-	-	-	-	-	-	-	-
χʷʼ	.	-	-	-	-	+	-	+	+	-	-	-	-	-	.	+	-	-	.	.	.	+	-	-	-	+	.	-	-	-	-	-	+	-	-	+	-	-
χʷː	.	-	-	-	+	+	-	+	+	-	-	-	-	-	.	+	-	-	.	.	.	+	-	-	-	+	.	-	-	-	-	-	-	-	-	-	-	-
χʷˤ	.	-	-	-	-	+	-	+	+	-	-	-	-	-	.	+	-	-	.	.	.	+	-	-	-	+	.	.	-	-	-	-	-	-	-	-	-	-
χʷˤː	.	-	-	-	+	+	-	+	+	-	-	-	-	-	.	+	-	-	.	.	.	+	-	-	-	+	.	.	-	-	-	-	-	-	-	-	-	-
χʼ	.	-	-	-	-	+	-	+	+	-	-	-	-	-	-	.	.	-	.	.	.	+	-	-	-	+	.	-	-	-	-	-	+	-	-	+	-	-
χʼː	.	-	-	-	+	+	-	+	+	-	-	-	-	-	-	.	.	-	.	.	.	+	-	-	-	+	.	-	-	-	-	-	+	-	-	+	-	-
χː	.	-	-	-	+	+	-	+	+	-	-	-	-	-	-	.	.	-	.	.	.	+	-	-	-	+	.	-	-	-	-	-	-	-	-	-	-	-
χˤ	.	-	-	-	-	+	-	+	+	-	-	-	-	-	-	.	.	-	.	.	.	+	-	-	-	+	.	.	-	-	-	-	-	-	-	-	-	-
χˤː	.	-	-	-	+	+	-	+	+	-	-	-	-	-	-	.	.	-	.	.	.	+	-	-	-	+	.	.	-	-	-	-	-	-	-	-	-	-
χ͈	.	-	-	-	-	+	-	+	+	-	-	-	-	-	-	.	.	-	.	.	.	+	-	-	-	+	.	-	-	-	-	-	-	+	-	-	-	-
χ͈ʷ	.	-	-	-	-	+	-	+	+	-	-	-	-	-	.	+	-	-	.	.	.	+	-	-	-	+	.	-	-	-	-	-	-	+	-	-	-	-
ᴅ	.	-	-	-	-	+	+	+	.	+	+	-	-	-	-	.	.	+	+	-	-	-	.	.	.	.	.	-	-	+	-	-	-	-	-	-	-	-
ᴅ̪	.	-	-	-	-	+	+	+	.	+	+	-	-	-	-	.	.	+	+	+	-	-	.	.	.	.	.	-	-	+	-	-	-	-	-	-	-	-
ᴅ̪̰	.	-	-	-	-	+	+	+	.	+	+	-	-	-	-	.	.	+	+	+	-	-	.	.	.	.	.	-	-	+	-	-	+	-	-	-	-	-
ᶑ	.	-	-	-	-	+	-	-	-	-	-	-	-	-	-	.	.	+	-	-	-	-	.	.	.	.	.	-	-	+	-	-	-	-	-	-	+	-
ᶑʼ	.	-	-	-	-	+	-	-	-	-	-	-	-	-	-	.	.	+	-	-	-	-	.	.	.	.	.	-	-	-	-	-	+	-	-	+	-	-
ᶑʼː	.	-	-	-	+	+	-	-	-	-	-	-	-	-	-	.	.	+	-	-	-	-	.	.	.	.	.	-	-	-	-	-	+	-	-	+	-	-
ᶑː	.	-	-	-	+	+	-	-	-	-	-	-	-	-	-	.	.	+	-	-	-	-	.	.	.	.	.	-	-	+	-	-	-	-	-	-	+	-
↓	+	.	.	.	.	.	.	.	.	.	.	.	.	.	.	.	.	.	.	.	.	.	.	.	.	.	.	.	.	.	.	.	.	.	.	.	.	.
↓˦	+	.	.	.	.	.	.	.	.	.	.	.	.	.	.	.	.	.	.	.	.	.	.	.	.	.	.	.	.	.	.	.	.	.	.	.	.	.
↓˦˨	+	.	.	.	.	.	.	.	.	.	.	.	.	.	.	.	.	.	.	.	.	.	.	.	.	.	.	.	.	.	.	.	.	.	.	.	.	.
↓˦↓˦	+	.	.	.	.	.	.	.	.	.	.	.	.	.	.	.	.	.	.	.	.	.	.	.	.	.	.	.	.	.	.	.	.	.	.	.	.	.
ⱱ	.	-	-	-	-	+	+	+	.	+	+	-	-	-	+	-	+	-	.	.	.	-	.	.	.	.	.	-	-	+	-	-	-	-	-	-	-	-
ⱱ̟	.	-	-	-	-	+	+	+	.	+	+	-	-	-	+	-	-	-	.	.	.	-	.	.	.	.	.	-	-	+	-	-	-	-	-	-	-	-
