INVENTORY	GLOTTOCODE	SEGMENTS
1	kore1280	a aː æ æː e eː ɤ ɤː h i iː j k kʰ kˀ l m n ŋ o ø oː p pʰ pˀ s sˀ t tʰ t̠ʃ t̠ʃʰ t̠ʃˀ tˀ u uː ɯ ɯː w y ʔ
2	kett1243	a aː æ æː b d dʲ h i iː ɨ ɨː ʝ k̟ lˠ lʲ m n nʲ ŋ ɔ ɔː ɵ̞ ɵ̞ː q s sʲ t tʲ uː ʊ ʔ
3	lakk1252	a aː æˤ b d e̞ˤ ɡ ɢ ɢʷ h ħ i iː j k͈ kʰ k͈ʷ kʷʰ kʷʼ kʼ l m n ø̞ˤ p͈ pʰ pʼ q͈ qʰ q͈ʷ qʷʰ qʷʼ qʼ r s s͈ ʃ ʃ͈ ʃʷ ʃ͈ʷ t͈ tʰ t͈s tsʰ t͈sʷ tsʷʰ tsʷʼ tsʼ t̠͈ʃ t̠ʃʰ t̠͈ʃʷ t̠ʃʷʰ t̠ʃʷʼ t̠ʃʼ tʼ u uː w x x͈ xʷ x͈ʷ z ʒ ʔ χ χ͈ χʷ χ͈ʷ
4	kaba1278	a̟ː b ç̟ d̻ d̻z̻ e̞ː ɜ f fʼ ɡ̟ʲ ɡʷ ɣ̟ʲ ħ ɦ iː ɨ j ʝ̟ k̟ʲʰ k̟ʲʼ kʷʰ kʷʼ ɬʲ ɬʲʼ ɮʲ m n̻ o̞ː pʰ pʼ qχ qχʷ qχʷʼ qχʼ r ʁ ʁʷ s̻ ʃ ʃʼ t̻ʰ t̻s̻ t̻s̻ʼ t̻ʼ uː v w x̟ʲ xʷ z̻ ʒ ʔ ʔʷ ʕ χ χʷ
5	nucl1302	a̟ e̞ ə̆ h ɪ j k kʰ kʼ lˠ m n o̞ p pʰ pʼ qʼ r ʁ s ʃ t tʰ ts tsʰ tsʼ t̠ʃ t̠ʃʰ t̠ʃʼ tʼ ʊ z ʒ β χ
6	buru1296	˥˦ ˧ ˩˨ a aː ãː b d d̠ʒ ɖ ɖʐ e̞ e̞ː f ɡ h i iː j k kʰ l m n ŋ o̞ o̞ː p pʰ q qʰ r ʁ s ʂ ʃ t tʰ ts tsʰ t̠ʃ t̠ʃʰ ʈ ʈʰ ʈʂ ʈʂʰ u uː ũː w z ʐ͇ χ
7	kuru1302	a ã aː ãː b b̤ d̪ d̪̤ d̪ː d̠ʒ d̠ʒ̤ d̠ʒː ɖ ɖ̤ ɖː e̞ ẽ̞ e̞ː ẽ̞ː ə əː ɡ ɡ̤ h i ĩ iː ĩː j jː k kː kʰ l lː m n̪ ɳ ŋ o̞ õ̞ o̞ː õ̞ː p pː pʰ r r̠ rː s̪ s̪ː t̪ t̪ː t̪ʰ t̠ʃ t̠ʃː t̠ʃʰ ʈ ʈː ʈʰ u ũ uː ũː w wː ʔ χ
8	telu1262	aː æː ɑ ɒː b b̤ bː d d̤ dː dz dzː ɖ ɖ̤ ɖː e eː ə ɛ ɛː f ɡ ɡ̤ ɡː ɦ i iː ɪ ɪː j k kː kʰ l lː ɭ ɭː m mː n nː ɳ o o̞ oː ɔː p pː pʰ rː ɾ s ʂ ʃ t tː ts tsː t̠ʃ ʈ ʈː ʈʰ u uː ʊ ʊː β̞ β̞ː
9	kota1263	a aː b d d̪ d̠ʒ ɖ e̞ e̞ː ə ɡ i iː j kʰ l ɭ m n ɳ ŋ o̞ o̞ː pʰ r ɽ ʂ tʰ t̪ʰ t̠ʃʰ ʈʰ u uː v
10	mund1320	a b̤ d̤ d̠ʒ̤ ɖ̤ e̞ ɡ̤ h ɪ j k kʰ l ɭ m n ɳ ŋː o̞ p pʰ r s t tʰ t̠ʃ t̠ʃʰ ʈ ʈʰ ʊ w ʔ ˀb ˀd ˀd̠ʒ ˀɖ ˀɡ
11	khar1287	a ã b b̤ d d̤ d̠ʒ d̠ʒ̤ ɖ ɖ̤ e ɛ̃ ɡ ɡ̤ ɦ i ĩ j k kʰ l m n ɲ ŋ o õ p pʰ ɽ ɾ s t tʰ t̠ʃ t̠ʃʰ ʈ ʈʰ u ũ w
12	khas1269	a aː b d d̠ʒ e ə h i ɪ̯ k kʰ ɭ m n ɲ ŋ o p pʰ r s ʃ t tʰ u ʊ̯ ʔ
13	seda1262	a a̰ e ḛ ɛ ɛ̰ h i ḭ j k kʰ l l̥ m m̥ mb n n̥ nd n̠d̠ʒ ɲ ɲ̥ ŋ ŋ̥ ŋɡ o o̰ ɔ ɔ̰ p pʰ r r̥ s ʃ t tʰ t̠ʃ u ṵ w ʍ ʔ ˀb ˀd ˀl ˀm ˀn ˀɲ ˀŋ ˀr ˀw
14	cent1989	a̟ a̟̙ː ɒ ɒː ɓ ɗ e̘ː ei̙ ə ə̘ː əɨ̙ ɛ ɛ̘ː h iː ɪ ɪ̈ ɨː j k kʰ lˠ m n ɲ ŋ o̘ː ou̙ ɔ ɔ̘ː p pʰ ɽ s t tʰ t̠ʃ t̠ʃʰ uː ʊ ʋ ʔ
15	viet1252	˦˥ ˦˥̰ ˧ ˨˩ ˨˩̤ ˩̰ a̟ː ɐ ɓ c ɗ e ɛ ɤ f ɣ h ɪ j k l m n ɲ ŋ o ɔ s t tʰ ɯ̞ ʊ v ʌ ʌ̯ w x z ʔ
16	mand1415	˥ ˥˦ ˧˥ ˧˨˥ a a˞ a̟˞ ɑ̃˞ ç cç cçʰ ə˞ ə̃˞ ɤ ɤ˞ f i j k kʰ l m n ŋ p pʰ s ʂ t tʰ ts tsʰ ʈʂ ʈʂʰ u u˞ ɥ ɰ w w˞ y ʐ χ
17	wuch1236	˥ ˥˧˥ ˦ a æ̃ b̤̥ d̤̥ ə̟ f ɡ̤̥ h ɦ i ĩ j k kʰ l m m̩ n ŋ ŋ̩ o̞ õ̞ p pʰ ɻ s t tʰ ts tsʰ tz̤̥ u v w y z z̞̩ ʔ
18	hakk1236	˥ ˧ ˧˩ ˩ a æ ɛ f h i j k̟ k̟ʰ l m̩ mb nd ŋ̩ ŋɡ̟ ɔ p pʰ s t tʰ ts tsʰ u w z̞̩ ʔ
19	yuec1235	˥ ˥˦ ˧ ˧˩̰ ˩ a æ f h i j k kʰ kʷ kʷʰ l l̥ m m̩ n ŋ ŋ̩ ɔ p pʰ ʃ t tʰ t̠ʃ t̠ʃʰ u w
20	iumi1238	˥˦ ˦ ˧˨ˤ ˧˩ ˨˧ ˩̰ a aː æ b c cʰ d dz e f ɡ h i j j̥ ɟ k kʰ l l̥ m m̩ m̥ n n̩ n̥ ɲ ɲ̥ ŋ ŋ̥ o ɔ p pʰ s t tʰ ts tsʰ u w ʍ ʔ
21	nyis1236	˥˦ ˩˨ ɑ b d ɛ ɡ ɦ i i̥ j k l̪ m n ŋ ɔ p r s t u u̥ ɯ ʌ x ʔ
22	nucl1310	˥ ˥̰ ˩ a æ̃ b d ð d̠ʒ e eĩ ə ɛ ɡ h i ɪ̃ j k kʰ l l̥ m m̥ n n̥ ɲ ɲ̥ ŋ ŋ̥ o oũ ɔ p pʰ ɾ s sʰ ʃ t tʰ t̠ʃ t̠ʃʰ u ʊ̃ w ʍ z ʔ θ
23	lahu1253	˥˦ ˧ ˧˦ ˧˨ ˩ a b d d̠ʒ e e̞ ɘ f ɡ ɣ h i ɨ j k kʰ l m n ŋ o ɔ p pʰ q qʰ ʃ t tʰ t̠ʃ t̠ʃʰ u v w ʔ
24	garo1247	a b d dz e̞ ɡ h i kʰ l m mˀ n nˀ ŋ ŋˀ o pʰ ɾ ɾˀ s̻ tʰ ts ʉ w ʔ
25	sgaw1245	˦˥ ˧˨̤ ˧˩ a ɓ c cʰ ɗ e ɛ ɜ ɣ ɦ i ɪ̈ j k kʰ l m n ɲ ŋ o ɔ p pʰ ɹ s sʰ ʃ t tʰ u w x z ʔ θ
26	lakk1238	˥ ˥˦ ˧˨˥ ˨˧ ˨˧˩ ˩ a ă ẵ ã ĕ ɛ ɛ̆ ɛ̆̃ ɛ̃ f h i ĭ ĩ ie iẽ j j̥ k kʰ kʲʰ kʷ kʷʰ l ɬ m m̥ n n̥ ŋ ŋʲ ŋ̥ʲ ŋʷ ŏ̃ ɔ ɔ̃ p pʰ t tʰ ts tsʰ u ŭ ŭ̃ ũ uo ɥ w ʍ ʔ ˀb θ
27	thai1261	˥ ˥̰ ˧ ˧˩ ˨˧ ˩ a aː æ æː b cç cçʰ d eː ɛ ɘ ɘː f h iː ɪ ɨ ɨː j k kʰ l m n ŋ o oː ɔ ɔː p pʰ ɾ s t tʰ uː ʊ w ʔ
28	bouy1240	˥ ˥˩ ˦ ˧ ˩ ˩˥ a aː b c cʰ d ə ɛ f ɡ h i j k kʰ l m n ɲ ŋ ɔ p pʰ r s t tʰ u ɯ v ʔ θ
29	west2650	˧ ˩ a b c cʰ d e ə ɛ h i ɨ j k kʰ l m n ɲ ŋ o ɔ p pʰ ɾ ʂ ʃ t tʰ ʈ ʈʰ u w ʔ
30	atay1247	a ə̆ ɛ ɣ ħ i iː j k l m n ŋ ɔ p q ɾ s t ts u uː w x ʒ ʔ β
31	plat1254	a b d dz ɖr̠ e̞ f ɡ h i j k l m mb mp n nd ndz nt nts ɳɖr̠ ɳʈr̠̥ ŋɡ ŋk ɔ p ɾ s t ts ʈr̠̥ ʊ v w z
32	stan1306	a b c d e ə f ɡ h i ɟ k l m n ɲ ŋ ɔ p r s ʃ t u v x z
33	bata1289	a b d d̠ʒ ɛ ɡ h i j k l m n ŋ o p ʀ s t u w
34	saba1265	a aː b b͈ d d͈ d̠ʒ d̠͈ʒ ə ɛ ɡ h i ɨ j k k͈ l l̩ l̥ m m̩ m̥ n n̩ n̥ ɲ ɲ̩ ɲ̥ ŋ ŋ̩ ŋ̥ ɔ p p͈ r̩ ɾ s sː ʂ͇ t t͈ t̠ʃ u w ʔ
35	sund1252	a b d d̠ʒ ə ɛ ɡ h i ɨ j k l m n ɲ ŋ o p ɾ s t̪ t̠ʃ u w ʔ
36	java1254	a b̤̥ d̪̤̥ d̤̥ e ə ɛ ɡ̤̥ h i j k l l̤ m n ɲ ŋ o ɔ p r s t t̪ ts tz̤̥ u w ʔ
37	taga1270	aː b d e eː ə f ɡ h iː ɪ j k l m n ŋ o oː p ɾ s t t̠ʃ uː ʊ w ʔ
38	cham1312	æ ɒ b bː d dː dz e f ɡ ɡː h i j k kː l lː m mː n nː ɲ ŋ o pː pʰ ɻ s sː t tː ts u w ʔ
39	iaai1238	a aː æ æː b bʷ d ð d̠ʒ ɖ e eː ɛ ɛː f ɡ h i iː k l l̥ m m̥ mʷ m̥ʷ n n̥ ɲ ɲ̥ ŋ ŋ̥ o ø oː œ ɔ ɔː p ɸ ɹ s t t̠ʃ ʈ u uː w ʍ x y θ
40	kali1299	a aː e̞ e̞ː ɡɣ h i iː k l m mb n nd ŋ ŋɡ o̞ o̞ː p r ɾ s t u uː ʍ ʔ β
41	adze1240	a aː b d dz f ɡ h i iː j kʰ m n ŋ o oː pʰ r s tʰ tsʰ ɯ ɰ ʔ
42	maor1246	ɑ ɑː ɛ ɛː f h i iː k m n ŋ o̞ oː p ɾ t u uː w
43	hawa1245	a aː eː ɛ h i iː k l m n o oː p s u uː w ʔ
44	anta1253	a aː i iː j k l l̻ ɭ m n n̻ ɳ ŋ p ɻ ɾ t t̻ ʈ uː ʊ w
45	nyan1301	a aː eː iː ɪ j k l l̻ ɭ m n n̻ ɳ ŋ ŋʷ p r ɻ t t̻ ʈ uː ʊ w xʷ ʔ
46	kunj1245	a c cʰ ð ɛ f ɣ ɪ j k kʰ l m n n̻ ɲ ŋ o̞ p pʰ r̥ ɻ t t̻ tʰ t̻ʰ ʊ w
47	mara1386	a æ ə i j k kː l m mː n nː ɲ ŋ p pː r ɹ t tː t̠ʃ t̠ʃː ʊ w
48	maun1240	a ɛ ɣ i j k l ɭ m n n̻ ɳ ŋ ɔ p r ɻ ɽ t t̻ ʈ u w ʔ
49	nung1290	aː æ ɐ c̟ ɪ j k l l̪ ɭ m n n̪ ɲ̟ ɳ ŋ p r ɻ t t̪ ʈ ɯ̞ w
50	alaw1244	a c̟ e̞ e̞ː ɪ j k l ɭ ʎ̟ m mb n nd ɲ̟ ɲ̟ʝ̟ ɳ ɳɖ ŋ ŋɡ p ɹ ɾ t ʈ ɯ̞ w ʔ
51	wikm1247	a aː c̟ ɛ ɛː i iː j k l m n ɲ̟ ŋ ɔ ɔː p r t ʊ ʊː w ʔ
52	nucl1632	a̟ e ə ɛ f h i j k m n ɔ p ɺ t u w
53	kwom1262	a e ɛ h i ɨ j k kʷ m mb mbʷ mʷ n nd n̠d̠ʒ ɲ ŋɡ ŋɡʷ o̞ ɸ ɸʷ ɾ s ʃ t t̠ʃ u w ʔ β
54	tamn1235	a e f i ʝ k m n ɔ p pʷ ɾ s ʃ t t̠ʃ u w θ
55	tele1256	˥ ˧ a aː b d ɛː f ɡ h i iː j k kʷ l m n ŋ ɔː p s t u uː w ʔ
56	gads1258	˥ ˧˩ ˩ ˩˨ a̟ː d eː ɜ i j k m n oː p t̻ u ʔ β
57	awiy1238	˥ ˥˩ ˩ aː e ə i j k m mː n nː o̞ p ɾ t u w ʔ
58	kuni1267	a b d̪ e ɡ ɢ i k l m n ŋ p ɽ s t u ʊ z β̞
59	sele1250	a ɛ h i j kʰ l m mb n nd ŋ ŋɡ o ɶ̝ pʰ ɾ s tʰ u w
60	naas1242	a aː b ɛ ɛː i iː k m n o oː p ɾ t u uː ʔ
61	aleu1260	a aː ð f ɣ h i iː j j̥ k l l̥ m m̥ n n̥ ŋ ŋ̥ p q r ʁ ʃ t t̠ʃ u uː v w ʍ x ʒ ʔ β χ
62	kala1399	a aː fː ɣ h i ɪː ʝ k kː l ɬː m mː n nː ɴ ɴː ŋ ŋː p pː q qː ʁ s̻ s̻ː ʃ ʃː t tː tːs u ʊː xː ʔ β χː
63	chip1261	˥ ˥˦ ˩ ˩˨ a ã aː ãː ð e ɛ ɛ̃ ɛː ɛ̃ː ɣ ɣʷ h i ĩ iː ĩː j k kʷ kʷʼ kx kxʷ kʼ l l̥ m n o p r s ʃ t tɬ tɬʰ tɬʼ ts tsʰ tsʼ t̠ʃ t̠ʃʰ t̠ʃʼ tx tʼ t̪θ t̪θʰ t̪θʼ u ũ uː ũː x xʷ z ʔ θ
64	tolo1259	a ã aː ãː e̞ e̞ː ə ɣ h i ĩ iː ĩː j k kʷ kʷʼ kʼ l ɬ m mˀ n nˀ p s ʂ ʃ t tʰ tsʼ t̠ʃ t̠ʃʰ t̠ʃʼ tʼ ʈʂʼ u ũ uː ũː w x xʷ ʔ
65	hupa1239	a aː c cʰ cʼ e̞ e̞ː h hʷ ɪ j k kʰ kʼ l ɬ m n ŋ o̞ o̞ː p q qʰ qʼ s̻ ʃ t tʰ tɬʼ t̻s̻ t̻s̻ʰ t̻s̻ʼ t̠ʃ t̠ʃʷʰ t̠ʃʷʼ t̠ʃʼ tʼ w x xʷ ʔ
66	nava1243	˥ ˩ a ã aː ãː ɛ ɛ̃ ɛː ɛ̃ː ɣ h hʷ iː ĩː ɪ ɪ̃ j k kʰ kʷʰ kʼ l ɬ m n oː õː ɔ ɔ̃ p s ʃ t tʰ tɬ tɬʰ tɬʼ ts tsʰ tsʼ t̠ʃ t̠ʃʰ t̠ʃʼ tʼ w x xʷ z ʒ ʔ ˀj ˀm ˀn
67	nort2938	a c ç cʰ cʼ dl h i j k kʰ kʷ kʷʰ kʷʼ kʼ l ɬ m n ŋ p pʰ q qʰ qʷ qʷʰ qʷʼ qʼ s t tʰ tɬʰ tɬʼ t̠ʃ t̠ʃʰ t̠ʃʼ tʼ ʊ w x xʷ ʔ ˀj ˀl ˀm ˀn ˀŋ ˀw χ χʷ
68	squa1248	a aː e eː ə h j k kʷ kʷʼ kʼ l m n o oː p pʼ q qʷ qʷʼ qʼ s ʃ t tɬ tɬʼ ts tsʼ t̠ʃ t̠ʃʼ tʼ w xʷ ʔ χ χʷ
69	stra1244	a aː b d dz d̠ʒ eː ə ɡ ɡʷ h ɪ j k kʷ kʷʼ kʼ l ɬ m n p pʼ q qʷ qʷʼ qʼ s ʃ t tɬʼ ts tsʼ t̠ʃ t̠ʃʼ tʼ ʊ ʊː w xʷ ʔ χ χʷ
70	nuuc1236	a aː ɛ ɛː h ħ i iː j k kʷ kʷʼ kʼ ɬ m n o oː ɔ ɔː p pʼ q qʷ qʷʼ qʼ s ʃ t tɬ tɬʼ ts tsʼ t̠ʃ t̠ʃʼ tʼ w x xʷ ʔ ʔˤ ˀj ˀm ˀn ˀw χ χʷ
71	kwak1269	a aː æ b ç cʰ cʼ d dl dz ə ɡʷ ɢ ɢʷ h ħ i iː j ɟ kʷʰ kʷʼ l l̩ ɬ m m̩ n n̩ ɔ pʰ pʼ qʰ qʷʰ qʷʼ qʼ s tʰ tɬʰ tɬʼ tsʰ tsʼ tʼ u uː w xʷ ʔ ˀj ˀl ˀm ˀn ˀw χ χʷ
72	east2542	a aː ãː ɛː ɛ̃ː iː ĩː ɪ k k͈ː l m n oː õː p p͈ː s s͈ː ʃ ʃ͈ː t t͈ː t̠ʃ t̠͈ʃː ʊ ʔ
73	unam1242	a aː ãː æː æ̃ː ə ə̃ː ɛ h hː i iː ĩː j k kː l lː m mː n nː ɔ ɔː ɔ̃ː p pː s ʃ t tː t̠ʃ t̠ʃː u uː ũː w wː x
74	wich1260	ɒ ɒː eː ɛ ɛː ɦ i j k kʰ kʷ kʷʰ kʼ n nː oː ɾˀ s sː sˀ t tːs tʰ ts tsʼ ʈʂʰ u w ʔ
75	lako1247	a ã e̞ ə̆ ɣ h i ĩ j k kʰ kʼ m n o p pʰ pʼ s sʼ ʃ ʃʼ t tʰ t̠ʃ t̠ʃʰ t̠ʃʼ tʼ u ũ w x xʼ z ʒ ʔ
76	sene1264	a aː æ æː b dz e eː ɛ̃ ɛ̃ː h i iː j k m n o̞ o̞ː ɔ̃ ɔ̃ː s̻ t u uː w ʔ
77	onei1249	a aː e̞ e̞ː ə̃ ə̃ː ɤ̞ ɤ̞ː h i iː j k l n s t t̠ʃ ɯ̃ ɯ̃ː ɰ ʔ
78	yuch1247	a ã aː ãː æ æ̃ æː æ̃ː b d dz d̠ʒ e ẽ̞ eː ẽ̞ː ɡ h i iː ɪ̃ ɪ̃ː j k kʰ kʼ l ɬ ɬʼ n o õ̞ oː õ̞ː p pʰ pʼ ɸ ɸʼ s sʼ ʃ ʃʼ t tʰ ts tsʰ tsʼ t̠ʃ t̠ʃʰ t̠ʃʼ tʼ u uː ʊ ʊ̃ ʊː ʊ̃ː w ʔ ˀj ˀl ˀn ˀw
79	alab1237	a aː b eː h ɪ j k l ɬ m n o oː p ɸ s t̪ t̠ʃ w ʔ
80	tuni1252	a b d e ɛ f ɡ h i j kʰ l m n o ɔ pʰ r s̻ ʃ tʰ t̠ʃʰ u w ʔ
81	nezp1238	a aː æ æː h iː ɪ j j̰ k kʼ l̻ l̻̰ ɬ m m̰ n n̰ ɔ ɔː p pʼ qʼ qχ s̻ t t̪ tʼ t̪ʼ ɯ̞ ɯː w w̰ x ʔ χ
82	nort2952	a ɓ cʰ cʼ ɗ e̞ h i ɨ j kʰ kʼ l m n o̞ pʰ pʼ s tʰ tʼ u w ʔ
83	copa1236	a b c̟ d ɛ ɤ̞̃ f ɡ h h̃ i j j̃ k l m n ɲ̟ ŋ o̞ p r ɾ s ʃ t ts t̠ʃ u w w̃ ʔ
84	papa1238	aː ɐ h i iː j k kː l ɬ m n p pː q qː s ʃ t tː ts t̠ʃ u uː w ʔ
85	taba1266	a ãː b d e̞ ẽ̞ː ə ə̃ː f ɡ h i ĩː j k kʼ l m n o̞ õ̞ː p pʼ r ɾ s ʃ t ts tsʼ t̠ʃ t̠ʃʼ tʼ u ũː w ʔ
86	tzel1254	a b d e̞ f ɡ h ɪ j kʰ kʼ l m n o̞ p pʼ r ɾ s ʃ t ts tsʼ t̠ʃ t̠ʃʼ tʼ ʊ w ʔ
87	pure1242	a b d ɛ f ɡ h i ɨ˞ j k͉ kʰ l ɭ m n ɲ o p͉ pʰ s ʃ t͉ tʰ t͉s tsʰ t̠ʃ͉ t̠ʃʰ u w x ʔ
88	karo1304	˥ ˥˦ ˩ a ã aː eː ɛ f fː h i ĩ iː j k kː m mː n nː oː p pː ɾ s s̻ sː s̻θ ʃ ʃː t tː t̠ːʃ t̠ʃ ʊ ʊː x xː ʔ β̞
89	sout2982	a aː b d ə ɛ ɛː f h ɪ ɪː j k kʼ l m n ɔ ɔː p pʼ q qʼ ɾ s ʃ t t̪ ts tsʼ tʼ t̪ʼ ʊ ʊː w x ʔ χ
90	kumi1248	a aː eː ə ɪ j k kʷ l l̻ ɬ ɬ̻ m n n̪ ɲ̟ oː ɔ ɔː p q r ɹ s s̪ t t̪ t̠ʃ ʊ w x xʷ ʔ β
91	zuni1245	a aː ɛ ɛː h i iː j jː kʰ kʰː kʷʰ kʷʰː kʷʼ kʷʼː kʼ kʼː l lː ɬ ɬː m mː n nː ɔ ɔː p pː pʼ pʼː s sː ʃ ʃː t tː tsʰ tsʰː tsʼ tsʼː t̠ʃʰ t̠ʃʰː t̠ʃʼ t̠ʃʼː tʼ tʼː u uː w wː xh ʔ ʔː
92	sout2961	˥ ˧ ˩ ɑ ɑ̃ b d e ẽ ə ə̃ ɡ h i ĩ j k kʷ kʷʼ kʼ l ɬ m n o õ p pʰ pʼ r s t tʰ t̠ʃ tʼ u ũ w x xʷ ʔ
93	tewa1260	˥ ˥˦ ˧ ˩ a̟ ã̟ a̟ː ã̟ː æː b d d̠ʒ e̞ eː ɛ ɛ̃ ɛ̃ː ɡ h hʷ i ĩ iː j k kʷ kʷʼ kʼ m n nʲ ŋ o̞ oː p pʼ ɸ ɾ s ʃ t tʲ ts tsʼ t̠ʃ t̠ʃʼ tʼ u ũ uː ũː w ʔ β θ χ χʷ
94	luis1253	a aː ð e̞ e̞ː h ɪ ɪː ɨ j k kʷ l m n ŋ o̞ o̞ː p qʰ qʷʰ ɾ s ʂ ʃ t t̠ʃ ʊ ʊː w x xʷ ʔ β
95	hopi1249	a ă aː a̟ː ɛ ɛ̆ ɤ ɤː h ʰk ʰkʷ ʰp ʰq ʰt ʰts i ĭ iː j j̥ k kʷ l l̥ m m̥ n n̥ ɲ ŋ ŋ̥ ŋʷ ø øː oːu ou p q s t ts ŭ ɯ̆ v w ʍ y̆ ʐ͇ ʔ
96	toho1245	a aː h i iː ɨ ɨː j k k͉ m n ɲ̟ ɔ ɔː p p͉ ɺ s ʂ t t͉ t̠ʃ t̠ʃ͉ ʈ͉ u uː w ʔ
97	mezq1235	˥ ˩ ˩˨ a ã æ æ̃ b ɓ d ɗ e ə ɡ ɡʷ h i ĩ ɨ j j̥ jˀ k kʰ kʷ kʷʼ kʼ l m m̥ mˀ n n̥ nˀ o ɔ p pʰ pʼ ɸ ɾ s ʃ t tʰ tsʼ t̠ʃ t̠ʃʼ tʼ u ũ w wˀ ʍ x xʷ z ʔ
98	cent2144	˥ ˥˦ ˩ a ã ɓ ɗ e ẽ ə ə̃ ɛ ɡ ɡʷ h i ĩ j j̥ k kʰ kʷ kʷʰ kʷʼ kʼ l m m̥ n n̥ ɲ ɲ̥ o õ ɔ p pʰ r s sʰ sʼ ʃ t tʰ ts tsʰ tsʼ t̠ʃ t̠ʃʰ t̠ʃʼ tʼ u ũ ʌ w ʍ z ʒ ʔ ˀj ˀm ˀɲ ˀw
99	chiq1250	˥ ˦ ˨ ˩ a ã b ð ɛ ɛ̃ ɣ h i ĩ j k l m n nd ndz n̠d̠ʒ ɲ̟ ɳɖʐ ŋɡ o õ p r ɾ s ʂ t ts t̠ʃ ʈʂ ʔ β
100	sanm1295	˥ ˧ ˩ a ã ð e ẽ ɣ h i ĩ k kʷ l m n ɲ ŋ o õ p r s ʃ t t̠ʃ u ũ ʒ ʔ β
101	chac1249	ɑ b c d ɛ ɡ h i j ɟ k l ʎ̟ m n ɲ̟ ŋ p ɸ r s ʃ t ts t̠ʃ ʊ w ʔ
102	paez1247	a ã çʲ ə̆ ɛ ɛ̃ ɣ h i ĭ ĩ j k m mb n nd ndʲ nz n̠ʒ ɲ ŋɡ p ɸʲ ɺ ɺʲ ɾ s ʃ ʃʲ t tʲ ts t̠ʃ u ũ w ʔ β
103	iton1250	a b d e h i ɨ j k kʼ l m n o p ɾ s t tʲ t̠ʃ t̠ʃʼ tʼ u w ʔ
104	sout2991	a ð ɛ ɣ h ɪ j k kʰ kʼ l ʎ m n ɲ ɔ p pʰ pʼ ɸ q qʰ qʼ r ɾ s ʃ t tʰ t̠ʃ t̠ʃʰ t̠ʃʼ tʼ ʊ w ʔ β
105	jaqa1244	a aː c cʰ cʼ i iː j k kʰ kʼ l ʎ m n ɲ ŋ p pʰ pʼ q qʰ qʼ ɾ s ʃ t tʰ ts tsʰ tsʼ t̠ʃ t̠ʃʰ t̠ʃʼ tʼ ʈʂ ʈʂʰ ʈʂʼ ɯ ɯː w x
106	mapu1245	a ɛ i j k l l̪ ʎ m n n̪ ɲ ŋ ɔ p ɸ ɻ s t t̪ t̠ʃ ʈʂ u ɯ w θ
107	isla1278	a ã b d e̞ ẽ̞ ɛː ɤ̞ ɤ̞̃ f ɡ h i ĩ j k l m n ɔː p ɾ s t t̠ʃ u ũ ɰ w
108	wapi1253	a ã aː bˀ d dˀ ɡ h i ĩ iː ɨ ɨ̃ ɨː kʰ m ɲ̟ pʰ ɾ s ʃ tʰ t̠ʃʰ u ũ uː w ʐ ʔ
109	wayu1243	a ã aː ə ə̃ əː ɛ ɛ̃ ɛː h ʰk ʰp ʰt ʰt̠ʃ i ĩ iː j k kː m mː n nː ŋ ɔ ɔ̃ ɔː p pː r ɺ ɺː s sː ʃ ʃː t tː t̠ʃ t̠ʃː u ũ uː w ʔ
110	asha1243	a c̟ e h i j k m n ɲ̟ o p ɾ s ʃ t ts t̠ʃ w ʔ β
111	igna1246	a b d ɛ f h i j k l m n ɲ̟ ŋ p ɾ s ʃ t ts t̠ʃ u w ʔ β
112	yane1238	a aː e eː ɣ j k lʲ m mʲ n ɲ o oː p pʲ ɾ s ʃ t tsʰ t̠ʃʰ t̠ʃʲʰ ʈʂʰ w x ʐ ʔ β
113	shua1257	a ã i ĩ j k m n ɲ̟ p pʼ ɾ s ʃ t ts t̠ʃ u ũ ɯ ɯ̃ w x ʔ
114	waim1255	˥ ˩ a ã b d ɛ ɛ̃ ɡ h i ĩ ɨ ɨ̃ j k o õ p ɾ s t u ũ w
115	ticu1245	˥ ˥˦ ˦ ˦˧ ˦˩ ˧ ˧˩ ˨ ˩ a ã b d d̠ʒ e̞ f ɡ i ĩ ɨ ɨ̃ k kʷ m n ɲ ŋ o̞ õ̞ p ɾ s t t̠ʃ u ũ w ʔ
116	gali1262	ɐ ɐː b d e̞ː ɛ ɡ h i iː j k m n ŋ o̞ o̞ː p ɾ s t u uː ɯ ɯː w ʔ β
117	ocai1244	˥ ˩ a ã b dʲ dz d̠ʒ ɛ ɡ h i ĩ k m mː n nː ɲ ɲː o̞ õ̞ p ɸ ɾ s ʃ t tʲ ts t̠ʃ ɯ ɯ̃ w x ʒ ʔ β
118	siri1273	a ã b e ẽ h i ĩ j k kʲ m n ɲ̟ ŋ o õ p ɾ s ʃ t t̠ʃ u ũ w z̞̩ˠ z̞̩̃ˠ
119	para1311	a ã ð e ẽ f ɣ ɣʷ i ĩ ɨ ɨ̃ k kʷ l ʎ m n ɲ ŋ ŋʷ o õ p r ɾ s s̻ t t̠ʃ u ũ v x xʷ ʔ
120	amah1246	a ã h ɪ ɪ̃ j k m n o õ p ɾ s t t̠ʃ ɯ ɯ̃ w x ʔ θ
121	chac1251	a ɣ h i ɨ j k m n o̞ p ɾ s ʂ ʃ t ts t̠ʃ w ʔ β
122	apin1244	a ã aː ãː e eː ə ɛ ɛ̃ ɛː ɛ̃ː ɤ ɤː h i ĩ iː ĩː k mb nd ɲɟ ŋɡ o õ oː õː ɔ ɔː p ɽ s t t̠ʃ u ũ uː ũː ɯ ɯ̃ ɯː ɯ̃ː v ʌ ʌ̃ ʌː ʌ̃ː ʒ ʔ
123	tari1263	a b b͈ː d d͈ː dˤ ə f f͈ː ɡ ɡ͈ː ɣ ɣ͈ː h ħ ħ͈ː i j k k͈ː kˤ l l͈ː lˤ m m͈ː n n͈ː r r͈ː rˤ s s͈ː sˤ ʃ ʃ͈ː t t͈ː tˤ u w x x͈ː z z͈ː zˤ ʒ ʒ͈ː ʕ
124	haus1257	˥ ˥˦ ˩ aː b ɓ d d̠ʒ ɗ e̞ e̞ː ə ɡ ɡʲ ɡʷ h iː ɪ j jˀ k kʲ kʲʼ kʷ kʷʼ kʼ l m n o̞ o̞ː ɸ ɸʲ r ɾ s sˀ ʃ t t̠ʃ uː ʊ w z ʔ
125	ngas1240	˥ ˧ ˩ a aː b ɓ cʰ d d̠ʒ ɗ e ɛ ɜɪ̯ f ɡ ɣ h iː ɪ̠ ɪ̈ː j ɟ ʄ kʰ l m n ɲ ŋ o pʰ r s ʃ tʰ t̠ʃʰ u uː v w z ʒ ʔ
126	marg1265	˥ ˩ a b ɓ c ç d dz d̠ʒ ɗ ə ɛ f ɡ ɣ i j ʝ ɟ k l ɬ ɮ m n ɲ ŋ ɔ p r s ʃ t ts t̠ʃ u v ⱱ w x z ʒ ʔ
127	soma1255	˥ ˩ aː æ æː b bː d dː ᶑ ᶑː e eː ə ɛ ɛː f ɡ ɡː ɢ ɢː h ħ i iː ɪ ɪː j kʰ l lː m n nː ɔ ɔː ɵ̞ ɵ̞ː rː ɾ s ʃ tʰ t̠ʃ ʊ ʊ̈ ʊː ʊ̈ː w x ʔ ʕ
128	awng1244	˥ ˥˩ ˧ ˩ a æ b dz d̠ʒ ɖ e̞ f ɡ ɡʷ ɢ ɢʷ i ɨ j k kʷ l m n ŋ ŋʷ o̞ p q qʷ ɾ s ʃ t ts t̠ʃ u w z
129	iraq1241	˥ ˥˩ ˩ a ɑː b ɓ d ɗ eː ə ɛ f ɡ ɡʷ h ħ iː ɪ j k kʷ l ɬ m n ŋ ŋʷ oː ɔ ɵ p q qʷ r s sː ʃ t tɬʼ tsʼ uː ʊ w x xʷ ʔ ʕ
130	tigr1270	a̟ː b bː d dː d̠ʒ d̠ʒː e̞ː ə ɜ f fː ɡ ɡː h ħ iː j jː kː kʰ kʼ kʼː l lː m mː n nː o̞ː r rː s sː ʃ ʃː tː tʰ tsʼ tsʼː t̠ʃː t̠ʃʰ t̠ʃʼ t̠ʃʼː tʼ tʼː uː w z zː ʒ ʒː ʔ ʕ
131	amha1245	a b bː d dː d̠ʒ d̠ʒː e ə f fː ɡ ɡː ɡʷ h hʷ i ɨ j k kː kʷ kʷʼ kʼ kʼː l lː m mː n nː ɲ ɲː o p pʼ rː ɾ s sː sʼ sʼː ʃ ʃː t tː t̠ʃ t̠ʃː t̠ʃʼ t̠ʃʼː tʼ tʼː u w z zː ʒ ʒː ʔ
132	egyp1253	a̟ æː b bː d ð dː d̠ʒ dˤ ðˤ dˤː eː ə f fː ɡ ɡː h ħ hː ħː iː ɪ j jː k kː l lː m mː n nː oː p q qː rː ɾ ʁ ʁː s sː sˤ sˤː ʃ ʃː t tː tˤ tˤː uː ʊ v w wː z zː zˤ zˤː ʔ ʔː ʕ ʕː θ χ χː
133	moro1292	æ b bː bʷː bˤ bˤː d̪ d̪ː dˤ dˤː ə̆ f fː fʷː ɡ ɡː ɡʷ h ħ hː ħː ħʷ i j jː k kː kʷ kʷː l̪ l̪ː lˤ lˤː m mː mʷː mˤ mˤː n nː p q qː qʷ rː rˤː ɾ ɾˤ ʁ ʁː ʁʷ s̪ s̪ː sˤ sˤː ʃ ʃː t̪ t̪ː tˤ tˤː u v w wː z̪ z̪ː zˤ zˤː ʒ ʒː ʔ ʔː ʕ ʕː χ χː χʷ
134	malt1254	a aː b bː d dː dz dzː d̠ʒ d̠ʒː e̞ e̞ː f fː ɡ ɡː ħ ħː i iː j jː k kː l lː m mː n nː o̞ o̞ː p pː r rː s sː ʃ ʃː t tː ts tsː t̠ʃ t̠ʃː u uː v w wː z zː ʔ ʔː
135	hebr1245	a ə̆ ɛ f f͉ h ɪ j k k͉ l m n ŋ o p p͉ ʁ s s͉ ʃ ʃ͉ t t͉ ts t̠ʃ t̠ʃ͉ ʊ x ʔ
136	katc1250	˥ ˩ a b ɓ c d d̪ ɗ e ɛ f ɡ i j ɟ k l m n ɲ ŋ o ɔ r s t t̪ u w z ʔ
137	libe1247	˥ ˧ ˩ a ã æː b b̩ d d̩ ɛ ɛ̃ f ɡ ɡ̩ ɡb ɡb̩ ɡ̩ʷ ɣ̩ i ĩ ɪ ɪ̃ k kp kʷ m m̩ n n̩ ɲ ɲ̩ ŋ ŋ̩ ŋʷ ŋ̩ʷ ɔ ɔ̃ p ɾ s t u ũ ʊ v v̩ z z̩
138	nucl1347	a aː b bː c d e eː ɛ ɛː f ɡ i iː j ɟ ɟː k l lː m mː n nː ɲ ŋ ø oː ɔ ɔː p qχ ɾ s t u uː w ʔ χ
139	dagb1246	˥ ˩ a aː b d d̠ʒ eː ə f ɡ ɡb i iː iɛ j k kp l m n ɲ ŋ ŋm oː p s ʃ t t̠ʃ u uː uɔ v w z ʒ
140	akan1250	˥ ˧ ˩ a ã b ç cçʰ cçʷʰ çʷ d e f ɡ h i ĩ ɪ ɪ̃ j ɟʝ ɟʝʷ kʰ kʷʰ m̩ n̩ o øː œː ɔ pʰ r r̩ s tʰ u ũ ʊ ʊ̃ w
141	gaaa1244	˥ ˧ ˩ a̟ ã̟ b d d̠ʒ d̠ʒʷ e ɛ ɛ̃ f ɡ ɡb h i ĩ j kʰ kp l l̩ m n̩ ɲ ŋ ŋ̩ ŋm o ɔ ɔ̃ pʰ r̩ ɹ s ʃ ʃʷ tʰ t̠ʃʰ t̠ʃʷ u ũ ɥ v w z
142	ewee1241	˥ ˧ ˩ a ã b d̻ d̻z̻ e ẽ ɛ ɛ̃ f ɡ ɡb ħ i ĩ j kʰ kp l m m̩ n ɲ ŋ ŋ̩ o õ ɔ ɔ̃ pʰ ɸ ɾ s t̻ʰ t̻s̻ u ũ v w z ʕ β
143	nucl1417	˥ ˧ ˩ a ã b b̤ bʲ b̤ʲ ɓ ɓ̥ d d̤ d̠ʒ d̠ʒ̤ ɗ̥ e ẽ ɛ ɛ̃ f ɡ ɡ̤ ɡʷ ɡ̤ʷ ɣ h hʲ hʷ i ĩ j k kʰ kʷ kʷʰ l m m̩ n ɲ ŋ ŋʷ o õ ɔ ɔ̃ p pʰ pʲ pʲʰ ɾ ɾʲ s t tʰ t̠ʃ t̠ʃʰ u ũ ʊ ʊ̃ v w z
144	beem1239	˥ ˩ a ã aː ãː ɛ ɛ̃ ɛː ɛ̃ː f h i ĩ iː ĩː j kʰ l m n ɲ ɔ ɔ̃ ɔː ɔ̃ː p pf pfʰ pʰ s t tʰ ts tsʰ u ũ uː ũː v w
145	swah1253	a ɓ ð ɗ e f ɠ ɣ h i j ʄ k kʰ l m m̩ n n̩ ɲ ŋ o p pʰ r s ʃ t tʰ t̠ʃ t̠ʃʰ u v w z θ
146	luva1239	˥ ˦ ˨ ˩ a aː e eː f h i iː j k m mb n nd n̠d̠ʒ ɲ ŋ ŋɡ o oː p ɺ s ʃ t t̠ʃ u uː ʋ w z ʒ
147	zulu1248	˥ ˥˦ ˩ ɒ ɓ d̠ʒ ɛ f h ɦ i j k k͉ kʰ kʟ͓̥ʼ kʼ kǀ kǁ kǃ l ɬ ɮ m m̩ n n̩ ɲ̟ ɔ p pʰ pʼ s ʃ t tʰ tsʼ t̠ʃʼ tʼ u v w z
148	gbay1287	˥ ˩ a ã æ̃ b ɓ d ɗ e ɛ f ɡ ɡb h i ĩ j k kp l m mb n nd ŋ ŋɡ ŋm ŋmɡb o ɔ ɔ̃ p ɾ s t u ũ v ⱱ w z ʔ ˀm ˀn
149	koyr1242	a ã aː b bː d dː dʲ e ẽ e̞ː ɛ f ɡ ɡː h i iː j jː k kː l lː m mː n nː ɲ ŋ o õ oː p pː r rː s ʃ t tː tʲ u ũ uː w z ʒ
150	cent2050	˥ ˥˩ ˩ ˩˥ a̟ b d d̠ʒ e̞ f ɡ h i ɨ j k l ɭ m n ɲ ŋ o̞ p ɸ r s ʃ t t̠ʃ u w x z ʔ
151	lugb1240	˥ ˧ ˩ a ã b d̪ dz e ɛ ɜ f ɡ ɡb h i ɪ j k kp m n n̩ ɲ o o̯ ɔ p r ɺ s t̪ ts u ʊ v z ʔ ˀb ˀd̪ ˀj ˀo̯
152	nobi1240	˥ ˩ a aː b bː d dː d̠ʒ e̞ e̞ː f fː ɡ h i iː j jː k kː l lː m mː n nː ɲ ɲː o̞ o̞ː r rː s sː ʃ ʃː t tː t̠ʃ t̠ʃː u uː w wː
153	luok1236	˧ ˧˦ ˧˩ a æ ɒ b d d̪ð d̠ʒ e̞ f ɡ h i ɪ j kʰ l m n ɲ ŋ o̞ pʰ ɾ s ʃ tʰ t̠ʃʰ t̪θʰ u ʊ w ʔ
154	masa1300	˥ ˥˩ ˧ ˩ a aː ɓ ɗ e eː ɛ ɛː ɠ i iː ɪ ɪː j jː ʄ k l m n ɲ ŋ o oː ɔ ɔː p r̥ ɾ s ʃ t t̠ʃ u uː ʊ ʊː w wː
155	nama1265	˥˦ ˧˥ ˧˦ ˧˩ ˨ ˩˨ a̟ ã̟ c e f h i ɪ̃ k kxʰ kǀ kǁ kǂ kǃ l m n o p r s t tsʰ u ũ x ʔ
156	iris1253	a ã ɑː ɑ̃ː bʲ bʷˠ ç d d̪ d̠ʒ e̞ e̯ ẽ̞ eː ẽː ə̯ ɤ̯ ɡ ɡ̟ ɣ h iː ĩː ɪ ɪ̃ j kʰ k̟ʰ lˠ l̪ˠ l̥ˠ lʲ l̥ʲ ʎ mʲ mʷˠ n̪ nˠ n̥ˠ nʲ n̥ʲ ɲ ŋ o̞ õ̞ oː õː pʲʰ pʷˠʰ ɸ̃ ɸʷˠ ɾˠ ɾ̥ˠ ɾʲ ɾ̥ʲ s̻ ʃʲ tʰ t̪ʰ t̠ʃ uː ũː ɯ̞̯ ʊ ʊ̃ w x βʲ
157	bret1244	a̟ ɑ̃ː ɒː b cʰ d e̞ ə ɛː ɛ̃ː f ɡ i iː j ɟ kʰ l m n ɲ ŋ ø̞ o̞ oː øː pʰ r s̻ ʃ tʰ u uː ɥ v w w̃ x y yː z̻ ʒ
158	icel1247	a aː e eː ɛ ɛː f ɣ h i iː j j̥ k kʰ l l̥ m n n̥ ŋˑ ø øː œ œː ɔ ɔː p pʰ r r̥ s t tʰ u uː v ʍ θ
159	norw1259	˥˧˥ ˩˨ a aː æ æː b ç d̪ ɖ e̞ eː ə f ɡ h iː ɪ j kʰ l̪ l̪̩ ɭ ɭ̩ m m̥ n̪ ɳ ŋ ø̞ː o̞ː œ pʰ ɹ̩ ɾ s ʃ t̪ʰ ʈʰ u uː ʉ ʉː ʊ ʋ yː ʏ ʔ
160	stan1293	aː æ ɐ ɒ b d ð d̠ʒ e̞ ə əː f ɡ h iː ɪ j kʰ l m n ŋ o̞ː ɔ pʰ ɻ s ʃ tʰ t̠ʃ uː ʊ v w ʍ x z ʒ ʔ θ
161	stan1295	aː ɐ b d eː ə ɛ ɛː f ɡ h iː ɪ j kʰ l m n ŋ oː øː œ ɔ pf pʰ ʀ s ʃ tʰ ts uː ʊ v x yː ʏ z ʒ ʔ
162	stan1290	a̟ æ̃ ɒ ɒ̃ b d e ɛ ɛː f ɡ̟ ɦ i j k̟ l m n ɲ ŋ o õ ø ø̞ œ œ̃ ɔ p r ʀ s ʃ t u ɥ v w y z ʒ
163	port1283	a ɐ̃ b d̪ e ĕ ẽ ɛ f ɡ i ĭ ĩ j k l ʎ m ɱ n ɲ ŋ o õ ɔ p ɾ s ʃ t̪ u ŭ ũ v w x z̪ ʒ
164	stan1288	a ð͉ e̞ f ɣ i j k l ʎ m n ɲ o̞ p r ɾ s t t̠ʃ u w x β θ
165	roma1327	a b d d̠ʒ e ə ɛ̯ f ɡ h i ɨ j k l m n o ɔ̯ p ɾ s ʃ t ts t̠ʃ u v w z ʒ
166	russ1263	a̟ b bʲ d d̻ʲ ɛ f fʲ ɡ i j k kʲ lˠ lʲ m mʲ n n̻ʲ o̞ p pʲ r rʲ s sʲ ʃˠ t t̻ʲ ts t̠ʃʲ u v vʲ x z zʲ ʒˠ
167	bulg1262	ɑ ɑ̃ b bʲ d dʲ dz d̠ʒ ɛ ɛ̃ ɤ ɤ̃ f fʲ ɡ ɡʲ i ĩ j kʰ kʲʰ lˠ lʲ m mʲ n nʲ ɔ ɔ̃ pʰ pʲʰ r rʲ s sʲ ʃ tʰ tʲʰ ts tsʲ t̠ʃ u ũ v vʲ x z zʲ ʒ
168	lith1251	a aː æ æː b bʲ d dʲ dz d̠ʒʲ eː ɡ ɡ̟ iː ɪ j k k̟ lˠ lʲ m mʲ n ɲ oː ɔ p pʲ r rʲ s sʲ ʃ ʃʲ t tʲ ts tsʲ t̠ʃʲ uː ʊ v vʲ x z ʒ ʒʲ
169	tosk1239	a b cç d ð dz d̠ʒ e̞ ə f ɡ h i j ɟʝ k l lˠ m n ɲ̟ o̞ p r s ʃ t ts t̠ʃ u v y z ʒ θ
170	mode1248	ɑ b d ð dz ɛ f ɡ ɣ i j k l m n ɔ p ɾ s t ts u v x z θ
171	nucl1235	a ə ə̯ f h i ie̞ j k kʰ kʼ l m n o̞ p pʰ pʼ r ʁ̞ s ʃ t tʰ ts tsʰ tsʼ t̠ʃ t̠ʃʰ t̠ʃʼ tʼ u v z ʐ͇ ʒ χ
172	west2369	a̟ ɑ b d d̠ʒ e f ɡ ɢ h i j kʰ l m n o pʰ r s ʃ tʰ t̠ʃ u v w z ʒ ʔ χ
173	cent1973	a ɑː b d dz d̠ʒ ɖ e̞ː ə f ɡ h i j k l m n ɳ o̞ː p r r̠ ʁ s ʂ ʃ t ts t̠ʃ ʈ u w z ʐ ʒ β χ
174	kash1277	a ã aː ãː b d dz d̠ʒʲ ɖ e ẽ eː ẽː ə ə̃ əː ə̃ː ɡ ɦ i ĩ iː ĩː ɨ ɨ̆ ɨ̃ ɨː ɨ̃ː j k kʰ l m n o õ oː õː p pʰ r s ʃʲ t tʰ ts tsʰ t̠ʃʲ t̠ʃʲʰ ʈ ʈʰ u ũ uː ũː w
175	panj1256	˦˥ ˧ ˩ a ã æ æ̃ ɒ ɒ̃ b bː d̻ d̻ː d̠ʒ d̠ʒː ɖ ɖː e̞ ẽ̞ ə ə̃ f ɡ ɡː ɦ i ĩ ɪ ɪ̃ j k kː kʰ kʰː l̻ l̻ː ɭ m mː n̻ n̻ː ɲ ɳ ŋ o̞ õ̞ p pː pʰ pʰː r ɽ s̻ s̻ː ʂ t̻ t̻ː t̻ʰ t̻ʰː t̠ʃ t̠ʃː t̠ʃʰ t̠ʃʰː ʈ ʈː ʈʰ ʈʰː u ũ ʊ ʊ̃ w z̻
176	hind1269	aː ãː æe̯ æẽ̯ ɑ b b̤ bː b̤ː d̪ d̪̤ d̪ː d̪̤ː d̠ʒ d̠ʒ̤ d̠ʒː d̠ʒ̤ː ɖ ɖ̤ ɖː ɖ̤ː eː ẽː ɜ ɜ̃ f fː ɡ ɡ̤ ɡː ɡ̤ː ɦ iː ĩː ɪ ɪ̈ ɪ̃ j jː k kː kʰ kʰː l l̤ lː m m̤ mː n̪ n̪̤ n̪ː oː õː ɔ̤ ɔo̯ ɔõ̯ p pː pʰ pʰː q qː r rː ɽ̃ ʁ s sː ʂ ʃː t̪ t̪ː t̪ʰ t̪ʰː t̠ʃ t̠ʃː t̠ʃʰ t̠ʃʰː ʈ ʈː ʈʰ ʈʰː uː ũː ʊ ʊ̃ ʋ ʋː z zː ʒ ʔ χ
177	beng1280	a ã æ æ̃ b b̤ ç d d̤ d̠ʒ d̠ʒ̤ ɖ ɖ̤ e̞ e̯ ẽ̞ ɡ ɡ̤ h ɪ ɪ̃ j k kʰ l l̤ m m̤ n n̤ ŋ o õ o̞ o̯ ɔ ɔ̃ p pʰ ɽ ɽ̤ ɾ ɾ̤ s t tʰ t̠ʃ t̠ʃʰ ʈ ʈʰ ʊ ʊ̃ w
178	sinh1246	a a̟ aː ãː æː æ̃ː b bː cç cçː d dː ɖ ɖː e̞ eː ə əː ɡ ɡː ɦ iː ɪ j ɟʝ ɟʝː k kː l lː m mː n nː ɲ ɲː ŋ o̞ oː p pː ɸ ɾ s sː ʃ t tː ʈ ʈː uː ʊ ʋ
179	basq1248	a b c d e̞ f ɡ ɪ ɟ k l ʎ m n ɲ o̞ p r ɾ s̻ ʂ ʃ t t̻s̻ t̠ʃ ʈʂ u χ
180	finn1318	a aː æ æː b d e̯ eː ɛ f ɡ h i iː k kː l lː m mː n nː ŋː o ø oː øː p pː r rː s sː ʃ t tː u uː v y yː ʔ
181	east2328	ð ə ə̥ ɛ f ɣ i j k l ʎ m n ɲ ŋ o ø̞ p pʲ ɾ s sʲ ʃ t tʲ ts t̠ʃ u ʌ x y z ʒ β
182	komi1268	a b c ç cç d d̠ʒ e̞ ə f ɡ i ɨ j ʝ ɟ ɟʝ k l ʎ m n ɲ o̞ p r s ʃ t ts t̠ʃ u v x z ʒ
183	hung1274	aː æ ɒ b bː cç cçː d dː dz dzː d̠ʒ eː ɛ f fː ɡ ɡː h hː i iː j jː ɟʝ ɟʝː k kː l lː m mː n nː ɲ ɲː o ø oː øː p pː r rː s sː ʃ ʃː t tː ts tsː t̠ʃ t̠ʃː u uː v vː w y yː z zː ʒ ʒː
184	khan1273	a æ ɒ̆ c e̞ ĕ̞ ɣ i j kʰ l ɭ ʎ m n ɲ ɳ ŋ o̞ ŏ̞ ɵ̞ ɵ̞̆ p r s ʃ tʰ ʈʂ u ʉ ɯ w
185	nene1249	a ă e̞ i ĭ j k l lʲ m mʲ n nʲ ŋ o̞ p p͉ pʲ p͉ʲ r rʲ s sʲ t t͉ tʲ t͉ʲ ts tsʲ u ŭ w x ʔ
186	nucl1301	a aː b cʰ d d̠ʒ ɛ ɛː f ɡ h i iː j ɟ kʰ l ʎ m n o̞ o̞ː œ œː pʰ ɾ s ʃ tʰ t̠ʃʰ u uː ɯ ɯː v y yː z ʒ ʔ
187	nort2697	a̟ ɑ c cʰ d̠ʒ ɛ f ɣ h ɪ j k kʰ l m n o ø p pʰ s ʃ t tʰ t̠ʃ ɯ̞ ʊ v x ʏ z z͇ ʒ ʔ
188	kirg1245	a ɒː ɛ ɛː f ɪ ɪ̈ ɪː ɪ̈ː j l m n ŋ o ø oː øː p pʰ q qʰ r s ʃ t tʰ ts t̠ʃ ʊ ʊː x y yː z β
189	chuv1255	ɑ b ç d e̞ f ɡ i j jː k l lː lʲ m mː n nː nʲ ø̞ o̞ ɔ̆ p r rː s ʃ t tʲ ts t̠ʃ u ɯ w wː x y z ʒ
190	yaku1245	a aː b d d̠ʒ d̠ʒː ɛ ɛː f ɡ i iː j j̃ k kː l lː m mː n nː ɲ ɲː ŋ ŋː œ œː ɔ ɔː p pː r s sː ʃ t tː t̠ʃ t̠ʃː u uː ɯ ɯː v y yː z ʒ
191	halh1238	ɑ ɑː b d dz d̠ʒ e eː ɡ i ɪː j kʰ l l̥ m n o̞ː ɔ ɔː ɵ̞ ɵ̞ː pʰ ɸ r s ʃ tʰ tsʰ t̠ʃʰ ʉ ʉː ʊ x β
192	even1260	a aː b d d̠ʒ ɛ ɛː ɡ iː i̙ː iæ ie ioː ɪ ɪ̙ j k l m n ɲ ŋ o ɔ ɔː p r s t t̠ʃ u uː ʊ̙ ʊ̙ː z β
193	nort2745	a̟ a̟ː b c d ɛ ɛː ɡ ɪ ɪː j ɟ k l lˠ m n ɲ ŋ o̞ o̞ː ɵ̞ ɵ̞ː p q r ʁ s t u uː w
194	gily1242	æ æː b c d ɤ f ɡ ɢ ɣ h iː ie̞ ɪ j ɟ k kʰ l m n ɲ ŋ o̞ o̞ː p pʰ q qʰ r r̥ ʁ s sʲ t tʰ t̠ʃʰ u uː ʋ w x z χ
195	chuk1273	a e ə̆ ɛ ɣ ɪ j k ɬ m n ŋ o p q sʲ t ts u w ʐ͇ ʔ
196	ainu1240	a ɛ h i j k m n ɔ p r s t t̠ʃ u w ʔ
197	nucl1643	˥ ˧ a aː b çː d d̠ʒ ɛ ɛː ɡ h i iː j k kː m n ŋ ɔ ɔː p pː ɾ s sː ʃ ʃː t tː tsː t̠ʃ t̠ʃː ɯ ɯ̃ ɯː w z ʔ
198	afad1236	a̟ ɑ b ɓ cʼ d ɗ e ɛ ɤ f ɡ ɡb h i j ɟ k kp kʼ l ɬ m n o ɔ p pfʼ r s ʃ t t̪θʼ u w ʔ
199	achu1247	a d̠ʒ e̞ ə h i j k l m n̪|n o̞ p q R̪|R s ʃ t u w x ʔ χ
200	adze1240	a aː b d̪|d d̪z̪|dz f ɡ h i iː j kʰ m n̪|n ŋ o̞ o̞ː pʰ r̪|r s̪|s t̪ʰ|tʰ t̪s̪ʰ|tsʰ ɯ ɰ ʔ
201	east2379	a bⁿ dⁿ d̠ⁿ d̪ⁿ ɖⁿ ɡⁿ i j k l l̠ l̪ ɭ m n n̠ n̪ ɳ ŋ p ɻ ɾ t t̠ t̪ ʈ u ɰ w
202	amel1241	æ b d ɛ f ɡ ɡb h i ʝ k l m n ɔ s t u w ʔ
203	anga1290	a aː ai au e̞ ə̆ i j k m n ɲ ŋ o̞ p ɺ t t̠ʃ u w ʔ
204	aghe1239	a ɒ b bv d dz d̠ʒ e ɛ f ɡ ɡb ɣ i ɪ j k kp l m n ɲ ŋ ŋm o ɔ s t ts t̠ʃ u ʊ w z ʔ
205	apro1235	a b ɓ c d e ɛ f ɡ ɡb i ɪ j ɟ k kp l m n ɲ ŋ o p s ʃ t u ɯ̞ v ʌ w z ʒ
206	ahte1237	a b d dɮ dz e̞ ɡ ɢ h i j j̥ kʰ kʼ ɬ ɮ m n ŋ o̞ qʰ qʼ ʁ s tʰ tɬʰ tɬʼ tsʰ tsʼ tʼ u ʍ z ʔ χ
207	ainu1240	a ɛ h i j k m n ɔ p ɾ s t t̠ʃ u w
208	akan1250	a ã b cç cçʷ çʷ d e ɛ f ɡ h i ĩ ɪ ɪ̃ j ɟʝ ɟʝʷ kʰ m n ɲ ɲʷ o ɔ pʰ r s tʰ u ũ ɥ ʊ ʊ̃
209	akaw1239	a ai au b d̪|d e̞ ə ɡ i ɨ j k m n̪|n o̞ ɔi p R̪|R s̪|s t̪|t u w z̪|z
210	alab1237	a b e h j k l̪|l ɬ̪|ɬ m n̪|n o p ɸ s t̪ t̠ʃ w
211	qawa1238	a ə f j k kʼ l m n o̞ p ɾ s t t̠ʃ t̠ʃʼ tʼ w x
212	alla1248	a ã b c d e ɛ ɛ̃ f ɡ ɡb h i ɪ j ɟ k kp l m n ɲ o ɔ ɔ̃ p ɾ s ʃ t u ɥ v w z ʒ
213	aleu1260	a ð ɣ h i j j̥ k l̪|l ɬ̪|ɬ m m̥ n̪|n n̪̥|n̥ ŋ ŋ̥ q ʁ ʃ t̪|t t̪s̪|ts u w ʍ x ʒ χ
214	alaw1244	a e̞ ɪ j k l l̠ ɭ m mb n n̠ nd n̠d̠ ɳ ɳɖ ŋ ŋɡ p r ɹ t t̠ ʈ ɯ̞ w
215	tosk1239	a b cç d̪ ð d̪z̪|dz d̠ʒ e̞ ə f ɡ h i j ɟʝ k l lˠ m n n̠ o̞ p r̪|r s̪ ʃ t̪ t̪s̪|ts t̠ʃ u v y z̪ ʒ θ
216	amah1246	a ã h ɪ ɪ̃ j k m n̪|n o̞ õ̞ p ɾ̪|ɾ s̪|s t̪|t t̠ʃ ɯ ɯ̃ w x ʔ θ
217	yane1238	a e ɣ j k lʲ m mʲ n ɲ o p pʲ ɾ̪|ɾ s ʃ t tsʰ t̠ʃʰ t̠ʃʲʰ ʈʂʰ w x ʐ ʔ β
218	hame1242	ɐˤ ɑ b ɓ c d ɗ e e̞ˤ ɡ ɠ h i ɪˤ j ɟ k l m n ɲ ŋ o ɔˤ p qʼ ɾ s ʃ t ts u ʊˤ w z
219	amha1245	a b d̪|d d̠ʒ e̞ ə f ɡ ɡʷ h hʷ i ɨ j k kʷ kʷʼ kʼ l̪|l m n̪|n ɲ o̞ p pʼ ɾ s̪|s s̪ʷ|sʷ ʃ t̪|t t̠ʃ t̠ʃʼ t̪ʼ|tʼ u w z̪|z ʒ
220	amoo1242	a ɐ b d d̠ʒ e ɛ f ɡ ɡb h i ɪ j k kp l m n ɲ ŋ o ɔ p r s ʃ t ts t̠ʃ u ʊ v w z
221	alam1246	a b d d̠ʒ ᴅ e̞ ə ɡ i ɨ j kʰ m n n̠ o̞ pʰ ɸ s ʃ tʰ t̠ʃ u w x
222	guer1243	a ã æ æ̃ ɒ ɒ̃ e̞ ẽ̞ h i j k kʲ kʷ l m mb n n̠ nd n̠d̠ ŋɡ o̞ õ̞ p r ɾ s ʃ t t̠ ts t̠ʃ u w ʔ β
223	ngas1240	a aː b bʲ ɓ c d d̠ʒ ɗ e ɛ ɜi f ɡ ɣ h iː ɪ ɨː j ɟ ʄ k l m mʲ n ɲ ŋ o p pʲ r s ʃ t t̠ʃ u uː v w z ʒ
224	ando1256	a̟ ã̟ ɑ̃ ɒ b d̪ d̠ʒ e̞ ẽ̞ ə ə̃ ɜ h i ĩ ɨ k o̞ õ̞ p ɸ r̪ t̪ t̠ʃ u ʔ
225	anta1253	a i j k l l̠ ɭ m n n̠ ɳ ŋ p ɻ ɾ t t̠ ʈ u w
226	apin1244	a ã e ɛ ɛ̃ ɤ i ĩ k mb nd ɲɟ ŋɡ o õ ɔ p ɽ s̪|s t t̠ʃ u ũ ɯ ɯ̃ v ʌ ʌ̃ ʒ ʔ
227	apuc1241	a æ b d̪|d d̠ʒ e̞ ɛ ɡ i j k l̪|l m n̪|n ɲ ŋ o̞ ɔ p ɹ̪|ɹ t̪|t t̠ʃ u w
228	arch1244	a aˤ b d̪|d d̪ʷ|dʷ e̞ e̞ˤ ɡ ɡʷ h ħ i iˤ j kː kʰ kʷː kʷʰ kʷʼ kʼ l̪|l ɬ̪|ɬ ɬ̪ː|ɬː ɬ̪ʷ|ɬʷ ɬ̪ʷː|ɬʷː ɮ̪|ɮ m n̪|n o̞ o̞ˤ pː pʰ pʼ qχ qχʷ qχʷʼ qχʷˤ qχʷˤʼ qχʼ qχʼː qχˤ qχˤː qχˤʼ R̪|R ʁ ʁʷ ʁʷˤ ʁˤ s̪|s s̪ː|sː s̪ʷ|sʷ s̪ʷː|sʷː ʃ ʃː ʃʷ ʃʷː t̪ː|tː t̪ʰ|tʰ t̪ɬ̪ʰ|tɬʰ t̪ɬ̪ʷʰ|tɬʷʰ t̪ɬ̪ʷʼ|tɬʷʼ t̪ɬ̪ʼ|tɬʼ t̪s̪ʰ|tsʰ t̪s̪ʷʰ|tsʷʰ t̪s̪ʷʼ|tsʷʼ t̪s̪ʼ|tsʼ t̪s̪ʼː|tsʼː t̠ʃʰ t̠ʃʷʰ t̠ʃʷʼ t̠ʃʼ t̠ʃʼː t̪ʷʰ|tʷʰ t̪ʼ|tʼ u uˤ w z̪|z z̪ʷ|zʷ ʒ ʒʷ ʔ ʕ χ χː χʷ χʷː χʷˤ χʷˤː χˤ χˤː
229	arab1268	a ai au e̞ h i j k m n̪|n o̞ p r̪|r s̪|s ʃ t̪|t u w
230	mapu1245	a ɛ i j k l l̪ ʎ m n n̪ ɲ ŋ ɔ p ɸ s t t̪ t̠ʃ ʈʂ͇ u ɯ w ʐ͇ θ
231	egyp1253	a æː b d̪ d̠ʒ d̪ˤ eː f ɡ h ħ iː ɪ j k l̪ m n̪ oː q r ʁ s̪ s̪ˤ ʃ t̪ t̪ˤ uː ʊ w z̪ z̪ˤ ʔ ʕ χ
232	waor1240	a ã æ æ̃ b d e̞ ẽ̞ ɡ i ĩ k m n ɲ ŋ o̞ õ̞ p t w
233	avar1256	a b d̪|d e̞ f ɡ h ħ i j kʰ kxː kxʼː kʼ l̪|l ɬ̪|ɬ ɬ̪ː|ɬː m n̪|n o̞ pʰ pʼ qχː qχʼː R̪|R s̪|s s̪ː|sː ʃ ʃː t̪ʰ|tʰ t̪ɬ̪ː|tɬː t̪ɬ̪ʼː|tɬʼː t̪s̪ː|tsː t̪s̪ʰ|tsʰ t̪s̪ʼ|tsʼ t̪s̪ʼː|tsʼː t̠ʃː t̠ʃʰ t̠ʃʼ t̠ʃʼː t̪ʼ|tʼ u w xː z̪|z ʒ ʕ̝ χ χː
234	awng1244	a æ b d̪z̪|dz d̠ʒ ɖ e̞ f ɡ ɡʷ ɢ ɢʷ i ɨ j k kʷ l̪|l m n̪|n ŋ ŋʷ o̞ p q qʷ ɾ̪|ɾ s̪|s ʃ t̪|t t̪s̪|ts t̠ʃ u w z̪|z
235	abip1241	a e̞ ɣ h i ɨ j k l̪|l m n̪|n ɲ o̞ p q R̪|R ʁ t̪|t t̠ʃ w
236	nort2697	a̟ ɑ b c d̪ d̠ʒ ɛ ɤ̟ f ɡ ɣ h ɪ j ɟ k l̪|l m n̪ o ø p ɾ s ʃ t̪ t̠ʃ ʊ v x ʏ z ʒ
237	bash1264	æ ɑ b d ə ɛ ɤ̞ f ɡ h i j k l m n ŋ ø o̞ ɔ p q r ʁ s ʃ t ts t̠ʃ ʊ v w x y z ʒ ʔ θ
238	bamb1269	a ã b d d̠ʒ ᴅ e ẽ ɛ ɛ̃ f ɡ h i ĩ j k l m n ɲ ŋ o õ ɔ ɔ̃ p s ʃ t t̠ʃ u ũ w z
239	waim1255	a ã b d e̞ ẽ̞ ɡ h i ĩ ɨ ɨ̃ j k o õ p ɾ s t u ũ w
240	baat1238	a ã b d e ɛ ɛ̃ f ɡ ɡb h i ĩ j k kp l m n o ɔ ɔ̃ p ɾ s t u ũ w z
241	bata1289	a b d̪|d d̠ʒ ɛ ɡ h i j k l̪|l m n̪|n ŋ o̞ p ʀ s̪|s t̪|t u w
242	bats1242	ɑ ɑ̃ b d̪ d̪z̪ d̠ʒ ẽ ɛ ɡ h ħ i ĩ j kʰ kʼ l ɬ m n o õ pʰ pʼ ɸ qʰ qʼ r ʁ s̪ ʃ t̪ʰ t̪s̪ʰ t̪s̪ʼ t̠ʃʰ t̠ʃʼ t̪ʼ u ũ z̪ ʒ ʔ ʕ̝ β χ
243	nort2819	a ã b d e ɛ ɛ̃ f ɡ ɡb h i ĩ j kʰ kp l m n ɲ ŋ o ɔ ɔ̃ pʰ ɾ s tʰ u ũ v w z
244	cent2004	a e ɛ ɞ f i j k kʰ l̪ m n̪ ŋ o ɔ ɵ p pʰ s̪|s t̪ t̪ʰ t̪s̪|ts t̪s̪ʰ|tsʰ u ɯ ɯ͓ v x z̪
245	bard1255	a aː i iː j k l l̠ ɭ m n n̠ ɳ ŋ ɔ p r ɻ t t̠ ʈ u uː w
246	kohu1244	a b ɓ d d̠ʒ e ɛ ɘ f ɡ ɡb ɡʷ h i ɪ j kʰ kpʰ kʷʰ m n ɲ ŋ ŋʷ o ɔ pʰ r s t tʰ t̠ʃ u ʊ v w z β
247	indo1317	a b d̪|d d̠ʒ e̞ ə ɡ h i j k l̪|l m mb mp n̪|n n̠d̠ʒ n̪s̪|ns n̪t̪|nt n̠t̠ʃ ɲ ŋ ŋk o̞ p r̪|r s̪|s t̪|t t̠ʃ u w ʔ
248	twee1234	a b d d̠ʒ e̞ ɡ i j l m n n̠ ŋ r u w
249	beja1238	a b d̪ d̠ʒ ɖ e̞ f ɡ ɡʷ h i j k kʷ l̪|l m n̪ o̞ R̪|R s̪ ʃ t̪ ʈ u w ʔ
250	beng1280	a ã æ æ̃ b b̤ ɕ d̪ d̪̤ d̠ʒ d̠ʒ̤ ɖ ɖ̤ e̞ ẽ̞ ɡ ɡ̤ h ɪ ɪ̃ k kʰ l m n ŋ o õ ɔ ɔ̃ p pʰ ɽ ɾ s̪ t̪ t̪ʰ t̠ʃ t̠ʃʰ ʈ ʈʰ ʊ ʊ̃
251	beem1239	a ã ɛ ɛ̃ f h i ĩ kʰ l m n ɔ ɔ̃ p pf pfʰ pʰ s t tʰ ts tsʰ u ũ v
252	dalo1238	a b ɓ c d e ɛ ɘ ɜ f ɡ ɡb i ɪ ɨ ɨ̞ j ɟ k kp l m n ɲ ŋ ŋʷ o ɔ p s t u ɰ ʊ v w z
253	biss1248	a b d e f ɡ i j k l m n ɲ ŋ o ɔ p r s t u v w z
254	baka1277	a ã b d̪|d e ẽ ɛ ɘ ɡ h i ĩ j k l̪|l m n̪|n o õ p R̪|R s̪|s ʃ t̪|t u ũ w z̪|z ʒ
255	bell1243	a c ç cʼ h ɪ j kʷ kʷʼ l̪|l ɬ̪|ɬ m n̪ p pʼ q qʷ qʷʼ qʼ s t̪ t̪ɬ̪ʼ|tɬʼ ts tsʼ t̪ʼ ʊ w xʷ ʔ χ χʷ
256	muin1242	a b c d d̠ʒ ɛ ɡ i ɨ ɟ k m n ɲ o̞ p ɸ R Rʲ s ʃ t t̠ʃ u x ʑ ʔ β
257	bero1242	a b c d e ɛ f ɡ ɡb h i j ɟ k kp l m n ŋ o ɔ p r s t u v w z
258	boro1282	a b d̪|d d̠ʒ e̞ ə ɡ i ɨ j k m n̪|n o̞ p R̪|R t̪|t t̠ʃ u w
259	lave1249	a a̟ ɓ cç ɗ e ɛ ɘ ɡ ħ i ɨ j k l̪|l m n n̠ n̠t̠ʃ ŋ o p pʰ ɾ s t tʰ u v ʔ β̞
260	bret1244	aɛ ao̞ au ɑ ɑ̃ ɑ̃ɔ̃ b c d̪ e̞ ẽ̞ ɛ ɛ̃ ɛi ɛo̞ ɛ̃ɔ̃ f ɡ ɣ h i j ɟ k l ʎ m n̪ ɲ ŋ o ø̞ o̞ ɔ̃ p s ʃ t̪ u v w x y z ʒ
261	brah1256	a ɑː b d d̪ d̠ʒ e eː f ɡ ɣ h i iː k l ɬ̪|ɬ m n̪ oː p r ɾ s t t̪ t̠ʃ u uː v x z ʔ
262	west2397	a a̤ ɒ ɒ̤ b d̪|d e e̤ ɛ ɛ̤ ɤ ɤ̤ h i i̤ j k kʰ l̪|l m n̪|n ɲ ŋ o o̤ ɔ ɔ̤ p pʰ R̪|R s̪|s t̪|t tɕ t̪ʰ|tʰ u ṳ ɯ ɯ̤ ʌ ʌ̤ w ʔ
263	bodo1269	a b d e ə ɡ h i j k l m n ŋ o p ɾ s t u z
264	buru1296	a b d̪|d d̠ʒ ɖ ɖʐ e̞ f ɡ h i j k kʰ l̪|l m n̪|n ŋ o̞ p pʰ q qʰ R̪|R ʁ s̪|s ʂ ʃ t̪|t t̪ʰ|tʰ t̪s̪|ts t̪s̪ʰ|tsʰ t̠ʃ t̠ʃʰ ʈ ʈʰ ʈʂ ʈʂʰ u w z̪|z ʐ͇ χ
265	bulg1262	a b bʲ d̪ d̪ʲ d̠ʒ ɛ ɘ f fʲ ɡ ɡʲ i j k kʲ l̪ˠ l̪ʲ m mʲ n nʲ ɔ p pʲ r rʲ s̪ s̪ʲ ʃ t̪ t̪ʲ t̪s̪ t̪s̪ʲ t̠ʃ u v vʲ x z̪ z̪ʲ ʒ
266	bura1267	a c ɛ i j k l ɭ m n ɲ ɳ ŋ ɔ p ɻ ɾ t ʈ u w
267	qaqe1238	a ai au ɛ ɛi ɣ i k l m mb n nd ŋ ŋɡ o̞ p ɾ s t u w
268	brib1243	a ã b d̪|d e̞ ẽ̞ ɡ i j k m n̪|n ɲ o̞ õ̞ p R̪|R s̪|s ʃ t̪|t t̪s̪|ts t̠ʃ u ũ w x z̪|z
269	cadd1256	a b d̪|d h ɪ j k kʼ m n̪|n ŋ p s̪|s ʃ t̪|t t̪s̪|ts t̪s̪ʼ|tsʼ t̠ʃ t̠ʃʼ t̪ʼ|tʼ ʊ w ʔ
270	niva1238	a ɑ e̞ f i j k kɬ kˀ l̪|l ɬʟ͓̥ m n̪|n o̞ p pˀ s̪|s ʃ t̪|t t̪s̪|ts t̪s̪ˀ|tsˀ t̠ʃ t̠ʃˀ t̪ˀ|tˀ u w x ʔ
271	carn1240	ɒ e ɛ ɘ f h i j k l m n n̠ ŋ o ɔ p r ɾ s̪ t t̠ʃ u ɯ w
272	gali1262	ɐ b d̪|d ɛ ɡ h i j k m n̪|n ŋ ɔ p ɾ s̪|s t̪|t u ɯ w ʔ β
273	chac1249	ɑ b d d̠ ɛ ɡ h i j k l l̠ m n n̠ ŋ p ɸ R s ʃ t t̠ ts t̠ʃ ʊ w ʔ
274	nyah1250	a a̤ b c ç cʰ d̪|d e e̤ ɛ ɛ̤ ɤ ɤ̤ h i i̤ iə i̤ə̤ j k kʰ l̪|l l̪̥|l̥ m m̥ n̪|n n̪̥|n̥ ɲ ŋ o o̤ ɔ ɔ̤ p pʰ R̪|R R̪̥|R̥ t̪|t t̪ʰ|tʰ u ṳ uə ṳə̤ ɯ ɯ̤ ɯə ɯ̤ə̤ w ʍ ʔ
275	cacu1241	a ã ɛ ɛ̃ ɘ̃ h i ĩ ɨ k l m n ŋ o õ p t t̠ʃ w ʍ ʔ
276	mind1253	a ɛ i k kʰ l̪|l m n̪|n ŋ œ ɔ p pʰ s̪|s t̪|t t̪ʰ|tʰ t̪s̪|ts t̪s̪ʰ|tsʰ u x y
277	cham1312	æ ɑ b d dz e̞ f ɡ h i j k l m n ɲ ŋ o̞ p ɻ s̪|s t ts u w ʔ
278	chip1261	a ã aː ãː ð e ɣ ɣʷ h i ĩ iː ĩː j k kʷ kʷʼ kxʰ kxʷʰ kʼ l̪|l l̪̥|l̥ n̪|n o p r̪|r s̪|s ʃ t̪|t t̪ˠʰ|tˠʰ t̪ɬ̪|tɬ t̪ɬ̪ʰ|tɬʰ t̪ɬ̪ʼ|tɬʼ t̪s̪|ts t̪s̪ʰ|tsʰ t̪s̪ʼ|tsʼ t̠ʃ t̠ʃʰ t̠ʃʼ t̪ʼ|tʼ t̪θ t̪θʰ t̪θʼ u ũ uː ũː x xʷ z̪|z ʔ θ
279	quio1240	a ã æ̃ ç d̪z̪|dz ɛ ɣ i ĩ j k kʷ l̪|l l̪̥|l̥ m m̥ n̠ n̠̥ n̪|n n̪̥|n̥ ŋ ŋ̥ o̞ œ ɔ̃ p ɸ ʂ t̠ t̪|t t̪s̪|ts u ũ ɯ ɯ̃ w y ỹ z̪͇|z͇ ʐ ʔ
280	cher1273	a d dz e̞ ə̃ ɡ h i j l m n o̞ ʃ u w ʔ
281	chuv1255	ɑ b ɕ d̪|d e̞ f ɡ i j k l̪|l m n̪|n ø̆ o̞ ɔ̆ p r̪|r s̪|s ʃ t̪|t t̪s̪|ts t̠ʃ u ɯ w x y z̪|z ʒ
282	west2650	a b̰ c cʰ d̰ e ə ɛ h i iə ɨ j k kʰ l m n ɲ ŋ o ɔ p pʰ ɾ ʃ t tʰ u uə w ʔ
283	uppe1439	a e̞ ə h j k kʷ kʷʼ kʼ l̪|l ɬ̪|ɬ m n o̞ p pʼ q qʷ qʷʼ qʼ s ʃ t t̪ɬ̪ʼ|tɬʼ ts tsʼ t̠ʃ t̠ʃʼ tʼ w xʷ ʔ χ χʷ
284	chua1250	a b d e̞ f ɡ i j k m n o̞ ɾ s t u w
285	chuk1273	a e ə̆ ɛ ɣ ɪ j k ɬ̪|ɬ m n̪|n ŋ o̞ p q s̪ʲ|sʲ t̪|t t̪s̪|ts u w ʐ͇ ʔ
286	mand1415	a a˞ ç cç cçʰ ə˞ ɤ̟ f i j k kʰ l̪|l m n ŋ p pʰ s̪|s ʂ t̪|t t̪ʰ|tʰ t̪s̪|ts t̪s̪ʰ|tsʰ ʈʂ ʈʂʰ u ɥ w y ʐ χ
287	haka1240	a aː ɕ e̞ ə f ɣ h i j̥ j̰ k kʰ kʲ kʷ kʷʰ l̪|l l̪ʲ|lʲ ɬ̪|ɬ ɬ̪ʲ|ɬʲ m mb mbʲ mʲ n̪|n n̪d̪|nd n̪d̪ʲ|ndʲ ɲ ŋ o̞ p pʰ pʲ pʲʰ q qʰ s̪|s s̪ʲ|sʲ t̪|t tɕ tɕʰ t̪ʰ|tʰ t̪ʲ|tʲ t̪ʲʰ|tʲʰ u v vʲ w̰ ʍ x ʑ ʔ
288	asha1243	a e h i j k m n n̠ o p ɾ s ʃ t t̠ ts t̠ʃ β
289	cofa1242	a b c cʰ d̪|d d̠ʒ ɛ f ɡ ɣ h i ɨ j ɟ k kʰ m n̪|n ɲ o̞ p pʰ R̪|R s̪|s ʃ t̪|t t̪ʰ|tʰ t̠ʃ t̠ʃʰ ɰ w ʑ ʔ β
290	wame1240	a æ b ɓ c d ɗ ə ɛ ɡ ɡʷ i j j̃ ɟ ʄ k kʷ l l̃ m mb mp n nd nt ɲ ɲc ɲɟ ŋ ŋk ŋkʷ ŋʷ ɔ p ɸ r r̠̙ s t u w w̃ x xʷ β
291	chua1256	a ai au ɒ e̞ əu ɛɯ f h i k kʰ l l̥ m m̥ mp mpʰ n̠ n̪ n̠̥ n̪̥ n̪t̪ n̪t̪ʰ n̪t̪s̪ n̪t̪s̪ʰ n̠t̠ʃ n̠t̠ʃʰ ɴq ɴqʰ ɳʈʂ ɳʈʂʰ ŋ ŋk ŋkʰ o̞ p pʰ q qʰ s̪ ʂ ʃ t̪ t̪ʰ t̪s̪ t̪s̪ʰ t̠ʃ t̠ʃʰ ʈʂ ʈʂʰ u v w ʐ ʒ
292	isla1278	a ã aɯ b d̪|d e̞ ẽ̞ ɤ̞ ɤ̞̃ f ɡ h i ĩ j k l̪|l m n̪|n p ɾ̪|ɾ s̪|s t̪|t t̠ʃ u ũ w
293	tedi1235	a b d ɛ ɡ h i k l l̰ m n ŋ ɔ p pʰ s t tʰ ts u v w̰ x z ʔ
294	west2644	a b d̪|d e̞ ẽ̞ ɡ h i ĩ j k l̪|l m n̪|n o̞ õ̞ p R̪|R s̪|s ʃ t̪|t u ũ w ʔ
295	cube1242	a ã b d d̠ ð e̞ ẽ̞ i ĩ ɨ ɨ̃ k o̞ õ̞ p ɺ̪|ɺ t t̠ʃ u ũ x β
296	cayu1262	a ã æ æ̃ b d̪ d̠ʒ ɛ ɛ̃ h i ĩ ɨ ɨ̃ j k m n n̠ o̞ õ̞ ɔ ɔ̃ p ɾ s ʃ t t̠ʃ u ũ w β
297	dang1274	a b ɓ c d̪|d ɗ̪|ɗ e ɛ ɡ i j ɟ ʄ k l̠ m n̪|n ɲ ŋ o ɔ p r̪|r ʃ t̪|t u w ʒ
298	dann1241	a ã a̟ ã̟ ɒ ɒ̃ b ɓ d ᶑ e ẽ̞ ə̃ ɛ ɘ ɜ f ɡ ɡb i ĩ ɨ j k kp l m n o õ̞ ɔ p s t u ũ v w z
299	dagb1246	a b d̪|d d̠ʒ e̞ ə f ɡ ɡb i j k kp l̪|l m n̪|n ɲ ŋ ŋm o̞ p s̪|s ʃ t̪|t t̠ʃ u v w z̪|z
300	darf1239	a b ɓ c d ɗ e̞ ə ɡ h i j ɟ ʄ k l m n ɲ ŋ ɔ p r ɽ s ʃ t u w χ
301	daha1245	a b ɓ d d̪ ð d̪ɮ̪|dɮ dz d̠ʒ ɗ ɗ̠ e̞ f ɡ ɡʷ h ħ i j k kʷ kʷʼ kʼ kǀ͓ l̪|l ɬ̪|ɬ m mb n n̠ nd n̪d̪ ndz n̠d̠ʒ ŋɡ ŋɡʷ ŋǀ͓ o̞ p pʼ R s ʃ t t̪ t̪ɬ̪|tɬ t̪ɬ̪ʼ|tɬʼ ts tsʼ t̠ʃ t̠ʃʼ tʼ t̪ʼ u v w ʔ ʕ β
302	nyis1236	ɑ b d̪|d ɛ ɡ ɦ i i̥ j k l̪ m n̪|n ŋ ɔ p r s̪|s t̪|t u u̥ ɯ ʌ x
303	dyir1250	a b d ɡ i j ɟ l m n ɲ ŋ r ɻ u w
304	stan1295	aː ai au ɐ b d eː ə ɛ ɛː f ɡ h iː ɪ j k l m n ŋ oː øː œ ɔ ɔi p pf ʀ s ʃ t ts uː ʊ v x yː ʏ z ʒ
305	dier1241	a c ᴅ ɖ i j k l l̪ ɭ ʎ m n n̪ ɲ ɳ ŋ p r ɻ t t̪ ʈ u w
306	kumi1248	a aː eː ə ɪ j k kʷ l l̪ ɬ ɮ̪ m n n̠ n̪ oː ɔ ɔː p q r ɹ s s̪ t t̪ t̠ʃ ʊ w x xʷ ʔ β
307	nort2815	a̤ a̰ b c d d̪ e̤ ḛ ɛ̤ ɛ̰ ɡ i̤ ḭ j ɟ k l m n n̪ ɲ ŋ o̤ o̰ ɔ̤ ɔ̰ p r t t̪ ṳ w
308	lowe1415	a ai au e̞ e̞i h i ɪ j k kʷ l̪|l m n̪|n o̞ o̞i o̞u p s̪|s t̪|t u ʊ w ʔ
309	nort2735	a ɐ c ç e̞ ə i j k kʷ l lʲ m mʲ n ɲ ŋ ŋʷ o̞ p pʲ s t u w ʔ χ
310	doya1240	a ã b ɓ d̪|d ɗ̪|ɗ e ɛ ɛ̃ f ɡ ɡb h i ĩ j k kp l̪|l m n̪|n ŋ o ɔ ɔ̃ p R̪|R s̪|s t̪|t u ũ v w z̪|z
311	ruka1240	a b d̪ ð ɖ ɡ h i j k l ɭ m n ŋ p r s t̪ ts ʈ u ɯ v w ʔ θ
312	daur1238	a b d̪|d d̠ʒ ɖʐ e ə f ɡ i j k l̪|l m n̪|n ŋ ɔ p R̪|R ʂ ʃ t̪|t t̠ʃ ʈʂ u w x y ʐ
313	toro1252	a ã b d̪|d d̠ʒ ᴅ e ẽ ɛ ɡ h i ĩ j k l̪|l m n̪|n ɲ o õ ɔ p s̪|s t̪|t u ũ w
314	dhuw1249	ɐ ɪ j k l ɭ m n n̠ n̪ ɳ ŋ p r ɻ ɽ t t̠ t̪ ʈ ʊ w ʔ
315	jola1263	a b c d e ɛ ɘ f ɡ h i ɪ j ɟ k l m n ɲ ŋ o ɔ p ɾ s t u ʊ w
316	efik1245	a b d e ɛ f i j k kp m n ɲ ŋ o ɔ s t u w
317	ekar1243	a b d ɛ ɡˡ i j k m n ɔ p t u w
318	mode1248	ɑ b d̪ ð dz ɛ f ɡ ɣ i j k l̪ m n̪ ɔ p ɾ s t̪ ts u v x z θ
319	cent2128	a ə f ɣ ɣʷ h i j k kʷ l̪|l l̪̥|l̥ m m̥ n̪|n n̪̥|n̥ ŋ ŋ̥ ŋʷ ŋ̥ʷ p q qʷ ɹ̪|ɹ ɹ̪̥|ɹ̥ ʁ ʁʷ s̪|s t̪|t u v x xʷ z̪|z χ χʷ
320	ejag1239	a b d d̠ ɛ f ɡ ɡb i j k kp m n ɲ ŋ ɔ p ɾ s t t̠ u ʌ w y β
321	basq1248	a b c d̪|d e̞ f ɡ ɪ ɟ k l̪|l ʎ m n̪|n ɲ o̞ p r̪|r ɾ̪|ɾ s̪|s ʂ ʃ t̪|t t̪s̪|ts t̠ʃ ʈʂ u χ
322	even1260	ɑ b d̪|d d̠ʒ ɛ ɡ ia̟ ie̞ ɪ ɪˤ j k l̪|l m n̪|n ɲ ŋ o̞ ɔˤ p r̪|r s t̪|t t̠ʃ u ʊˤ β̞
323	ewee1241	a ã b d̪ d̪z̪ e ẽ ɛ ɛ̃ f ɡ ɡb ħ i ĩ j kʰ kp l̪|l m n̪|n ɲ ŋ o õ ɔ ɔ̃ pʰ ɸ ɾ̠ s̪|s t̪ʰ t̪s̪ u ũ ɰ v z̪|z ʕ β
324	ewon1239	a b d dz e ɛ ɘ f ɡ ɡb i͓ j k kp l m mb ɱv n nd ndz ɲ ŋ ŋɡ ŋmɡb o ɔ s t ts u͓ v w z
325	eyak1241	ɑ̃ ɑː ɑ̃ː d̪|d d̪ɮ̪|dɮ d̪z̪|dz d̠ʒ ɛ ɛː ɡ ɡʷ ɢ h i ĩ iː ĩː j kʰ kʼ l̪|l ɬ̪|ɬ m n̪|n qʰ qʼ s̪|s ʃ t̪ʰ|tʰ t̪ɬ̪ʰ|tɬʰ t̪ɬ̪ʼ|tɬʼ t̪s̪ʰ|tsʰ t̪s̪ʼ|tsʼ t̠ʃʰ t̠ʃʼ t̪ʼ|tʼ u ũ uː ũː w x xʷ ʔ χ
326	fasu1242	a ã e̞ ẽ̞ h i ĩ j k m n o̞ õ̞ p ɸ ɾ s t u ũ w
327	nobi1240	a b d̪ d̠ʒ e̞ f ɡ h i k l̪|l m n̪ ɲ o̞ r s ʃ t̪ t̠ʃ u
328	fiji1243	a ai au ð e̞ e̞i e̞u f i j k l m mb n̪ n̪d̪ nr ŋ ŋɡ o̞ o̞i o̞u p r s t̪ u ɰ ʔ β
329	finn1318	a æ b d̪ ɛ f ɡ h i j k l̪ m n̪ ŋ o ø p r̪|r s ʃ t̪ u v y
330	fefe1239	a̟ ɑ b d̪|d d̠ʒ e̞ ɤ̞ f ɡ h i k m n̪|n ŋ o̞ s̪|s t̪|t t̠ʃ u ɯ v w z̪|z ʔ
331	stan1290	a̟ æ̃ ɒ ɒ̃ b d̪ e ɛ ɛː f ɡ i j k l̪ m n̪ ɲ ŋ õ ø oː œ œ̃ ɔ p ʀ s̪ ʃ t̪ u ɥ v w y z̪ ʒ
332	fuln1247	a ã c cç cʰ e ẽ ɛ ɦ i ĩ ɟʝ k kʰ l̪|l ʎ m n̪|n o õ ɔ p pʰ t̪|t t̪ʰ|tʰ t̪s̪|ts t̪s̪ʰ|tsʰ u ũ ʔ
333	furr1244	a aː b d d̠ʒ e ə ɛ f ɡ h i iː j k l m n ɲ ŋ o ɔ p r s ʃ t u uː w
334	fwai1237	a ă aɨ e ə ɛ ɛ̆ f h i ĭ ɨ ɨ̆ j k kʰ l̪|l ɬ̪|ɬ m n̪|n ŋ ŏ ɔ ɔ̆ p pʰ ʃ t̪|t t̪ʰ|tʰ t̠ʃ t̠ʃʰ u ŭ v ʔ
335	gaaa1244	a ã b d d̠ʒ d̠ʒʷ e ɛ ɛ̃ f ɡ ɡb h i ĩ j kʰ kp l m n ɲ ŋ ŋm o ɔ ɔ̃ pʰ r s ʃ ʃʷ t̪ʰ t̠ʃʰ t̠ʃʷ u ũ ɥ v w z
336	gads1258	a̟ː d eː ɜ i j k m n̪|n oː p t u ʔ β
337	gara1269	a c ɪ j k l l̠ ɭ m n n̠ ɲ ɳ ŋ p r ɻ t t̠ ʈ ʊ w
338	gbay1287	a ã æ̃ b ɓ ɕ d ɗ e ɛ f ɡ ɡb h i ĩ j k kp l m m̰ mb n n̰ nd ŋ ŋɡ ŋm ŋmɡb o ɔ ɔ̃ p ɾ t u ũ v ⱱ w ʑ ʔ
339	gbag1258	a b ɓ d e̞ f ɡ ɡb h i ĩ j k kp l m n o̞ p ɾ s t u v w z
340	qaua1234	a ai au ɒ ɕ e̞ e̞i ə˞ əu əɯ f h i k kʰ l̪|l m mp n̪|n n̪t̪|nt ntɕ n̪t̪s̪|nts ɲ ŋ ŋk o̞ p pʰ q qʰ s̪|s t̪|t tɕ tɕʰ t̪ʰ|tʰ t̪s̪|ts t̪s̪ʰ|tsʰ u v w x z̪|z ʑ
341	nana1257	a b d̪|d d̠ʒ ɘ ɡ i ɪ ʝ k l̪|l m n̪|n ɲ ŋ o p r̪|r s̪|s t̪|t t̠ʃ u x β
342	iris1253	a ã ɑː ɑ̃ː bʲ bʷˠ ç d d̪ d̠ʒ e̞ ẽ̞ eː ẽː əi əu ɡ ɡʲ ɣ h iː ĩː iə ɪ ɪ̃ j kʰ kʲʰ l̠ lˠ l̪ˠ l̥ˠ lʲ l̥ʲ mʲ mʷˠ n̠ n̪ nˠ n̥ˠ nʲ n̥ʲ ŋ ŋʲ o̞ õ̞ oː õː pʲʰ pʷˠʰ ɸʲ ɸʷˠ ɾˠ ɾ̥ˠ ɾʲ ɾ̥ʲ s ʃ tʰ t̪ʰ t̠ʃ uː ũː uə ʊ ʊ̃ w x βʲ
343	dawr1236	a b d̪|d d̠ʒ ɗ̪|ɗ e̞ f ɡ h i j k kʼ l̪|l m n̪|n o̞ R̪|R s̪|s ʃ t̪|t t̪s̪|ts t̪s̪ʼ|tsʼ t̠ʃ t̪ʼ|tʼ u w z̪|z ʔ
344	wayu1243	a ã e ẽ ɛ ɛ̃ h i ĩ j k m n̪|n ɔ ɔ̃ p r̪|r ɺ̪|ɺ s̪|s ʃ t̪|t t̠ʃ u ũ w ʔ
345	para1311	a ã ð e ẽ f ɣ ɣʷ i ĩ ɨ ɨ̃ k kʷ l̪ ʎ m n̪ ɲ ŋ ŋʷ o õ p r̪͓|r͓ ɾ s s̪ t̪ t̠ʃ u ũ v x xʷ ʔ
346	guah1255	a ã b d e̞ ẽ̞ ə ə̃ f h i ĩ j k l m n o̞ õ̞ p r s t t̪ʰ ts u ũ v x
347	guam1248	a e̞ ə i j k kʷ l ʎ m n ɲ o̞ p ɾ s ʂ ʃ t ts t̠ʃ ʈʂ u β̞
348	ache1246	a ã d̠ʒ e̞ ẽ̞ i ĩ k m mb n̪d̪|nd ŋɡ o̞ õ̞ p ɺ̪|ɺ t̪|t t̠ʃ u ũ β
349	kuku1273	a c i j k l̪|l m n̪|n ɲ ŋ p R̪|R ɻ t̪|t u w
350	hakk1236	a æ ɛ f h i k kʰ l̪|l mb n̪d̪|nd ŋɡ ɔ p pʰ s̪|s t̪|t t̪ʰ|tʰ t̪s̪|ts t̪s̪ʰ|tsʰ u w
351	haus1257	a ai au b ɓ d d̠ʒ ɗ e̞ ɡ ɡʲ ɡʷ h i j j̰ k kʲ kʲʼ kʷ kʷʼ kʼ l m n o̞ ɸ r ɽ s sˀ ʃ t t̠ʃ u w z ʔ
352	hawa1245	a ɛ h i k l̪|l m n̪|n o̞ p u w ʔ
353	nort2938	a c ç cʰ cʼ d̪ɮ̪|dɮ h i j j̰ k kʰ kʷ kʷʰ kʷʼ kʼ l̪|l l̪̰|l̰ ɬ̪|ɬ m m̰ n̪|n n̪̰|n̰ ŋ ŋ̰ p pʰ q qʰ qʷ qʷʰ qʷʼ qʼ t̪|t t̪ʰ|tʰ t̪ɬ̪|tɬ t̪ɬ̪ʼ|tɬʼ t̠ʃ t̠ʃʰ t̠ʃʼ t̪ʼ|tʼ ʊ w w̰ x xʷ ʔ χ χʷ
354	hind1269	aː ãː æː b b̤ d̪ d̪̤ d̠ʒ d̠ʒ̤ ɖ ɖ̤ eː ẽː ɛ ɛ̃ ɜ ɜ̃ f ɡ ɡ̤ ɦ iː ĩː ɪ ɪ̃ j k kʰ l̪|l l̪̤|l̤ m m̤ n̪ n̪̤ oː õː ɔ ɔ̃ p pʰ q r̪|r ɽ̃ ʁ s̪|s ʃ t̪ t̪ʰ t̠ʃ t̠ʃʰ ʈ ʈʰ uː ũː ʊ ʊ̃ z̪|z ʒ ʔ β̞ χ
355	hixk1239	æ b d d̠ e̞ h j k m n n̠ ɔ p ɸ ɺ̠ ɾ s ʃ t t̠ʃ u ɯ w
356	hopi1249	a æ ɤ h i j j̥ k kʷ m m̥ n n̥ ɲ ŋ ŋ̥ ŋʷ ø o̞u p q s ʂ͇ t v w ʍ ʔ
357	hadz1240	a b d̪ dz d̠ʒ e̞ f ɡ h i j k kʰ kʷ kʷʰ kʷʼ kʼ kǀ͓ kǀ͓ʰ kǁ͓ kǁ͓ʰ kǃ̠ kǃ̠ʰ l ɬ m mb mpʰ n̪ n̪d̪ ndz n̠d̠ʒ n̪t̪ʰ ɲ ŋ ŋɡ ŋǀ͓ ŋ̥ǀ͓ˀ ŋǁ͓ ŋ̥ǁ͓ˀ ŋǃ̠ ŋ̥ǃ̠ˀ o̞ p pʰ pʼ s ʃ t̪ t̪ʰ tɬ tɬʰ tɬʼ ts tsʰ tsʼ t̠ʃ t̠ʃʰ t̠ʃʼ u w ʔ
358	hung1274	aː ɒ b cç d̪ d̪z̪ d̠ʒ eː ɛ f ɡ h i iː j ɟʝ k l̪ m n̪ ɲ o ø oː øː p r̪ s̪ ʃ t̪ t̪s̪ t̠ʃ u uː v w y yː z̪ ʒ
359	hupa1239	a aː c cʰ cʼ e̞ e̞ː h hʷ ɪ j l ɬ m n ŋ o̞ o̞ː q qʼ s t tʰ tɬʼ ts tsʰ tsʼ t̠ʃ t̠ʃʷʰ t̠ʃʼ tʼ w x xʷ ʔ
360	huas1242	a e̞ h i j̟ k kʷ kʷʼ kʼ l m n o̞ p ʃ t ts tsʼ t̠ʃ t̠ʃʼ tʼ u ʔ β β̞ θ
361	sanm1287	a b d̪|d e̞ ɣ h i j k kʷ l̪|l m mb n̪|n n̪d̪|nd ŋɡ ŋɡʷ o̞ p ɸ r̪|r ɾ̪|ɾ s̪|s t̪|t t̪s̪|ts u ɯ w z̪͇|z͇
362	nucl1235	a e̞ f h i ie̞ j k kʰ kʼ l̪ m n̪ o̞ p pʰ pʼ r ʁ̞ s̪ ʃ t̪ t̪ʰ t̪s̪ t̪s̪ʰ t̪s̪ʼ t̠ʃ t̠ʃʰ t̠ʃʼ t̪ʼ u v z̪ ʐ͇ ʒ χ
363	iaai1238	æ æː b ð d̪|d d̠ʒ ɖ e eː ɛ ɛː f ɡ ɡb h i iː k ɭ ɭ̥ m m̥ n̪|n ɲ ɲ̥ ɳ ɳ̥ ŋ ŋ̥ ŋm ŋ̥m̥ o oː œ ɔ ɔː p ɸ ɹ s̪|s ʃ t̪|t t̠ʃ ʈ u uː w ʍ x y β θ
364	iban1264	a b d d̠ʒ e̞ ə ɡ h i j k l m n ɲ ŋ o̞ p r s t t̠ʃ u w ʔ
365	nucl1417	a ã b b̤ bʲ b̤ʲ ɓ ɓ̥ d̪|d d̪̤|d̤ d̠ʒ d̠ʒ̤ ɗ̥ e ẽ ɛ ɛ̃ f ɡ ɡ̤ ɡʷ ɡ̤ʷ ɣ h hʷ i ĩ j k kʰ kʷ kʷʰ l̪|l m n̪|n ɲ ŋ ŋm o õ ɔ ɔ̃ p pʰ pʲ pʲʰ ɾ̪|ɾ ɾ̪ʲ|ɾʲ s̪|s t̪|t t̪ʰ|tʰ t̠ʃʰ u ũ ʊ ʊ̃ v w z̪|z
366	igna1246	a b d ɛ f h i j k l m n n̠ ŋ p ɾ s ʃ t ts t̠ʃ u w ʔ β
367	izon1238	a ã b d e ẽ ɛ ɛ̃ f ɡ ɡbʷ i ĩ ɪ ɪ̃ j k kpʷ l m n ŋ o õ ɔ ɔ̃ p ɾ s t u ũ ʊ ʊ̃ v w z
368	ikkk1242	a ḁ b ɓ d̪ dz d̠ʒ ɗ̪ e e̞̥ ɛ f ɡ ɠ h i i̥ ɪ j ʄ k kʼ l̪|l ɬ̪|ɬ ɮ̪|ɮ m n̪ ɲ ŋ o o̞̥ ɔ p r s t̪ t̪ɬ̪ʼ|tɬʼ ts tsʼ t̠ʃ u u̥ w z
369	irar1238	a e ɛ i ʝ k m mb n̪ n̪d̪ ŋɡ o ɔ ɸ ɾ̪|ɾ s̪ t̪ u w
370	iraq1241	a ɑː b ɓ d ɗ eː ɛ ɜ f ɡ ɡʷ h ħ iː ɪ j k kʷ l ɬ m n ŋ ŋʷ oː ɔ ɵ p q qʷ R s sː ʃ t tɬʼ tsʼ uː ʊ w x xʷ ʔ ʕ̝
371	iran1263	a ã ai ãĩ b bʷ d̪|d ɛ ɛ̃ h i ĩ ɨ ɨ̃ ɨi ɨ̃ĩ j k kʲ l̪|l m mʷ n̪|n ɔ ɔ̃ ɔi ɔ̃ĩ p pʷ ɾ̪|ɾ s̪|s ʃ t̪|t t̪ʷ|tʷ u ũ w ʍ ʔ
372	isok1239	a b ɓ̥ d d̪ e ɛ f ɡ ɡb ɣ ɣʷ h i ɪ j k l m n n̪ ŋʷ o ɔ p r ɹ ɾ s t t̪ u ʊ v v̤ z β̞
373	itel1242	a̟ e̞ ɣ i ʝ k kʼ l ɬʲ ɮʲ m n̪|n n̪ʲ|nʲ ŋ o̞ p pʼ ɸ q qʼ r̪|r s̪|s t̪|t t̪s̪ʼ|tsʼ t̠ʃ t̪ʼ|tʼ u x z̪|z ʔ β χ
374	iton1250	a b d̪|d e̞ h i ɨ j k kʼ l̪|l m n̪|n o̞ p ɾ̪|ɾ s̪|s t̪|t t̪ʲ|tʲ t̠ʃ t̠ʃʼ t̪ʼ|tʼ u w ʔ
375	iumi1238	a aː æ b c cʰ d̪ d̪z̪|dz e f ɡ h i j j̥ ɟ k kʰ l̪|l l̪̥|l̥ m m̥ n̪ n̪̥ ɲ ɲ̥ ŋ ŋ̥ o ɔ p pʰ s̪|s t̪ t̪ʰ t̪s̪|ts t̪s̪ʰ|tsʰ u w ʍ ʔ
376	ivat1242	a b d d̠ʒ ə ɡ h i j k l m n n̠ ŋ p r s t̪ t̠ʃ u v w
377	iwam1256	a e̞ ə h i j k m n ŋ o̞ p R s t u w
378	popt1235	a ɓ ɛ ʛ̥ h i j kʰ kʼ l m n ŋ o pʰ ɸ ɾ s ʂ ʃ tʰ tsʰ tsʼ t̠ʃʰ t̠ʃʼ tʼ ʈʂʰ ʈʂʼ u w ʔ χ
379	yany1243	a ɪ j k kʲ l l̠ l̪ ɭ m mp n n̠ n̪ nt n̠t̠ n̪t̪ ɳ ɳʈ ŋ ŋʲ ŋk ŋkʲ p r ɽ t t̠ t̪ ʈ ʊ w
380	java1254	a e ə ɛ h i j k kɦ l̪|l m n̪|n ɲ ŋ o ɔ p pɦ r s̪ t t̪ tɦ t̪ɦ ts tsɦ u w ʔ
381	jebe1250	a cç ɘ i j k kˀ l ʎ m n̪ ɲ ŋ p ɹ ɾ ɾ̰ s ʃ t̪ u w ʔ
382	toll1241	a e̞ h i ɨ j k kʰ kˀ l̪|l m n̪|n ŋ o̞ p pʰ pˀ s t̪|t t̪ʰ|tʰ ts tsʰ tsˀ t̪ˀ|tˀ u w ʔ β
383	shua1257	a ã i ĩ j k m n̠ n̪|n p ɾ̪|ɾ s̪|s ʃ t̪|t t̪s̪|ts t̠ʃ u ũ ɯ ɯ̃ w x ʔ
384	nucl1643	a b d̪ ɛ ɡ h i j k m n̪ ɴ ɔ p ɾ s̪ t̪ ɯ w z̪
385	jaqa1244	a c cʰ cʼ i j k kʰ kʼ l ʎ m n ɲ ŋ p pʰ pʼ q qʰ qʼ ɾ s ʃ t tʰ ts tsʰ tsʼ t̠ʃ t̠ʃʰ t̠ʃʼ tʼ ʈʂ ʈʂʰ ʈʂʼ ɯ w x
386	japr1238	a ã b e̞ ẽ̞ h i ĩ ɨ ɨ̃ j k m n̪|n o̞ õ̞ p ɺ ʃ t̪|t t̠ʃ u ũ ʔ
387	kach1280	a b d̪|d d̪z̪|dz d̠ʒ e̞ ɡ h i j k kʰ l̪|l m n̪|n ŋ o̞ p pʰ R̪|R s̪|s ʃ t̪|t t̪ʰ|tʰ t̪s̪|ts t̠ʃ t̠ʃʰ u w ʔ
388	kala1399	a fː ɣ i ʝ k l̪ ɬ̪ː m n̪ ŋ p q ʁ s̪|s ʃ t̪ t̪s̪|ts u xː β χː
389	kash1277	ã aː ãː ɒ b d̪ dz d̠ʒʲ ɖ e ẽ ɛː ɛ̃ː ɘ ɘː ɘ̃ː ɜ ɜ̃ ɡ ɦ i ĩ iː ĩː ɨ ɨː ɨ̃ː j k kʰ l m n o õ ɔː ɔ̃ː p pʰ r s ʃʲ t̪ t̪ʰ ts tsʰ t̠ʃʲ t̠ʃʲʰ ʈ ʈʰ u ũ uː ũː w
390	nucl1302	a̟ e̞ ə̆ h ɪ k kʰ kʼ l̪ˠ|lˠ m n̪|n o̞ p pʰ pʼ qʼ r̪|r ʁ s ʃ t̪ t̪ʰ ts tsʰ tsʼ t̠ʃ t̠ʃʰ t̠ʃʼ t̪ʼ ʊ z ʒ β χ
391	kaba1278	a̟ː b d̪ d̪z̪ e̞ː ɜ f fʼ ɡʲ ɡʷ ɣʲ ħ ɦ iː ɨ j kʲʰ kʲʼ kʷʰ kʷʼ ɬ̪ʲ ɬ̪ʲʼ ɮ̪ʲ m n̪ o̞ː pʰ pʼ qʷʼ qʼ qχ qχʷ r ʁ ʁʷ s̪ ʃ ʃ͇ ʃʼ t̪ʰ t̪s̪ t̪s̪ʼ t̪ʼ uː v w xʲ xʷ z̪ ʒ ʒ͇ ʔ ʔʷ ʕ χ χʷ
392	cams1241	a b d e̞ f ɡ i ɨ j k l ʎ m n ɲ o̞ p ɾ s ʂ ʃ t ts t̠ʃ ʈʂ u w x
393	gras1249	a b d ð e̞ f ɡ h i k m n o̞ ɾ t u
394	kafa1242	a b d̪|d d̠ʒ e̞ f ɡ h i j k kʼ l̪|l m n̪|n o̞ p pʼ R̪|R ʃ t̪|t t̠ʃ t̠ʃʼ t̪ʼ|tʼ u w ʔ
395	dera1245	a b d̪|d e̞ ə ɡ i j k m n̪|n ŋ o̞ p t̪|t u w
396	khan1273	a æ ɒ̆ c e̞ ĕ̞ ɣ i j k l̪|l ɭ ʎ m n̪|n ɲ ɳ ŋ o̞ ŏ̞ ɵ̞ ɵ̞̆ p r̪|r s̪|s ʃ t̪|t ʈʂ u ʉ ɯ w
397	kekc1242	a b̰ e̞ i j k kʼ l m n o̞ p q qʼ s ʃ t ts tsʼ t̠ʃ t̠ʃʼ tʼ u w x ʔ
398	kera1255	a b b̰ d d̰ d̠ʒ ə ɛ f ɡ h i j k l m n ɲ ŋ ɔ p r s t t̠ʃ u v w z ʔ
399	kett1243	a æ b d̪|d d̪ʲ|dʲ h i ɨ ʝ k l̪ˠ|lˠ l̪ʲ|lʲ m n̪|n ɲ ŋ ɔ ɵ̞ q s̪|s s̪ʲ|sʲ t̪|t t̪ʲ|tʲ u ʔ
400	kota1263	a b d d̪ d̠ʒ ɖ e̞ ɡ i j kʰ l ɭ m n ɳ ŋ o̞ pʰ r ɽ ʂ tʰ t̪ʰ t̠ʃʰ ʈʰ u v
401	koya1251	ɐ ɑ b d̪ d̠ʒ ɖ e ɡ h i j k l m n ɳ p ɾ s̪ t̪ t̠ʃ ʈ u ʋ
402	kain1272	a ã e ɛ ɛ̃ ɘ ɘ̃ h i ĩ ɨ j k mb nd n̠d̠ ŋɡ o õ ɔ p R ʃ t u w ʔ
403	khas1269	a b d̪|d d̠ʒ ɛ h i ia ie̞ j k kʰ ɭ m n̪|n ɲ ŋ ɔ p pʰ r̪|r s̪|s ʃ t̪|t t̪ʰ|tʰ u uo w ʔ
404	luuu1242	a b d e ɛ ɤ f h i j k kʰ kʷ kʷʰ l m n ŋ o ɔ p pʰ s t tʰ t̠ʃ t̠ʃʰ u ɯ v ʔ
405	halh1238	a ae̞ b d̪|d d̪z̪|dz d̠ʒ e̠ ɡ i ɪ j kʰ l̪|l l̪̥|l̥ m n̪|n o̟ ɔ ɔi pʰ ɸ r̪|r s̪|s ʃ t̪ʰ|tʰ t̪s̪ʰ|tsʰ t̠ʃʰ u ui ʊ ʊi x β
406	lusi1240	a e̞ h i k l̪|l m mb n̪|n n̪d̪|nd ŋ ŋɡ o̞ p r ɽ s̪|s t̪|t u ʍ β
407	cent1989	a̟ a̟ː ɑ ɑː ɓ c cʰ ɗ̪|ɗ eː e̞ə əː ɛ ɛː ɤ h iː ɪ j k kʰ l̪ˠ|lˠ m n̪|n ɲ ŋ oː ɔ ɔː p pʰ ɽ s̪|s t̪|t t̪ʰ|tʰ uː uə ɯ ɯː ɯə ʊ ʋ ʔ
408	khar1287	a b b̤ d̪ d̪̤ d̠ʒ d̠ʒ̤ ɖ ɖ̤ e ɡ ɡ̤ ɦ i j k kʰ l̪|l m n̪|n ɲ ŋ o̞ p pʰ ɽ ɾ s̪|s t̪ t̪ʰ t̠ʃ t̠ʃʰ ʈ ʈʰ u w
409	kiow1266	a̟ ã̟ a̟i ã̟ĩ b d̪ d̪l̪ e̞ ẽ̞ ɡ h i ĩ j k kʰ kʼ m n̪ o̞ õ̞ o̞i õ̞ĩ ɔ ɔ̃ ɔi ɔ̃ĩ p pʰ pʼ s t̪ t̪ʰ ts tsʼ t̪ʼ u ũ ui ũĩ z ʔ
410	kirg1245	ɑ b d̪ ɛ f ɡ ɢ ɪ ɨ̞ j k l m n ŋ o ø p q r s ʃ t̪ ts t̠ʃ ʊ x y z β
411	sout2949	a au b d̪|d e̞ ɡ i k m n̪|n o̞ o̞u p R̪|R s̪|s t̪|t u w ʔ
412	khmu1256	a aː ɓ c cʰ ɗ̪|ɗ e eː ɛː ɘː ɜː h i iː ia ɨː ɨa j j̰ k kʰ l̪|l m n̪|n ɲ ŋ o oː ɔː p pʰ r̪|r s̪|s t̪|t t̪ʰ|tʰ u uː ua w w̰ ʔ
413	west2632	a̟ ai au b cʰ cʼ ɕʼ d̪ d̪z̪ d̠ʒ ᴅ̪ ᴅ̪̰ ɖʐ e̞i e̞o̞ ɛ ɡ h i iu ɨ ɨi j j̰ ɟ kʰ kʼ m m̰ n̪ n̪̰ pʰ pʼ s̪ s̪ʼ ʂ ʂʼ ʃ t̪ʰ t̪s̪ʰ t̪s̪ʼ t̠ʃʰ t̠ʃʼ t̪ʼ ʈʂʰ ʈʂʼ u ui w w̰ ʔ
414	east2516	a c e̞ ɡ i j m mb n nd ɲ o̞ ɸ ɺ ɾ s t u w x
415	teke1280	a b bv d d̠ʒ e̞ f ɡ h i ɪ j k l m ɱ n ɲ ŋ o̞ p pf s t t̠ʃ u ʊ w
416	klam1254	a b cʰ cʼ d e̞ ɡ ɢ h i j j̥ j̰ ɟ kʰ kʼ l l̥ l̰ m m̥ m̰ n n̥ n̰ o̞ pʰ pʼ qʰ qʼ s tʰ tʼ w w̰ ʍ ʔ
417	klao1243	a ã b cç d̪|d e e̞ ẽ̞ ɛ ɛ̃ f ɡb i ĩ ɟʝ kp o o̞ õ̞ ɔ ɔ̃ p s̪|s t̪|t u ũ w
418	kwom1262	a e ɛ h i ɨ j k kʷ m mb mbʷ mʷ n nd n̠d̠ʒ ɲ ŋɡ ŋɡʷ o̞ ɸ ɸʷ ɾ s ʃ t t̠ʃ u w ʔ β
419	nort2641	aː ai au b d̪ d̠ʒ e̞ː e̞i e̞u ə əi əu f ɡ ɣ ħ iː ɪ ɨ j k l̪|l lˤ m n̪ ŋ o̞ː o̞i p q r̪|r ɾ̪|ɾ s̪ sˤ ʃ t̪ t̠ʃ uː ui ʊ v w x z̪ ʒ ʔ ʕ
420	dera1248	a aː b b̰ d d̰ e̞ e̞ː ə ɡ i iː j ɟ k l ɮ m mb n nd ɲ ɲɟ ŋ ŋɡ o̞ o̞ː p ɹ ʃ t u uː ɰ w
421	cent2050	a b d d̠ʒ e̞ f ɡ h i ɨ j k l ɭ m n ɲ o̞ p ɸ ɾ s ʃ t t̠ʃ u w z ʔ
422	konk1267	a ã a̟ ã̟ b d̪ dʑ ɖ e ẽ ə ə̃ ɛ ɛ̃ f ɡ h i ĩ j k l ɭ n o õ ɔ ɔ̃ p ɾ s t̪ tɕ ʈ u ũ w
423	kore1280	a æ e ɤ̞ h i j k kʰ kˀ l m n̪ ŋ o ø p pʰ pˀ s̪ s̪ˀ t̪ t̪ʰ t̠ʃ t̠ʃʰ t̠ʃˀ t̪ˀ u ɯ ɯi w y
424	kpan1246	a ã b d dz ɛ ɛ̃ f ɡ ɡb ɣ i ĩ j k kp mb nd ŋɡ ɔ ɔ̃ p R s ʃ t ts u ũ v w x z ʒ
425	koho1244	a ɒ b ɓ c cʰ d ɗ e ɛ ɤ ɡ h i j ɟ k kʰ l m m̥ n n̥ ɲ ɲ̥ ŋ o ɔ p pʰ s t tʰ u ɯ w ʔ
426	komi1268	a b c ç cç d̪|d d̠ʒ e̞ ə ɡ i j ʝ ɟ ɟʝ k l̪|l ʎ m n̪|n ɲ o p r̪|r s̪|s ʃ t̪|t t̠ʃ u ɯ v z̪|z ʒ
427	kory1246	a̟ e̞ ɣ i ʝ k l̪|l ʎ m n̪|n ŋ o̞ p q r̪|r t̪|t t̠ʃ u v ʔ β̞
428	kups1238	a ɐ̆ ɐ̹̆ c e ə̆ i ɨ̆ j k l̪|l m n̪|n ɲ ŋ o ɔ ɵ̞̆ p r̪|r ɾ̪|ɾ s̪|s t̪|t u ʉ̆ w
429	kuru1302	a ã b c d̪|d ɖ e̞ ẽ̞ ə ɡ h i ĩ j ɟ k l̪|l m n̪|n o̞ õ̞ p r̠ r̪|r s̪|s t̪|t ʈ u ũ w ʔ χ
430	sgaw1245	a ɓ c cʰ ɗ̪|ɗ e e̠ ɛ ɣ ɦ i ɨ̞ j k kʰ l m n̪|n ɲ ŋ o ɔ p pʰ s̪|s s̪ʰ|sʰ ʃ t̪|t t̪ʰ|tʰ u w x z͇ z̪|z ʔ θ
431	kalk1246	a c i j k l l̪ ɭ ʎ m n n̪ ɲ ɳ ŋ p ɻ ɾ t t̪ ʈ u w
432	juho1239	a ã aː ãː ae̞ ae̞ˤ ãẽ̞ˤ ao̞ ao̞ˤ ãõ̞ˤ aˤ ãˤ aˤː ãˤː b bʼ d dˠ dz̤ dzˠ dzʼ d̠ʒ̤ d̠ʒˠ d̠ʒʼ dʼ e̞ e̞ː e̞i ẽ̞ĩ e̞u ẽ̞ũ ɡ ɡ̤ ɡʼ ɡǀ͓ ɡ̤ǀ͓ ɡǀ͓x ɡ̰ǀ͓x ɡǂ ɡ̤ǂ ɡǂ͓ˡ ɡ̤ǂ͓ˡ ɡǂ͓ˡx ɡ̰ǂ͓ˡx ɡǂx ɡ̰ǂx ɡǃ ɡ̤ǃ ɡǃx ɡ̰ǃx ɦ i ĩ iː ia j k kʰ kʼ kǀ͓ kǀ͓ʰ kǀ͓x kǂ kǂʰ kǂ͓ˡ kǂ͓ˡʰ kǂ͓ˡx kǂx kǃ kǃʰ kǃx m m̤ m̰ mː n ŋ ŋˤ ŋǀ͓ ŋ̤ǀ͓ ŋ̥ǀ͓ʰ ŋ̥ǀ͓xˀ ŋ̥ǀ͓ˀ ŋǂ ŋ̤ǂ ŋ̥ǂʰ ŋǂ͓ˡ ŋ̤ǂ͓ˡ ŋ̥ǂ͓ˡʰ ŋ̥ǂ͓ˡxˀ ŋ̥ǂ͓ˡˀ ŋ̥ǂxˀ ŋ̥ǂˀ ŋǃ ŋ̤ǃ ŋ̥ǃ ŋ̥ǃˠˀ ŋ̥ǃˀ o̞ õ̞ o̞ː o̞a õ̞ã o̞aˤ õ̞ãˤ o̞e̞ o̞i õ̞ĩ o̞iˤ õ̞ĩˤ o̞ˤ õ̞ˤ o̞ˤː ɔ̃ˤː p pʰ ɾ s ʃ t tˠ tʰ ts tsˠ tsʰ tsʼ t̠ʃ t̠ʃˠ t̠ʃʰ t̠ʃʼ tʼ u ũ uː ũː ui ũĩ w x z ʒ
433	kuna1268	a b d̪ d̠ʒ e̞ f ɡ h i ɪ j k l m n ɲ ŋ o̞ r s ʃ t̪ t̠ʃ u ʊ w
434	kuni1267	a b d̪ e ɡ ɢ i k l̪|l m n̪|n ŋ p ɽ s̪|s t̪|t u ʊ z̪|z β̞
435	bord1248	a b d̪|d e̞ ɡ ɡʷ i j k kʷ l̪|l m n̪|n o̞ p ɾ̪|ɾ s̪|s t̪|t t̠ʃ u w
436	kwai1243	a e̞ i l m mb n nd ŋ ŋɡ ŋɡʷ ŋʷ o̞ ɸ s t u w x xʷ ʔ
437	kwak1269	a b ç cʰ cʼ d dɮ dz ə ɛ ɡʷ ɢ ɢʷ h i j j̰ ɟ kʷʰ kʷʼ l l̰ ɬ m m̰ n n̰ ɔ pʰ pʼ qʰ qʷʰ qʷʼ qʼ s tʰ tɬʰ tɬʼ tsʰ tsʼ tʼ u w w̰ xʷ ʔ χ χʷ
438	karo1304	a ã aː eː ɛ f h i ĩ iː j k m n̪|n oː p ɾ s s̪ ʃ t̪|t t̠ʃ ʊ ʊː x ʔ β̞
439	lakk1238	a ã aː ãː b̰ e ɛ ɛ̃ ɛː ɛ̃ː f h i iː ĩː ie̞ ĩẽ̞ j j̥ k kʰ kʲ kʲʰ kʷ kʷʰ l̪|l l̪̥|l̥ m m̥ n̪|n n̪̥|n̥ ŋ ŋʲ ŋ̥ʲ ŋʷ õ ɔː ɔ̃ː p pʰ t̪|t t̪ʰ|tʰ t̪s̪|ts t̪s̪ʰ|tsʰ u ũ uː ũː uo ɥ w ʍ ʔ β̞ θ
440	lakk1252	a aː æˤ b d̪|d e̞ˤ ɡ ɢ ɢʷ h ħ i iː j kː kʰ kʷː kʷʰ kʷʼ kʼ l̪|l m n̪|n ø̞ˤ pː pʰ pʼ qː qʰ qʷː qʷʰ qʷʼ qʼ r̪|r s̪|s s̪ː|sː ʃ ʃː ʃʷ ʃʷː t̪ː|tː t̪ʰ|tʰ t̪s̪ː|tsː t̪s̪ʰ|tsʰ t̪s̪ʷː|tsʷː t̪s̪ʷʰ|tsʷʰ t̪s̪ʷʼ|tsʷʼ t̪s̪ʼ|tsʼ t̠ʃː t̠ʃʰ t̠ʃʷː t̠ʃʷʰ t̠ʃʷʼ t̠ʃʼ t̪ʼ|tʼ u uː w x xː xʷ xʷː z̪|z ʒ ʔ χ χː χʷ χʷː
441	lele1264	a ã b d dz ɖ e ɛ ɛ̃ f ɡ ɡb h i ĩ j k kp l m n ɲ ŋ o ɔ ɔ̃ p s t ts u ũ v w
442	lugb1240	a b b̰ d̪ d̪̰ dz e ɛ ɜ f ɡ ɡb h i ɪ j j̰ k kp m n o ɔ p r ɺ s t̪ ts u ʊ v w w̰ z ʔ
443	lahu1253	a b d̪|d d̠ʒ e e̞ ɘ f ɡ ɣ h i ɨ j k kʰ l̪|l m n̪|n ŋ o ɔ p pʰ q qʰ ʃ t̪|t t̪ʰ|tʰ t̠ʃ t̠ʃʰ u v w ʔ
444	lith1251	a æ æː æi ai au ɑː b bʲ d̪|d d̪ʲ|dʲ d̪z̪|dz d̠ʒ eː ɡ ɡʲ iː ie̞ ɪ j k kʲ l lʲ m mʲ n nʲ oː p pʲ r rʲ s sʲ ʃ ʃʲ t̪|t t̪ʲ|tʲ t̪s̪|ts t̪s̪ʲ|tsʲ t̠ʃ uː ui uo ʊ v vʲ x z ʒ ʒʲ
445	lako1247	a ã b ɛ ɣ h i ĩ j k kʰ kʼ l̪|l m n̪|n o p pʰ pʼ s̪|s s̪ʼ|sʼ ʃ ʃʼ t̪|t t̪ʰ|tʰ t̠ʃ t̠ʃʰ t̠ʃʼ t̪ʼ|tʼ u ũ w x xʼ z̪|z ʒ
446	peve1243	a ai ao̞ b b̰ d d̰ dz e e̞o̞ f ɡ h ɦ i j k l ɬ ɮ m mb n nd ndz ŋ ŋɡ o p ɾ s t ts u v w z ʔ
447	luis1253	a e̞ h ɪ j k kʷ l̪ m n̪ ŋ o̞ p q qʷ r̪|r ʂ ʃ t̪ t̠ʃ ʊ v w x xʷ ʔ
448	luok1236	a æ ɒ b d d̪ð d̠ʒ e̞ f ɡ h i ɪ j k l m n ɲ ŋ o̞ p ɾ s ʃ t t̠ʃ t̪θ u ʊ w ʔ
449	lush1252	a b d dz d̠ʒ ə ɡ ɡʷ h ɪ j k kʷ kʷʼ kʼ ɬ p pʼ q qʷ qʷʼ qʼ s ʃ t tɬʼ ts tsʼ t̠ʃ t̠ʃʼ tʼ ʊ w xʷ ʔ χ χʷ
450	chiq1250	a ã b ð ɛ ɛ̃ ɣ h i ĩ j k l̪|l m n n̠ n̪d̪|nd ndz n̠d̠ʒ ɳɖʐ ŋɡ o õ p r̪|r s̪|s ʂ t̪|t ts t̠ʃ ʈʂ ʔ β
451	masa1300	a ɓ ɗ e ɛ ɠ i ɪ j ʄ k l m n ɲ ŋ o ɔ p r̥ ɾ s ʃ t t̠ʃ u ʊ w
452	cent2144	a ã ɐ ɓ ɗ̪|ɗ e ẽ ə ə̃ ɛ ɡ ɡʷ h i ĩ j j̥ j̰ k kʰ kʷ kʷʰ kʷʼ kʼ l̪|l m m̥ m̰ n̪|n n̪̥|n̥ ɲ ɲ̥ ɲ̰ o õ ɔ p pʰ R̪|R s̪|s s̪ʰ|sʰ s̪ʼ|sʼ ʃ t̪|t t̪ʰ|tʰ t̪s̪|ts t̪s̪ʰ|tsʰ t̪s̪ʼ|tsʼ t̠ʃ t̠ʃʰ t̠ʃʼ t̪ʼ|tʼ u ũ w w̰ ʍ z̪|z ʒ ʔ
453	maxa1247	a ã e̞ ẽ̞ h i ĩ k mb nd n̠d̠ʒ ŋɡ o̞ õ̞ p t t̠ʃ ɯ ɯ̃ ʔ
454	came1252	a b bv d d̠ʒ e f ɡ h i j k l m n n̠ ŋ o ɔ p s t t̠ʃ u w
455	mbum1254	a ã b b̪ ɓ d ɗ e̞ f ɡ ɡb h i ĩ j k kp l m mb ɱv n nd n̠ʒ ɲ ŋ ŋɡ ŋmɡb o̞ p r s t u ũ v w ʒ
456	maba1277	a b d̪|d ɖ e ɛ f ɡ i j ɟ k l m n ɲ ŋ o ɔ r s ʃ t̪|t ʈ u w z ʒ ʔ
457	dizi1235	a ɐ b d̪|d d̠ʒ e̞ f ɡ h i j k kʼ l̪|l m n̪|n o̞ R̪|R s̪|s ʃ t̪|t t̪s̪ʼ|tsʼ t̠ʃ t̠ʃʼ t̪ʼ|tʼ u w z̪|z ʒ β
458	mbaa1245	a b ɓ d̪|d d̠ʒ ɗ̪|ɗ e ɛ f ɡ ɡb i j k kp l̪|l mb n̠ n̪|n n̪d̪|nd n̠d̠ʒ ŋɡ ŋmɡb o ɔ p t̪|t t̠ʃ u v w
459	mogh1245	a b d̪|d d̠ʒ ɛ f ɡ h i ʝ k l̪|l m n̪|n ŋ ɔ p q r̪|r ʀ s̪|s ʃ t̪|t t̠ʃ u w x z̪|z ʔ
460	east2328	ð ə ɛ f ɣ i j k l̪|l ʎ m n̪|n ɲ ŋ ø o̞ p pʲ ɾ̪|ɾ s̪|s s̪ʲ|sʲ ʃ t̪|t t̪ʲ|tʲ t̪s̪|ts t̠ʃ u ʌ x y z̪|z ʒ β
461	sanm1295	a ã ð e̞ ẽ̞ h i ĩ k kʷ l̪|l ŋ o̞ õ̞ p r̪|r s̪|s ʃ t̪|t t̠ʃ u ũ ʒ ʔ β
462	tuuu1240	a b d̪|d d̪z̪|dz d̠ʒ e̞ ɡ ɢ h i ʝ k l̪|l m n̪|n ŋ o̞ p q r̪|r s̪|s ʃ t̪|t t̠ʃʰ u v x z̪|z
463	manc1252	a b d̪ d̠ʒ e̞ f ɡ i j k l̪ m n̪ ŋ ø o̞ ɵ̞ p r̪|r s̪ ʃ t̪ t̠ʃ u x
464	morb1239	a e̞ h i j k m mb n̪|n n̪d̪|nd ŋɡ o̞ R̪|R s̪|s t̪|t u w ʔ β
465	moro1285	a b d̪ ð d̠ʒ ɖ e ɘ ɤ f ɡ i j k l m n ɲ ŋ o p r ɺ̠ s t̪ t̠ʃ ʈ u w
466	mull1237	a ɛ i j k l l̠ m n n̠ ŋ ø̠ p r ɹ t t̠ ʊ w
467	maun1240	a ɛ ɣ i j k l ɭ m n n̠ ɳ ŋ ɔ p r ɹ ɽ t t̠ ʈ u
468	dadi1250	a ã e̞ ẽ̞ h i ĩ j k kʰ m n o̞ õ̞ p pʰ ɾ s t tʰ u ũ w
469	west2600	a b d̪ d̠ʒ e̞ ə ɡ h i k l̪|l m n̠ n̪ ŋ o̞ p ɸ r̪|r s̪|s t̪ t̠ʃ u
470	marg1265	a b ɓ d dz d̠ʒ ɗ ɛ f ɡ ɣ ɨ j k l ɬ ɮ m n ŋ o̞ p r s ʃ t ts t̠ʃ v w x z ʒ ʔ
471	mara1404	a b d ɡ h i ɨ k l m n ŋ o̞ p ɾ t ʔ
472	toto1305	a æ d̪ e̞ ə ɡ i ɨ j k m n o ɔ p s̪ ʃ t̪ ts͇ u v ʒ ʔ
473	murl1244	a b ɓ c d̪|d ɗ̪|ɗ e̞ ɡ h i j ɟ k l̪|l m n̪|n ɲ ŋ o̞ p r̪|r ʃ t̪|t u w θ
474	murr1258	a b d d̪ ɖ ɛ ɡ i j k l ɭ m n n̪ ɳ ŋ p r ɽ t t̪ ʈ ʊ w
475	kala1377	a b d d̪ e̞ ə ɡ i j k l m n n̠ ŋ o̞ p r s t t̪ u w z
476	nucl1310	a æ̃ b ð d̪|d d̠ʒ e ẽ̞ĩ ə ɛ ɡ h i ɪ̃ j k kʰ l̪|l l̪̥|l̥ m m̥ n̪|n n̪̥|n̥ ɲ ɲ̥ ŋ ŋ̥ o õ̞ũ ɔ p pʰ s̪|s s̪ʰ|sʰ ʃ t̪|t t̪ʰ|tʰ t̠ʃ t̠ʃʰ u ʊ̃ w ʍ z̪|z ʔ θ
477	pira1253	a b ɡ h i k o̞ p s̪|s t̪|t ʔ
478	nucl1240	a ã b ɓ d ɛ ɛ̃ f ɡ ɡb h i ĩ j k kp l m n ŋʷ o̞ õ̞ ɔ p r s ʃ t u ũ v w z ʒ
479	movi1243	a ɓ ɗ e̞ h i j k kʷ l ɬ m n o̞ p ɾ ʂ t t̠ʃ u w ʔ β
480	sout2994	a ã a̰ ã̰ ɓ ɗ̪|ɗ e̞ ẽ̞ e̞̰ ẽ̞̰ h hˀ i ĩ ḭ ḭ̃ j k kʰ kʷ kʷʰ kʷʼ kʼ n n̪̰|n̰ o̞ õ̞ o̞̰ õ̞̰ p pʰ pʼ ɺ̠ ɺ̠̰ s sˀ t t̪ʰ|tʰ tʼ u ṵ w ʔ
481	minn1241	a b d̪|d d̪z̪|dz d̠ʒ e ɡ h i k kʰ m n̪|n ŋ o ɔ p pʰ s̪|s t̪|t t̪ʰ|tʰ t̪s̪|ts t̪s̪ʰ|tsʰ u ʔ
482	nama1264	a ã e ə h i ĩ k kxʰ kǀ͓ kǀ͓ˠʰ kǁ͓ kǁ͓xʰ kǃ kǃ̠ kǃxʰ kǃ̠xʰ m n̪ ŋǀ͓ ŋ̥ǀ͓ʰ ŋ̥ǀ͓ˀ ŋǁ͓ ŋ̥ǁ͓ʰ ŋ̥ǁ͓ˀ ŋǃ ŋǃ̠ ŋ̥ǃ ŋ̥ǃ̠ʰ ŋ̥ǃˀ ŋ̥ǃ̠ˀ o p r s t̪ t̪s̪ʰ u ũ x ʔ
483	naas1242	a b ɛ i k m n̪|n o p ɾ̪|ɾ t̪|t u ʔ
484	nava1243	a ã aː ãː d̪ɮ̪|dɮ ɛ ɛ̃ ɛː ɛ̃ː ɣ h iː ĩː ɪ ɪ̃ j k kʰ kʷʰ kʼ l̪|l ɬ̪|ɬ m n̪|n oː õː ɔ ɔ̃ p s̪|s ʃ t̪|t t̪ʰ|tʰ t̪ɬ̪|tɬ t̪ɬ̪ʼ|tɬʼ t̪s̪|ts t̪s̪ʰ|tsʰ t̪s̪ʼ|tsʼ t̠ʃ t̠ʃʰ t̠ʃʼ t̪ʼ|tʼ w x z̪|z ʒ ʔ
485	naxi1245	æ ɑ b ɕ d d̪z̪ dʑ ɖʐ ə ə˞ ɛ f ɡ ɣ i k kʰ l m mb n nd n̪d̪z̪ ndʑ ɲ ɳɖʐ ŋɡ o̞ p pʰ s̪ ʂ t tɕ tɕʰ tʰ t̪s̪ t̪s̪ʰ ʈʂ ʈʂʰ u ɯ ɯ͓ v y z̪ ʐ ʑ χ
486	nort2957	a ɛ i j k kʷ l m n̪ o̞ p ɸ̞ s ʃ t̪ tɬ ts t̠ʃ ʔ β̞
487	ndut1239	a b ɓ c d̪|d ɗ̪|ɗ e ɛ ɘ f ɡ ɣ h i j ɟ k l̪|l m mb n̪|n n̪d̪|nd ɲ ɲɟ ŋ ŋɡ ɔ p R̪|R s̪|s t̪|t u w ʔ
488	east1436	a ã b b̤ d̪ d̪̤ dz dz̤ ɖ ɖ̤ e̞ ẽ̞ ə ə̃ ɡ ɡ̤ h i ĩ k kʰ l m n̪ ŋ o̞ õ̞ p pʰ ɾ s t̪ t̪ʰ ts tsʰ ʈ ʈʰ u ũ
489	newa1246	a̟ ã̟ b b̤ d̪|d d̪̤|d̤ d̪z̪|dz d̪z̪̤|dz̤ ɤ̞ ɤ̞̃ ɡ ɡ̤ ɦ i ĩ k kʰ l̪|l l̪̤|l̤ m m̤ n̪|n n̪̤|n̤ p pʰ s̪|s t̪|t t̪ʰ|tʰ t̪s̪|ts t̪s̪ʰ|tsʰ u ũ
490	nezp1238	a æ h ɪ j j̰ k kʼ l l̰ ɬ m m̰ n̪ n̪̰ ɔ p pʼ qʼ qχ s t t̪ tʼ t̪ʼ ɯ w w̰ x ʔ
491	ngiz1242	a aː b b̰ c d d̰ e̞ː f ɡ ɡʷ h i j ɟ ɟ̰ k kʷ l ɬ ɮ m mb n nd ɲ ŋɡ ŋɡʷ o̞ː p r ɾ s ʃ t u v w z ʒ
492	noon1243	a aː b d̪|d d̠ʒ e̞ː ə ɛ ɛː f ɡ i iː j k l̪|l m n̪|n ɲ ŋ o oː ɔ ɔː s̪|s ʃ t̪|t t̠ʃ uː ɰ ʊ w ʔ
493	niel1243	a ã b ɓ d d̠ʒ ɗ e̞ ẽ̞ ə ə̃ ɡ h i ĩ ɨ j k l m mb n nd n̠d̠ʒ ŋɡ o̞ õ̞ p ɾ s t t̠ʃ u ũ w ʔ
494	ngan1291	a a̟ b c ð d̪|d e̞ ə ɡ i ɨ j ɟ k kx l̪|l ʎ m n̪|n ɲ ŋ o̞ p r̪|r s̪|s t̪|t u y ʔ
495	nucl1633	a b d̪ e̞ ɤ̞ ɡ h i ɨ k m n̪ ŋ p R̪ s̪ t̪ ɯ
496	gily1242	a ɛ ɣ h ɪ ɪe̞ j k kʰ l m n n̠ ŋ ɔ p pʰ ɸ q qʰ r r̥ ʁ s t t̠ tʰ t̠ʰ u ʌ w x z β χ
497	aona1235	a cç e i j k l ɭ͓ m n ŋ o p s t u ɯ w z ʔ
498	nort2952	a ɓ cʰ cʼ ɗ e̞ h i ɨ j kʰ kʼ l m n o̞ pʰ pʼ s tʰ tʼ u w
499	norw1259	a æ æː æi æʉ ai ɑː ɒ̝ b ç d̪ ɖ e̞ eː ə f ɡ h iː ɪ j kʰ l ɭ m n̪ ɳ ŋ ø̞ː o̞ː œ øy ɔy pʰ ɾ s ʃ t̪ʰ ʈʰ uː ʉ ʉː ʊ ʋ yː ʏ
500	nuuc1236	a ɛ h ħ i j j̰ k kʷ kʷʼ kʼ ɬ̪|ɬ m m̰ n̪|n n̪̰|n̰ o ɔ p pʼ q qʷ qʷʼ qʼ s ʃ t̪ t̪ɬ̪|tɬ t̪ɬ̪ʼ|tɬʼ ts tsʼ t̠ʃ t̠ʃʼ t̪ʼ w w̰ x xʷ ʔ ʔˤ χ χʷ
501	nara1262	a b d̪|d d̠ʒ e̞ f ɡ h i j k l̪|l m n̪|n ŋ o̞ r̪|r s̪|s ʃ t̪|t u w
502	nung1283	ă a̟ aɯ b̰ d̪̰|d̰ e̞ f h i ɪ̆ j k kʰ l̪|l ɬ̪|ɬ m n̪|n ŋ o̞ p pʰ ʃ t̪|t t̪ʰ|tʰ t̠ʃ t̠ʃʰ u ɯ ɯ̞̆ ʊ̆ w ʔ
503	nung1290	a ɐ ɪ j k l l̪ ɭ m n n̠ n̪ ɳ ŋ p r ɻ t t̠ t̪ ʈ ɯ̞ w
504	amas1236	a b d d̪ e ɛ ɡ i j ɟ k l m n ɲ ŋ o ɔ R ɺ s t t̪ u w
505	nyan1313	a ɓ c ɗ e ɛ ɠ i j ʄ k l ɬ m n ɲ ŋ o ɔ p r s̪ t u w
506	ocai1244	a ã b dʲ dz ɛ ɡ h i ĩ k m mː n nː ɲ ɲː o õ p ɸ ɾ s ʃ t tʲ ts t̠ʃ ɯ ɯ̃ x ʒ ʔ β
507	ogbi1239	a ɐ b ɓ d̪|d ɗ̪|ɗ e ɛ f ɡ ɡb ɣ i ɪ j k kp l̪|l m n̪|n n̪ʷ|nʷ ɲ o ɔ p R̪|R s̪|s t̪|t u ʊ v w z̪|z β
508	east2542	a aː ãː ɛː ɛ̃ː ʰk ʰp ʰs̪|ʰs ʰʃ ʰt ʰt̠ʃ iː ĩː ɪ k l̪|l m n oː õː p s̪|s ʃ t t̠ʃ ʊ ʔ
509	toho1245	a b d̪ d̠ʒ ɖ ɡ h i ɨ j k m n̠ n̪ ɔ p ɺ̠ s̪ ʂ t̪ t̠ʃ u w ʔ
510	ormu1247	a̟ b d̪|d d̪z̪|dz d̠ʒ e f ɡ h ɪ j k l̪|l m n̪|n o ɔ p r̪|r ʁ s̪|s ʃ t̪|t t̪s̪|ts t̠ʃ ʊ x z̪|z ʒ β̞ χ
511	paco1243	a æ ɒ b̰ d̠̰ d̰ e ɛ ɘ ɜ h i iə ɨ ɨə j k l m n n̠ ŋ o ɔ p r ʃ t t̠ u uə ʔ β̞
512	pech1241	a ã b e̞ ẽ̞ h i ĩ j k kʷ l̪|l m n̪|n ɲ o̞ õ̞ p r̪|r ɾ̪|ɾ s̪|s ʃ t̪|t u ũ w w̃ ʔ
513	paez1247	a ã ç ɛ ɛ̃ ɣ h i ĩ j k m mb n nd ndʲ nz n̠ʒ ɲ ŋɡ p ɸʲ ɺ ɺʲ ɾ s ʃ ʃʲ t tʲ ts t̠ʃ u ũ w ʔ β
514	enap1235	a ã e̞ ẽ̞ ə̃ ɤ̞ i ĩ j k m n̪|n o̞ õ̞ p R̪|R t̠ t̪|t t̪s̪|ts t̠ʃ u ũ ɯ w ʔ
515	bouy1240	a aː b c cʰ d̪|d ə ɛ f h i ia j k kʰ l̪|l m n̪|n ɲ ŋ ɔ p pʰ R̪|R s̪|s t̪|t t̪ʰ|tʰ u ua ɯ ɯa w ʔ θ
516	west2369	a̟ ɑ b d̪ d̠ʒ e f ɡ ɢ h i j kʰ l m n̪ o pʰ r s ʃ t̪ʰ t̠ʃ u v w z ʒ ʔ χ
517	plat1254	a b d̪ d̪z̪ ɖr̠͓ e̞ f ɡ h i j k l̪|l m n̪|n o p r̪|r s̪|s t̪ t̪s̪ ʈɹ̠̥ v w z̪|z
518	sout2982	a b d ɛ f h ɪ j k kʼ l̪|l m n̪|n ɔ p pʼ q qʼ ɾ̪|ɾ s̪|s ʃ t t̪ ts tsʼ tʼ t̪ʼ ʊ w x ʔ χ
519	pohn1238	a ɛ ɪ j k l̪ m mʷ n̪ ŋ o ɔ p pʷ r s t̪ ʈʂ u w
520	para1301	a a̤ ai a̤i̤ au a̤ṳ aɯ a̤ɯ̤ b b̤ d̪|d d̪̤|d̤ d̠ʒ d̠ʒ̤ e e̤ ɛ ɛ̤ ɤ ɤ̤ ɤi ɤ̤i̤ f ɡ ɡ̤ i i̤ ia i̤a̤ iɛ i̤ɛ̤ io̞ iu i̤ṳ k kʰ l̠ l̠̤ l̪|l l̪̤|l̤ m m̤ n̠ n̠̤ n̪|n n̪̤|n̤ ŋ ŋ̤ o o̤ o̞i o̤i̤ ɔ ɔ̤ ɔi ɔ̤i̤ p pʰ ʃ t̪|t t̪ʰ|tʰ t̠ʃ t̠ʃʰ u ṳ ua ṳa̤ ui ṳi̤ ɯ ɯ̤ ɯi ɯ̤i̤ v v̤ ʒ ʒ̤
521	cent1973	a ɑː b d̪ d̪z̪ d̠ʒ ɖ e̞ː ə f ɡ h i j k l̠ m n̪ ɳ o̞ː p r ɺ̠ ʁ s ʂ ʃ t̪ t̪s̪ t̠ʃ ʈ u w z ʐ ʒ β χ
522	paiw1248	a b d̪|d d̪ʲ|dʲ ɖ ə ɡ i j k l̪ʲ|lʲ m n̪|n ŋ p q r̪|r ɺ̠ ʂ t̪|t t̪ʲ|tʲ ʈʂ u v ʐ ʔ
523	pwon1235	a a̟ ai aɨ au ɓ ɗ e ɘ fʷ ɣ h i ɨ ʝ k kʰ l m n ɲ ŋ o ɔ p pʰ r s̪ ʃ t tʰ t̠ʃ t̠ʃʰ u vʷ x ʔ
524	sout2991	a ð ɛ ɣ h ɪ j k kʰ kʼ l̪|l ʎ m n̪|n ɲ ɔ p pʰ pʼ ɸ q qʰ qʼ r̪|r ɾ̪|ɾ s̪|s ʃ t̪|t t̪ʰ|tʰ t̠ʃ t̠ʃʰ t̠ʃʼ t̪ʼ|tʼ ʊ w β
525	quil1240	a æ b d ɡ h i j k kʷ kʷʼ kʼ l ɬ p pʼ q qʷ qʷʼ qʼ s ʃ t tɬ tɬʼ ts tsʼ t̠ʃ t̠ʃʼ tʼ u w x xʷ ʔ χ χʷ
526	resi1247	a b d dʲ dz d̠ʒ ɛ ɡ h i j k kʰ m m̥ n n̥ ɲ ɲ̥ ɔ p pʰ ɸ s ʃ t tʰ tʲ ts tsʰ t̠ʃ t̠ʃʰ ɯ w ʔ
527	roma1327	a b d̪ d̠ʒ e e̞a e̞o̞ ə f ɡ h i ɨ j k l̪ m n̪ o o̞a p r̪ s̪ ʃ t̪ t̪s̪ t̠ʃ u v w z̪ ʒ
528	roto1249	a ᴅ e̞ ɡ i k o̞ p t u β
529	waim1251	a b e̞ h i k m n̪ o̞ p ɾ̪ t̪ u ʔ
530	russ1263	a b bʲ d̪ d̪ʲ ɛ f fʲ ɡ i j k kʲ l̪ˠ l̪ʲ m mʲ n̪ n̪ʲ ɔ p pʲ r̪ r̪ʲ s̪ s̪ʲ ʃˠ t̪ t̪ʲ ts t̠ʃ u v vʲ x z̪ z̪ʲ ʒˠ
531	rutu1240	a b d̪|d d̪z̪|dz d̠ʒ d̠ʒʷ e̞ ɡ ɡʷ ɢ ɢʷ ɢʷˤ ɢˤ ɣ h ħ i ɨ j kʰ kʷʰ kʷʼ kʼ l̪|l m n̪|n pʰ pʼ qʰ qʷʰ qʷʼ qʷˤʰ qʷˤʼ qʼ qˤʰ qˤʼ r̪|r ʁ ʁʷ ʁʷˤ ʁˤ s̪|s s̪ʷ|sʷ ʃ t̪ʰ|tʰ t̪s̪ʰ|tsʰ t̪s̪ʷʰ|tsʷʰ t̪s̪ʷʼ|tsʷʼ t̪s̪ʼ|tsʼ t̠ʃʰ t̠ʃʷʼ t̠ʃʼ t̪ʼ|tʼ u x xʷ z̪|z ʔ ʔˤ β̞ χ χʷ χʷˤ χˤ
532	sand1273	a b d dɮ dz e̞ f ɡ ɡǀ͓ ɡǁ͓ ɡǃ̠ h i i̥ j k kʰ kʼ kǀ͓ kǀ͓ʰ kǀ͓ˀ kǁ͓ kǁ͓ʰ kǁ͓ˀ kǃ̠ kǃ̠ʰ kǃ̠ˀ l ɬ m n ŋ ŋǀ͓ ŋǁ͓ ŋǃ̠ o̞ p pʰ pʼ ɾ s t tʰ tɬ tɬʼ ts tsʰ tsʼ tʼ u u̥ w x ʔ
533	sang1328	a ã b ɓ d̪|d e ɛ ɛ̃ f ɡ ɡb h i j k kp l m mb ɱv n̪|n n̪d̪|nd n̠ʒ ŋɡ ŋmɡb o ɔ ɔ̃ p ɺ̠ ʃ t̪|t u ũ v w ʒ
534	yaku1245	a b d̪|d d̠ʒ ɛ f ɡ i ie̞ j j̃ k l̪ˠ|lˠ m n̪ ɲ ŋ œ ɔ p r̪|r s̪ ʃ t̪|t t̠ʃ u uo ɯ ɯa v y yø̞ z̪ ʒ
535	seda1262	a a̰ b̰ d̪̰|d̰ e ḛ ɛ ɛ̰ h i ḭ j j̥ j̰ k kʰ l̪|l l̪̥|l̥ l̪̰|l̰ m m̥ m̰ mb n̪|n n̪̥|n̥ n̪̰|n̰ n̪d̪|nd n̠d̠ʒ ɲ ɲ̥ ɲ̰ ŋ ŋ̥ ŋ̰ ŋɡ o o̰ ɔ ɔ̰ p pʰ r̪|r r̪̥|r̥ r̪̰|r̰ s̪|s ʃ t̪|t t̪ʰ|tʰ t̠ʃ u ṵ w w̰ ʍ ʔ
536	sene1264	a æ b d̪z̪|dz e ɛ̃ h i j k m n̪|n o̞ ɔ̃ s̪|s t̪|t u w ʔ
537	ceba1235	a ã b d̪|d d̪ʲ|dʲ e ɛ ɛ̃ f ɡ ɡb i ĩ j k kp l̪|l m n̪|n ɲ ŋ o ɔ ɔ̃ p s̪|s s̪ʲ|sʲ t̪|t t̪ʲ|tʲ u ũ v w z̪|z z̪ʲ|zʲ ʔ
538	selk1253	a a̟ aː a̟ː e̞ e̞ː ɤ̞ ɤ̞ː ɣ iː j k l̪|l l̪ʲ|lʲ m n̪|n ɲ ŋ o̞ ø̞ː o̞ː p q R̪|R s̪|s ʃ t̪|t t̪ʲ|tʲ ʈʂ u uː w y yː
539	koyr1242	a ã b d e̞ ẽ̞ f ɡ i j k l m n ŋ o õ R s t u ũ w z
540	nucl1632	a̟ d̪|d e ə ɛ f h i j k m n̪|n ɔ p t̪|t u w
541	nina1238	a ã e̞ ẽ̞ ə ə̃ h i ĩ j k m n̪|n o̞ õ̞ p ɾ̪|ɾ s̪|s ʃ t̪|t t̪ʰ|tʰ t̠ʃ ɯ ɯ̃ w
542	tach1250	æ b d̪|d d̪ˤ|dˤ f ɡ ɣ h ħ i j k kˤ l̪|l l̪ˤ|lˤ m n̪|n r̪|r r̪ˤ|rˤ s̪|s s̪ˤ|sˤ ʃ t̪|t t̪ˤ|tˤ u w x z̪|z z̪ˤ|zˤ ʒ ʕ
543	shus1248	a ə ɛ h i j j̰ k kʷ kʷˀ kˀ l̪|l l̪̰|l̰ ɬ̪|ɬ m m̰ n̪|n n̪̰|n̰ ɔ p pˀ q qʷ qʷˀ qˀ ʁ̞ ʁ̞ʷ ʁ̞̰ʷ ʃ t̪|t t̪ɬ̪ˀ|tɬˀ t̠ʃ t̠ʃˀ u ɰ ɰ̰ ʌ w w̰ x xʷ ʔ χ χʷ
544	shas1239	a e̞ h i j k kʼ m n̪|n p pʼ R̪|R s̪|s t̪|t t̠ʃ t̠ʃʼ t̪ʼ|tʼ u w x ʔ
545	sinh1246	a̟ aː æː ɑ b cç d̪ ɖ e̞ eː ə əː ɡ ɦ iː ɪ j ɟʝ k l m n ɲ ŋ o̞ oː p ɸ ɾ s ʃ t̪ ʈ uː ʊ ʋ
546	epen1239	a ã b d e ẽ ɡ h i ĩ ɨ ɨ̃ ɨ̞ ɨ̞̃ j k kʰ o õ p pʰ r ɾ s t tʰ t̠ʃ u ũ ʔ β̞
547	sout2985	a ɛ h i ɨ j k l m n ŋ ɔ p s̪ ʃ t t̪ t̠ʃ u w ʔ
548	sali1298	a ã b d d̠ʒ e̞ ẽ̞ ɡ ɡʷ h i ĩ k kʷ l m n n̠ o̞ õ̞ p ɸ r ɾ s t t̠ʃ u ũ x ʔ β
549	sout2674	a b bʲ d̪|d d̪ʲ|dʲ d̪z̪|dz d̪z̪ʲ|dzʲ d̠ʒ e̞ f fʲ ɡ ɡʲ h hʲ i ɨ j k kʲ l̪|l l̪ʲ|lʲ m mʲ n̪|n n̪ʲ|nʲ ɲ ŋ ŋʲ o̞ p pʲ r̪|r r̪ʲ|rʲ s̪|s s̪ʲ|sʲ ʃ t̪|t t̪ʲ|tʲ t̪s̪|ts t̪s̪ʲ|tsʲ t̠ʃ u β̞ β̞ʲ
550	sion1247	a ã e̞ ẽ̞ h hʷ i ĩ ɨ ɨ̃ j k kʷ kʷˀ kˀ m n o̞ õ̞ p pˀ s sˀ t̪ t̠ʃ ʈˀ u ũ w ʔ
551	saba1265	a b d d̠ʒ ə ɛ ɡ h i ɨ j k l m n ɲ ŋ ɔ p ɾ s t t̠ʃ u w ʔ
552	soma1255	a æ b d̪ ɖ̰ e̞ ɛ f ɡ ɢ h ħ i ɪ j kʰ l m n ɔ ɵ̞ ɾ s ʃ t̪ʰ t̠ʃ ʉ̞ ʊ w x ʔ ʕ
553	stan1288	a ð ᴅ e̞ f ɣ i j k l̪ ʎ m n̪ ɲ o̞ p r s̪ t̪ t̠ʃ u w x β θ
554	sele1250	a ɑ̝ ɛ h i j kʰ l m mb n̪ n̪d̪ ŋ ŋɡ o pʰ ɾ s t̪ʰ u w
555	soqo1240	a b d̪|d e̞ ə f ɡ h ħ i j k kʼ l̪|l l̪̰|l̰ ɬ̪|ɬ ɮ̪|ɮ m n̪|n o̞ R̪|R R̪̰|R̰ s̪|s s̪ʼ|sʼ ʃ ʃʼ t̪|t t̪ʼ|tʼ u w z̪|z ʒ ʔ ʕ
556	siri1273	a ã b e ẽ h i ĩ iˠ ĩˠ j k kʲ mb n̪d̪|nd n̠d̠ʒ ŋɡ o õ p ɾ̪|ɾ s̪|s ʃ t̪|t t̠ʃ u ũ w
557	natu1246	a ã æ æ̃ ɑ ɑ̃ e̞ e̞i ə ə̃ i ĩ j k kʰ kʲ kʷ l̪|l m mb mbʷ mʷ n̪|n n̪d̪|nd n̪d̪ʷ|ndʷ n̪ʲ|nʲ n̪ʷ|nʷ ŋ ŋɡ ŋɡʷ ŋʷ o̞ õ̞ p pʰ pʲ pʷ s̪|s t̪|t t̪ʰ|tʰ t̪ʲ|tʲ t̪ʷ|tʷ u ũ ʉ v w
558	suen1241	a b d̪|d d̪z̪|dz ɛ ɡ i j k m n̪|n ɔ p ɾ̪|ɾ s̪|s t̪|t u w
559	savo1255	a e̞ ɣ i k l m mb n nd ɲ ɲɟ ŋ ŋɡ o̞ p ɾ s t u z β
560	suii1243	a b b̰ d̪|d d̪̰|d̰ e̞ ə ɜ ɣ ɣ̰ h i j j̰ k kʰ kʷ kʷʰ l̪|l m m̥ m̰ n̪|n n̪̥|n̥ n̪̰|n̰ ɲ ɲ̥ ɲ̰ ŋ ŋ̥ ŋ̰ ŋʷ ŋ̥ʷ o̞ p pʰ ɸ q qʰ ʁ s̪|s ʃ t̪|t t̪ʰ|tʰ ts tsʰ t̠ʃ t̠ʃʰ u w w̰ x z̪|z ʔ
561	east2347	a a̤ e e̤ h i i̤ j k kʰ l̪ m n̪ ŋ o o̤ p pʰ r̪ s̪ t̪ t̪ʰ ts͇ t̪s̪ ts͇ʰ t̪s̪ʰ u ṳ w
562	atay1247	a ɛ ɣ ħ i iː j k l̪|l m n̪|n ŋ ɔ p q ɾ̪|ɾ s̪|s t̪|t t̪s̪|ts u uː w x ʒ ʔ β
563	aika1237	a ã b d̪|d d̪z̪|dz d̠ʒ e̞ f ɡ h i ɪ̃ ɨ j k m n̪|n ɲ o̞ p ɺ̠ s̪|s ʃ t̪|t t̪s̪|ts t̠ʃ u ũ y ʒ ʔ β̞
564	gaam1241	a b c d̪ ð e ə ɛ f ɡ h i ɪ j ɟ k l m n ɲ ŋ o ɔ p r s ʃ t̪ u w z ʔ θ
565	ticu1245	a ã b d̪|d d̠ʒ e̞ f ɡ i ĩ ɨ ɨ̃ k kʷ m n̪|n ɲ ŋ o̞ õ̞ p ɾ̪|ɾ s̪|s t̪|t t̠ʃ u ũ w ʔ
566	tulu1258	aː ɐ b d̪ d̠ʒ ɖ e eː ɛ ɛː ɡ i iː j k l̪ ɭ m n̪ ɲ ɳ ŋ o oː p r s ʂ ʃ t̪ t̠ʃ ʈ u uː ɯ ʋ x
567	tehu1242	a b ɕ d̪ e̞ ə h i ɨ j k kʼ l̪ l̪̥ m n̪ o̞ p pʼ q r̪ s̪ ʃ t̪ tɕ tɕʼ t̪s̪ t̪s̪ʼ t̠ʃ t̠ʃʼ t̪ʼ u w x ʔ
568	telu1262	aː æː b b̤ ɕ d̪ d̪̤|d̤ dz ɖ ɖ̤ e eː ɜ f ɡ ɡ̤ ɦ i iː j k kʰ l ɭ m n ɳ o oː p pʰ ɾ s ʂ t̪ tɕ ts ʈ ʈʰ u uː β̞ β̞ː
569	timn1235	a ɑ b d e ɛ f ɡb h i j k l m n o ɔ p r s t t̪ u w ʔ
570	nucl1339	a b d d̪ e ɛ ɡ i j ɟ k l m n̪ ɲ ŋ o ɔ p r s t t̪ u w
571	tetu1245	a b d̪|d e̞ f h i k l̪|l m n̪|n o̞ p r̪|r s̪|s t̪|t u w ʔ
572	tiga1245	ɐ b ɛ ɡ i k ɮ m n ŋ ɔ p r s t u β
573	taga1270	a b d̪ e̞ f ɡ h ɪ j k l m n̪ ŋ o̞ p ɾ s t̪ t̠ʃ ʊ w ʔ
574	thai1261	a æ b d̪ e ɘ f h i ɨ j k kʰ l̪|l m n̪ ŋ o ɔ p pʰ ɾ s̪ t̪ t̪ʰ t̪s̪ t̪s̪ʰ u w ʔ
575	taha1241	æ æː ɐ b d̪ d̪ˤ e̞ e̞ː ə f ɡ h i iː j ɟ k l̪ m n̪ ɲ o̞ o̞ː q r̪ ʁ s̪ ʃ t̪ t̪ˤ u uː w z̪ z̪ˤ ʒ χ
576	tigr1270	a̟ː b d̪ d̠ʒ e̞ː ə ɜ f ɡ h ħ iː j k kʼ l m n̪ o̞ː r s ʃ t̪ tsʼ t̠ʃ t̠ʃʼ t̪ʼ uː w z ʒ ʔ ʕ
577	tiwi1244	a ɣ i j k l ɭ m mp n n̪ nt n̪t̪ ɳ ɳʈ ŋ ŋk ɔ p ɻ ɾ t t̪ ʈ u w
578	tiru1241	a b d ɛ ɡ h i ɨ j k l m n ŋ ɔ ɸ r s t u w ʔ
579	tlin1245	a b d̪|d d̪ɮ̪|dɮ d̪z̪|dz d̠ʒ e̞ ɡ ɡʷ ɢ ɢʷ i j k kʷ kʷʼ kʼ ɬ̪|ɬ ɬ̪ʼ|ɬʼ n̪|n o̞ p pʼ q qʷ qʷʼ qʼ s̪|s s̪ʼ|sʼ t̪|t t̪ɬ̪|tɬ t̪ɬ̪ʼ|tɬʼ t̪s̪|ts t̪s̪ʼ|tsʼ t̠ʃ t̠ʃʼ t̪ʼ|tʼ u w x xʷ xʷʼ xʼ ʔ χ χʷ χʷʼ χʼ
580	talo1250	a b d d̪ ɛ ɡ i ɪ j ɟ l m n ɲ ŋ ɔ R s u ʊ w
581	tama1331	a b ɓ d̪ ɗ e ɛ f ɡ h ħ i ɪ j ɟ k l m n ɲ ŋ o ɔ r ɾ s t̪ u ʊ w
582	tamn1235	a e ə f i ʝ k m n ɔ p ɾ s t t̠ʃ u w
583	taca1256	a b d ð e̞ i j k m n o̞ p ɾ ɾ͓ ʂ ʃ t t̠ʃ ʈʂ w ʔ β
584	lena1238	a e̞ ə f h i k l m mʷ n ŋ o̞ p pʷ ɾ s t u ɰ w
585	papa1238	aː æ h i iː j k l ɬ m n p q s ʃ t ts t̠ʃ u uː w ʔ
586	tamp1252	a b c d e ɛ f ɡ ɡb h i ɪ j ɟ k kp l m n ɲ ŋ ŋm o ɔ p r s t u ʊ v w z
587	acat1239	a ã b d̪ d̠ʒ e̞ ẽ̞ ɡ h i ĩ j k l̪|l m n̪ o̞ õ̞ p ɸ r s ʃ t̪ ts t̠ʃ u ũ w ʔ
588	trum1247	a ɗ̥ ɛ ɘ f h i j k l̪ m̥ n̪ o p r̪ s ʃ t t̪ ts u w xː ʔ
589	toar1246	a e̞ f h i k l̪|l m o̞ ɔ p s̪|s t̪|t u
590	tonk1249	a aː eː ɛ h i iː j k kʷ l̪ m n̪ oː ɔ p s̪|s t̪|t t̪s̪|ts u uː w x xʷ ʔ
591	lish1246	a aː aˤ aˤː b d̪ d̠ʒ e̞ e̞ˤ f ɡ h i iː iˤ iˤː j k l m n̪ o̞ o̞ˤ p q ɾ ʁ s ʃ t̪ t̠ʃ u uː uˤ uˤː z ʒ ʔ β χ
592	nucl1649	a b d dz ɡ ɡʲ ɡʷ ɢ h i j j̰ k kʲ kʲʼ kʷ kʷʼ kʼ l l̰ ɬ m m̰ n n̰ p pʼ q qʼ s t ts tsʼ tʼ u ɰ ɰ̰ w w̰ ʔ χ
593	tsou1248	a b̰ e̞ f h i k l̪̰|l̰ m n̪|n ŋ o̞ p ʂ t̪|t ʈʂ u ʉ v ʐ ʔ
594	pure1242	a b d ɛ f ɡ h i ɨ˞ j k kʰ kʷ kʷʰ l̪|l ɭ m n̪|n ɲ ŋ o p pʰ ɸ r ɹ s̪|s ʂ ʃ t tʰ ts tsʰ t̠ʃ t̠ʃʰ u w x ʔ
595	tera1251	a b ɓ ɓʲ cç ɕ d ɗ e̞ f ɡ ɡʷ ɠ ɣ ɣʷ i ɨ j ɟʝ ʄ k kʷ l ɬ ɮ m mb n nd ɲ ɲɟʝ ŋ ŋɡ ŋɡʷ o̞ p pʲ r s t u v vʲ w x xʷ z ʑ
596	tuni1252	a b d e ɛ ɡ h i j kʰ l m n o ɔ pʰ r s ʃ tʰ t̠ʃʰ u w ʔ
597	nucl1301	a b c d̪ d̠ʒ ɛ f ɡ ɣ h ɪ j ɟ k l̪|l ʎ m n̪ o̞ œ p r s ʃ t̪ t̠ʃ ɯ̞ ʊ v ʏ z ʒ ʔ
598	nort1550	ɑ ɑ̃ b d̪|d e ẽ ə ə̃ ɡ h i ĩ j k kʷ kʷʼ kʼ l̪|l ɬ̪|ɬ m n̪|n o õ p pʰ pʼ R̪|R s̪|s t̪|t t̪ʰ|tʰ t̠ʃ t̪ʼ|tʼ u ũ w x xʷ ʔ
599	tuvi1240	ɑ b d̪ d̪z̪ d̠ʒ e ɛ ɤ f ɡ i j k l̪ m n̪ ŋ o ø p r s̪ ʃ t̪ t̪s̪ t̠ʃ u y β
600	tzel1254	a b d̪ e̞ ɡ h ɪ kʰ kʼ l̪ m n̪ o̞ p pʼ ɾ s s̪ t̪ ts t̪s̪ tsʼ t̪s̪ʼ t̪ʼ ʊ w y ʔ
601	ngar1284	a c ɛ ɪ ɨ j k l ɭ ʎ m n ɲ ɳ ŋ ɔ p r ɻ ɾ t ʈ ʊ w
602	mund1320	a b b̤ d̪ d̪̤ d̠ʒ d̠ʒ̤ ɖ ɖ̤ e̞ ɡ ɡ̤ h ɪ j k kʰ l̪ ɭ m n̪ ɳ ŋ o̞ p pʰ r s t̪ t̪ʰ t̠ʃ t̠ʃʰ ʈ ʈʰ ʊ w ʔ
603	nort2690	æ ɒ b d̪ d̠ʒ e f ɡ h i j k l m n̪ ŋ ɵ p ɸ q ɾ ʁ s ʃ t̪ t̠ʃ ʉ z β̞ˠ χ
604	vani1248	a ã b d d̠ e ẽ ɛ ɛ̃ ɦ i ĩ l m n n̠ o õ ɔ ɔ̃ ɵ ɵ̃ p s t u ũ β
605	viet1252	a ɐ ɓ c ɗ e ɛ ɤ f ɣ h iʌ ɪ j k l̪ m n̪ ɲ ŋ o ɔ p s t̪ t̪ʰ uʌ ɯ̞ ɯʌ ʊ v ʌ w x z ʔ
606	mbab1239	a b d̠ d̪|d ɡ ɡʷ i j l̪|l m mb n̠ n̪|n n̠d̠ n̪d̪|nd ŋ ŋɡ ŋɡʷ ŋʷ r̪|r ɽ u ɯ w
607	wapp1239	a b d̪ e̞ f ɡ h i j j̰ k kʼ l̪|l l̪̰|l̰ m m̰ n̪|n n̪̰|n̰ o̞ p pʼ R̪|R R̪̰|R̰ s̪|s ʃ t t̪ t̪s̪|ts t̪s̪ʼ|tsʼ t̠ʃ t̠ʃʼ tʼ t̪ʼ u ʔ
608	wapi1253	a ã b̰ d d̰ ɡ h i ĩ ɨ ɨ̃ kʰ m n̠ pʰ ɾ s ʃ tʰ t̠ʃʰ u ũ w ʐ̰ ʔ
609	wara1303	a ã b ɛ ɛ̃ h i ĩ j k kʷ m n o õ ɺ s t u ũ β̞
610	nucl1620	a e̞ i ɪ j k ʟ͓̥ ɬ ɬ̪ m mb n n̪ nd n̪d̪z̪ ŋ ŋɡ ɔ p t t̪s̪ u w
611	wich1260	ɒ ɒː eː ɛ ɛː ɦ i k kʰ kʷ kʷʰ kʼ n̪|n n̪ː|nː oː R̪̰|R̰ s̪|s s̪ː|sː s̪ʼ|sʼ t̪|t t̪ʰ|tʰ t̪s̪|ts t̪s̪ː|tsː t̪s̪ʼ|tsʼ ʈʂʰ u w w̰ ʔ
612	wikm1247	a ɛ i j k l m n n̠ ŋ ɔ p r t t̠ ʊ w ʔ
613	wint1259	a b d d̠ʒ e̞ f h i j k kʼ m n o̞ p pʰ pʼ q qʼ ɹ s t tʰ tɬ tɬʼ tsʼ t̠ʃ t̠ʃʼ tʼ u w x ʔ θ χ
614	wiyo1248	a e̞ i j k kʰ kʷ kʷʰ l̪|l ɬ̪|ɬ m n̪|n o̞ p pʰ ɹ ɻ s̪|s ʃ t̪|t t̪ʰ|tʰ t̪s̪|ts t̪s̪ʰ|tsʰ t̠ʃ t̠ʃʰ u ɰ w ʔ
615	want1252	a æ e̞ ə i k kʷ m mb n̪|n n̪d̪|nd n̪z̪|nz ŋ ŋɡ ŋɡʷ ŋʷ o̞ p s̪|s t̪|t u
616	usan1239	a b d ɛ ɡ i j m mb n nd ŋɡ ɔ p s t u ʌ w ʔ
617	kama1365	a a̟ ɑ ɒ b d̪|d e̠̞ ɛ f ɡ h ɪ ɨ j k l̪|l m n̪|n ŋ o̟̞ ɔ p r̪|r s̪|s t̪|t ʉ ʊ ʋ
618	nucl1347	a aː b bː c d e eː ɛ ɛː f ɡ i iː j ɟ ɟː k l̪ l̪ː m mː n nː ɲ ŋ ø oː ɔ ɔː p qχ ɾ̪|ɾ s t u uː w ʔ χ
619	wari1266	a æ ɒ e ə ɛ i j k l̪|l mb n̪d̪|nd ŋɡ o̞ p R̪|R s̪|s t̪|t u w x β
620	wara1290	a̟ c cː ɛ i j k kː l m n ɲ ŋ ɔ p pː r t tː u w
621	bert1248	a b d̪|d d̠ʒ ɗ̪|ɗ e̞ ɡ h i j kʼ l̪|l m mb n̪|n n̪d̪|nd ŋ ŋɡ o̞ pʼ ɸ r̪|r s̪|s s̪ʼ|sʼ ʃ u w ʔ θ
622	wuch1236	a æ̃ ə f h ɦ i ĩ j k kʰ kɦ l̪|l m n̪|n ŋ o̞ õ̞ p pʰ pɦ s̪|s t̪|t t̪ʰ|tʰ t̪ɦ|tɦ t̪s̪|ts t̪s̪ʰ|tsʰ t̪s̪ɦ|tsɦ u v w y z̪|z ʔ
623	wang1291	a ᴅ i j k l m n n̠ n̪ ŋ p ɻ t t̠ t̪ u w
624	kawa1283	a b d̪|d e̞ ɣ ɣʷ h hʷ i j k kʷ l̪|l m n̪|n ŋ o̞ p ɾ̪|ɾ s̪|s ʃ t̪|t t̪s̪|ts t̠ʃ u ɯ v w z̪|z ʒ ʔ
625	komo1258	a b ɓ d ɗ e ə ɛ ɡ h i j k kʼ l m n ŋ o ɔ p pʼ r s sʼ ʃ t tʼ u w ʔ
626	libe1247	a ã b ɓ d ɛ ɛ̃ f ɡ ɡb ɡʷ ɣ i ĩ ɪ j k kp kʷ l m n ŋ ɔ ɔ̃ p ɾ s t u ũ ʊ v z
627	katc1249	a b ɓ c d d̪ ɗ̪ e̞ f ɡ i j ʄ k l m n ɲ ŋ o̞ p r s t t̪ u w
628	yagu1244	a ã e ẽ h i ĩ ɨ ɨ̃ j k m n ɔ ɔ̃ p ɾ t ts t̠ʃ ʊ ʊ̃ w
629	yaqu1251	a b d e̞ f ɡ h i j k l m n o̞ p ɾ s t t̠ʃ u w ʔ
630	yucu1253	a ɛ h i j k m n n̠ o̞ p pʰ ɺ ɾ s t tʰ t̠ʃ u w ʔ
631	taro1263	a b ɓ d̪|d d̠ʒ ɗ̪|ɗ e̞ ə f ɡ ɡb h i j k kp l̪|l m n̪|n ŋ o̞ p R̪|R s̪|s ʃ t̪|t t̠ʃ u v w z̪|z ʒ
632	yaga1260	a ae̞ ao̞ b d ɛ ɛi ɡ h i j k ʟ m n o̞ o̞u p s t u v ʔ
633	yidi1250	a b d ɡ i j ɟ l m n ɲ ŋ r ɻ u w
634	nort2745	a̟ b d̪|d ɛ ɡ ɪ j ɟ k l̪|l l̪ˠ|lˠ m n̪|n ɲ ŋ o̞ ɵ̞ p q r̪ˠ|rˠ ʁ s̪|s t̪|t t̠ʃ u w
635	yana1271	a ai au b d̪ d̠ʒ e̞ ɡ h i j kʰ kʼ l̪|l m n̪ o̞ pʰ pʼ R̪|R s̪ t̪ʰ t̠ʃʰ t̠ʃʼ t̪ʼ u ui w x ʔ
636	yoru1245	a b d d̠ʒ e ɛ ɛ̃ f ɡ ɡb h i ĩ j k kp l m n o ɔ ɔ̃ ɾ s ʃ t u ũ w
637	yare1248	a b d dz e̞ ɡ i j k m n o̞ ɸ ɾ s t u w
638	nene1249	a ă b bʲ ð ðʲ e̞ i ĭ j k l̪|l l̪ʲ|lʲ m mʲ n̪|n n̪ʲ|nʲ ŋ o̞ p pʲ r̪|r r̪ʲ|rʲ s̪|s s̪ʲ|sʲ t̪|t t̪ʲ|tʲ t̪s̪|ts t̪s̪ʲ|tsʲ u ŭ x ʔ ʔ̬ β
639	yess1239	a ɒ ɜ h ɨ j kʰ kʷ l m mb n nd ŋɡ ŋɡʷ ɸ r s tʰ w
640	yuca1254	a a̰ b̰ e̞ ɛ̰ h i ḭ j k kʼ l m n̪|n o̞ ɔ̰ p pʼ s ʃ t̪|t ts tsʼ t̠ʃ t̠ʃʼ t̪ʼ|tʼ u ṵ w ʔ
641	yuch1247	a æ b d̪|d d̪z̪|dz d̠ʒ e ẽ̞ ɡ h i j j̰ k kʰ kʼ l̪|l l̪̰|l̰ ɬ̪|ɬ ɬ̪ʼ|ɬʼ n̪|n n̪̰|n̰ o õ̞ p pʰ pʼ ɸ ɸʼ s̪|s s̪ʼ|sʼ ʃ ʃʼ t̪|t t̪ʰ|tʰ t̪s̪|ts t̪s̪ʰ|tsʰ t̪s̪ʼ|tsʼ t̠ʃ t̠ʃʰ t̠ʃʼ t̪ʼ|tʼ u w w̰ ʔ
642	yuec1235	a æ f h i j k kʰ kʷ kʷʰ l̪|l l̪̥|l̥ m n̪|n ŋ ɔ p pʰ ʃ t̪|t t̪ʰ|tʰ t̠ʃ t̠ʃʰ u w
643	yulu1243	a b ɓ c d̪ d̪z̪ ɗ̪ e ɛ f ɡ ɡb h i j ɟ ʄ k kp l̪ m mb ɱv n̪ n̪d̪ n̪z̪ ɲ ɲɟ ŋ ŋɡ ŋmɡb o ɔ p r̪ s̪ t̪ u v w z̪ ʔ
644	nucl1454	a b d d̠ʒ e̞ i j k m n nʲ o̞ p ɾ s sʲ t u w
645	zand1248	a ã b d ɛ ɛ̃ ɜ ɜ̃ f ɡ ɡb h i ĩ ɪ ɪ̃ j k kp m n ɲ ɔ ɔ̃ p ɺ s t u ũ ʊ ʊ̃ v w z
646	copa1236	a b d ɛ ɤ̟̞̃ ɡ h i j k l m n ŋ o̞ p s t ts u w ʔ
647	zulu1248	a ɓ d̠ʒ ɛ f h ɦ i j k kʰ kʟ̥ʼ kʼ kǁ͓ kǃ̠ kǃ͓ l ɬ ɮ m n n̠ ɔ p pʰ pʼ r s ʃ t tʰ t̠ʃʼ tʼ u v w z
648	zuni1245	a ɛ h i j kʰ kʷʰ kʷʼ kʼ l̪|l ɬ̪|ɬ m n̪|n ɔ p s̪|s ʃ t̪|t t̪s̪ʰ|tsʰ t̪s̪ʼ|tsʼ t̠ʃʰ t̠ʃʼ u w ʔ
649	abid1235	a ã b c d e ẽ ɛ ɛ̃ f ɡ ɡb h i ĩ ɪ ɪ̃ j ɟ k kp l m n ɲ o õ ɔ ɔ̃ p r s t u ũ ʊ ʊ̃ w ʔ
650	adio1239	˦ ˦˨ ˨ a b d dz e ɛ f ɡ ɡb h i j k kp l m n ɲ ŋ o ɔ p r s t t̠ʃ u w
651	ajab1235	˦ ˦˨ ˧ ˨ ˨˦ a ã b d d̠ʒ ɖ e ɛ ɛ̃ f ɡ ɡb ɣ i ĩ j k kp l m n ɲ ŋ o ɔ ɔ̃ p r ʁ s ʃ t t̠ʃ u ũ v w z ʒ χ
652	ajab1235	a ã b d d̠ʒ ɖ e ẽ ɛ ɛ̃ f ɡ ɡb h i ĩ j k kp l m n ɲ ŋ o õ ɔ ɔ̃ s t t̠ʃ u ũ v w x z
653	anyi1244	a ã b ç d d̠ʒ e ə ə̃ ɛ f ɡ ɡb h i ĩ ɪ ɪ̃ j k kp l m n ɲ ŋʷ o ɔ p s t t̠ʃ u ũ ʊ ʊ̃ w
654	igoo1238	˦ ˧ ˨ a b d d̠ʒ ɖ e ɛ f ɡ ɡb h i j k kp l m n ɲ ŋ o ɔ p s t t̠ʃ u v w z
655	akan1250	˦ ˦˨ ˧ ˨ a b d e ɛ f ɡ h i ɪ j k kʷ l m n nʷ ŋ o ɔ p r s t u ʊ w
656	akoo1248	˦ ˦˨ ˨ ˨˦ a aː ɒː b d d̠ʒ e eː ə əː ɛ ɛː ɤː ɡ h i iː j k l m mb n nd nz ɲ ŋ ŋɡ o oː ɔ ɔː p s t t̠ʃ u uː w ʔ
657	ngas1240	˦ ˧ ˨ a aː b ɓ d d̠ʒ ɗ e ɛ f ɡ ɣ h i ɨ ɨː k l m n ŋ o p r s ʃ t t̠ʃ u v z ʒ ʔ
658	anuf1239	˦ ˨ a ã aː b d d̠ʒ e eː ɛ ɛ̃ ɛː f ɡ ɡb h i ĩ iː j k kp l m n ɲ ŋ ŋm o oː ɔ ɔ̃ ɔː p s ʃ t t̠ʃ u ũ uː w
659	suda1236	a aː b bː d dː d̠ʒ d̠ʒː dˤ dˤː eː f fː ɡ ɡː ɣ ɣː h ħ hː ħː i iː j jː k kː l lː m mː n nː oː r rː s sː sˤ sˤː ʃ ʃː t tː tˤ tˤː u uː v vː w wː x xː z zː zˤ zˤː ʔ ʔː ʕ ʕː
660	avok1242	˦ ˧ ˨ ˨˦ a aː b ɓ d dr dz ɗ ə əː ɛ ɛː f ɡ ɡb h i iː ɪ ɪː j k kp l m mb ɱv n nd ndr ndz ɲ ŋ ŋɡ ŋmɡb ɔ ɔː p r s t tr ts u uː v w wˀ z ʔ ʔʲ
661	veng1238	˦ ˦˧ ˦˨ ˧ ˨ ˨˦ ˨˦˧ ˨˧ ˩ a aː b bʷ d dʷ d̠ʒ e eː ə əː ɛ f fʷ ɡ ɡʷ ɣ i iː ɨ ɨː j jʷ k kʷ l lʷ m mb mbʷ mʷ ɱf ɱfʷ ɱv n nd ndʷ n̠d̠ʒ n̠d̠ʒʷ ns nsʷ n̠ʃ n̠ʃʷ nt ntʷ nʷ nz nzʷ ɲ ɲʷ ŋ ŋɡ ŋɡʷ ŋk ŋkʷ ŋʷ o oː ɔ ɔː s sʷ ʃ ʃʷ t tʷ u uː v w z zʷ ʔ
662	bafu1246	˦ ˦˨ ˦↓˦ ˧ ˧˨ ˨ ˨˦ ˨˧ ˨˧˨ ↓˦˨ a aː b d dz e eː ə əː ɛ ɛː f ɡ ɣ i iː ɨ ɨː j k l m n ŋ o oː ɔ ɔː r s ʃ t ts u uː w z ʒ ʔ
663	baka1272	˦ ˦˨ ˧ ˧˨ ˨ ˨˧ a b ɓ d ɗ e ɛ ɡ ɡb h i j ɟ k kp l m mb n nd ɲ ɲɟ ŋɡ ŋmɡb o ɔ ɸ s t u w ʔ
664	bamb1269	˦ ˨ a ã aː b d d̠ʒ e ẽ eː ɛ ɛ̃ ɛː f ɡ h i ĩ iː j k l m n ɲ ŋ o õ oː ɔ ɔ̃ ɔː p r s t t̠ʃ u ũ uː w z
665	band1345	˦ ˦˨ ˧ ˨ ˨˦ a b d d̠ʒ e ə f ɡ ɡb h i ɨ j k kp l m mb ɱv n nd n̠d̠ʒ ɲ ŋɡ ŋmɡb o ɔ p r s ʃ t t̠ʃ u v ⱱ w z ʒ ʔ
666	band1345	˦ ˧ ˨ a b d d̠ʒ e ə ɛ f ɡ ɡb h i ɨ j k kp l m mb mv n nd n̠d̠ʒ nz ɲ ŋɡ ŋmɡb o ɔ p ɾ s ʃ t t̠ʃ u ʉ v ⱱ w z ʒ ʔ
667	band1352	˦ ˦˨ ˨ ↓˦ a ã aː ɓ d e ẽ eː ɛ ɛ̃ ɛː f ɡ ɡb ɣ h i ĩ iː j k kp l m mb n nd n̠d̠ʒ ŋ ŋɡ o õ oː ɔ ɔ̃ ɔː p s t u ũ uː v w
668	baou1238	˦ ˦˨ ˨ ˨˦ a ã b c d e ɛ ɛ̃ f ɡ ɡb i ĩ j ɟ k kp l m n ɲ o ɔ ɔ̃ p r s t u ũ v w z
669	baat1238	˦ ˨ a ã b d e ɛ ɛ̃ f ɡ ɡb h i ĩ j k kp l m n o ɔ ɔ̃ p r s t u ũ w
670	basa1284	˦ ˦˨ ˧ ˨ ˨˦ a b ɓ c d e ɛ f ɡʷ h i j ɟ k kʷ l m mb n nd ɲ ɲɟ ŋ ŋɡ ŋɡʷ ŋʷ o ɔ p r s t u ɥ v w
671	nucl1418	˦ ˦˨ ˧ ˧˨ ˨ ˨˦ ˨˧ a b ɓ d d̠ʒ ɖ e ɛ f ɡ ɡb h i j k kp m n ɲ o ɔ p s t t̠ʃ u v w z
672	ntch1242	˦ ˧ ˨ a b d d̠ʒ eː f ɡ ɡb i j k kp l m n ɲ ŋ ŋm oː ɔ p r s t t̠ʃ u w
673	gagn1235	˦ ˨ a aː b c d e eː ə əː ɛ ɛː f ɡ ɡb ɣ i iː ɪ ɪː ɨ ɨː j ɟ k kp l m n ɲ ŋ o oː ɔ ɔː p s t u uː ʉ ʉː ʊ ʊː v ʌ ʌː w z β
674	bekw1241	˦ ˧ ˨ a aː b d d̠ʒ e eː f ɡ ɡb h i iː j k kp l m n ɲ ŋ ŋm o oː p r s ʃ t t̠ʃ u uː w
675	bero1242	a b d d̠ʒ e ɛ f ɡ ɡb h i j k kp l m n ŋ o ɔ p r s ʃ t ts t̠ʃ u v w z
676	beng1286	˦ ˦˨ ˧ ˧˨ ˨ ˨˦ a ã aː b c d e eː ɛ ɛ̃ ɛː f ɡ ɡb h i ĩ iː j ɟ k kp l m n ɲ ŋ ŋm o oː ɔ ɔ̃ ɔː p r s t u ũ uː v w z
677	bhel1238	˦ ˨ a b ɓ d d̠ʒ ɗ e ɛ ɡ ɡb h i j k kp l m n ɲ o ɔ p s t u w
678	bial1238	˦ ˧ ˨ a ã b d e ə ə̃ f h i ĩ j k l m n o p ɾ s t u ũ w
679	bimo1239	˥˩ ˦ ˧ ˨ a ã aː b d d̠ʒ e ẽ eː f ɡ ɡb h i ĩ iː j k kp l m n ɲ ŋ ŋm o õ oː ɔ ɔ̃ ɔː p r s t t̠ʃ u ũ uː w
680	biss1248	˦ ˧ ˨ a ã b d d̠ʒ e ẽ ə ɛ f ɡ ɡʲ h i ĩ ɪ j k kʲ l m n ɲ ŋ o õ ɔ p r s t t̠ʃ u ũ ʊ v w z
681	nort2819	˦ ˨ a ã aː b ɓ d e ẽ eː ɛ ɛ̃ ɛː f ɡ h i ĩ iː j k l m n ɲ o õ oː p r s t t̠ʃ u ũ uː v w z
682	boko1266	˦ ˧ ˨ a ã b d e ɛ ɛ̃ f ɡ ɡb h i ĩ j k kp l m n o ɔ ɔ̃ p s t u ũ v w z ʔ
683	hain1253	a aː b d d̠ʒ e eː ɛ ɛː f ɡ h i iː j k l m n ɲ ŋ o oː ɔ ɔː p r s t t̠ʃ u uː w χ
684	bulu1251	˦ ˦˨ ˧ ˨ ˨˦ a b c d e ə f i j ɟ k kp l m mb ɱv n nd ɲ ŋ ŋɡ ŋmɡb o ɔ s t u v w z ʔ
685	cerm1238	˦ ˦˨ ˨ ˨˦ a ã aː b d d̠ʒ e ẽ eː ɛ ɛ̃ ɛː f ɡ ɡb h i ĩ iː j k kp l m n ŋ o õ oː ɔ ɔ̃ ɔː p r s t t̠ʃ u ũ uː v w
686	chum1261	a b d d̠ʒ e ɛ f ɡ ɡb h i ɪ j k kp l m n ɲ ŋ o ɔ p r s t t̠ʃ u ʊ w
687	nucl1683	˦ ˦˨ ˧ ˨ ˨˦ a b ɓ d d̠ʒ ɗ e f ɡ ɡb ɡʷ h i ɨ j k kp kʷ l ɬ ɮ m mb n nd n̠d̠ʒ ŋ ŋɡʷ ŋmɡb o p r s t t̠ʃ u ɥ v w z ʔʷ β
688	sout2789	˦ ˨ ↓ a ã aː b ɓ d d̠ʒ e ẽ eː ɛ ɛ̃ ɛː f ɡ ɡb h i ĩ iː ɪ ɪ̃ ɪː j k kp l m n ɲ ŋ ŋm o õ oː ɔ ɔ̃ ɔː p s t t̠ʃ u ũ uː ʊ ʊ̃ ʊː v w z
689	nort2780	˦ ˦˨ ˨ a b ɓ d d̠ʒ e ɛ f ɡ ɡb h ɦ i ɪ j k kp l lʔ m n ɲ ŋ ŋm o ɔ p s t t̠ʃ u ʊ v w z ʔ ʔʲ ʔʷ
690	dagb1246	˦ ˨ a b d d̠ʒ e f ɡ ɡb h i ɨ j k kp l m n ɲ ŋ ŋm o p s t t̠ʃ u v w z
691	dann1241	˦ ˦˨ ˧ ˨ ˨˦ a ã æ æ̃ ɒ ɒ̃ b ɓ d ɗ e ẽ ɛ ɛ̃ ɤ ɤ̃ f ɡ ɡb ɡʷ i ĩ j k kp kʷ l ŋ o õ ɔ ɔ̃ p s t u ɯ ɯ̃ v ʌ ʌ̃ w z
692	adan1247	˦ ˧ ˨ ↓ a ã b d d̠ʒ e ɛ ɛ̃ f ɡ ɡb h i ĩ j k kp l m n ɲ ŋ ŋm o ɔ ɔ̃ p s t t̠ʃ u ũ v w z
693	daza1242	a b d d̠ʒ e ə ɛ f ɡ h i ɪ j k l m n ɲ ŋ o ɔ p r s ʃ t t̠ʃ u ʉ ʊ w z
694	luok1236	˦ ˧ ˨ a b c d ð e ɛ f ɡ h i ɪ j ɟ k l m mb n nd nð ɲ ɲɟ ŋ ŋɡ o ɔ p r s t u ʊ w θ
695	lako1244	˦ ˧ ˨ a ã aː b ɓ c d e ẽ eː ɛ ɛ̃ ɛː f ɡ ɡb ɡʷ ɣ i ĩ iː ɪ ɪ̃ ɪː j ɟ k kp kʷ l m n ɲ ŋ ŋʷ o õ oː ɔ ɔ̃ ɔː p s t u ũ uː ʊ ʊ̃ ʊː v w z β
696	dyul1238	˦ ˨ a ã b d d̠ʒ e ẽ ɛ ɛ̃ f ɡ ɡb h i ĩ j k kp l m n ɲ ŋ o õ ɔ ɔ̃ p r s t t̠ʃ u ũ v w z
697	dita1238	˦ ˧ ˨ a ã b d e ɛ ɛ̃ f h i ĩ j k kp m n ŋ ŋm o ɔ ɔ̃ p r s t t̠ʃ u ũ w
698	doya1240	˦ ˧ ˨ ˨˧ a ã aː ãː b ɓ d ɗ e eː ɛ ɛ̃ ɛː ɛ̃ː f ɡ ɡb h i iː ĩː j k kp l m n ŋ o oː ɔ ɔ̃ ɔː ɔ̃ː p r s t u uː ũː v w z
699	toro1252	a ã aː b d d̠ʒ e ẽ eː ɛ ɛ̃ ɛː f ɡ h i ĩ iː j k l m n ɲ ŋ o õ oː ɔ ɔ̃ ɔː p r s t t̠ʃ u ũ uː ɥ w z
700	dual1243	˦ ˦˨ ˧ ˨ ˨˦ a b ɓ c d ɗ e ɛ i j ɟ k l m mb n nd ɲ ɲɟ ŋ ŋɡ o ɔ p s t u w
701	duru1249	˦ ˨ a b d dz d̠ʒ ɛ f ɡ ɡb h i j k kʰ kp kpʰ l m mb ɱv n nd n̠d̠ʒ nz ɲ ŋ ŋɡ ŋm ŋmɡb ɔ p pʰ r s ʃ t tʰ ts tsʰ t̠ʃ t̠ʃʰ u v w z ʒ β
702	ebir1243	˦ ˧ ˨ a b d d̠ʒ e ɛ ɡ h i ɪ j k m n ɲ ŋ o ɔ p r s t t̠ʃ u ʊ v w z
703	ewee1241	˦ ˨ ˨˦ a ã b d dz ɖ e ɛ ɛ̃ f ɡ ɡb ɣ h i ĩ j k kp l m n ɲ ŋ o ɔ ɔ̃ p ɸ s t ts u ũ v w z β χ
704	bini1246	˦ ˨ a ã aː b d e ẽ eː ɛ ɛ̃ ɛː f ɡ ɡb ɣ h i ĩ iː j k kp l m n ŋm o õ oː ɔ ɔ̃ ɔː p r ɹ ɽ s t u ũ uː v w x z β
705	ezaa1238	˦ ˨ a b d dz e ɛ f ɡ ɡb ɡv ɣ i ɪ j k kf kp l m n ɲ ŋ ŋm o ɔ p r s t ts u ʊ v w x z
706	ejag1239	˦ ˦˨ ˨ ˨˦ a b d d̠ʒ e ə f ɡ ɡb ɣ i j k kp m n ɲ ŋ ɔ p r s t t̠ʃ u ʉ w β
707	emai1241	a ã aː b d d̠ʒ e ẽ eː ɛ ɛ̃ ɛː f ɡ ɡb ɣ h i ĩ iː j k kp l m n nʷ ɲ o õ oː ɔ ɔ̃ ɔː p r s ʃ t t̠ʃ u ũ uː v w z β χ
708	enge1239	˥ ˦ ˨ a b ɓ d ɗ e ə ɛ f ɡ ɡb i ɪ j k kp l m n o ɔ p r s t u ʊ v w z
709	ewon1239	˦ ˧ ˨ a b d e ə f ɡ i j k l m n ŋ o ɔ s t u v w z
710	fefe1239	˦ ˦˨ ˧ ˨ ˨˦ a aː ɑ ɑː b d d̠ʒ e eː ə əː f ɡ ɣ h i iː j k l m n ŋ o oː p s ʃ t t̠ʃ u uː ʉ ʉː v w z ʒ ʔ
711	fonn1241	˦ ˧ ˨ ˨˦ a ã b d d̠ʒ ɖ e ẽ ɛ ɛ̃ f ɡ ɡb h i ĩ j k kp l m n ɲ o õ ɔ ɔ̃ p r s t t̠ʃ u ũ v w x z
712	adam1253	a aː b ɓ c d ɗ e eː f ɡ h i iː j ɟ k l m n ɲ ŋ o oː p r s t u uː v w ʔ ʔʲ
713	cent2018	a aː b ɓ c d ɗ e eː f ɡ h i iː j ɟ k l m mb n nd n̠d̠ʒ ɲ ŋ ŋɡ o oː p r s t u uː w ʔ ʔʲ
714	maas1239	a aː b ɓ d d̠ʒ ɗ e eː f ɡ h i iː j k l m mb n nd n̠d̠ʒ ɲ ŋ ŋɡ oː ɔ p r s t t̠ʃ u uː w ʔ ʔʲ
715	west2454	a b ɓ c d ɗ ɛ f ɡ h i j ɟ k l m mb n nd n̠d̠ʒ ɲ ŋ ŋɡ ɔ p r s t u w ʔ ʔʲ
716	fuli1240	a aː b d e eː f ɡ h i iː j k l m mb n nd nz ɲ ɲʒ ŋɡ o oː p r s ʃ t u uː v w z ʒ
717	gaaa1244	˦ ˨ a ã b d d̠ʒ e ɛ ɛ̃ f ɡ ɡb h i ĩ j k kp l m n ɲ ŋ ŋm o ɔ ɔ̃ p s ʃ t t̠ʃ u ũ v w z
718	ngan1299	˦ ˧ ˨ a ã b d d̠ʒ e ẽ ɛ ɛ̃ f ɡ ɡb h i ĩ j k kp l m n ɲ ŋ ŋm o õ ɔ ɔ̃ p r s t t̠ʃ u ũ w
719	nort2775	˦ ˦˨ ˨ ˨˦ a ã aː b ɓ d ɗ e eː ɛ ɛ̃ ɛː f ɡ ɡb h i ĩ iː j k kp l m mb n nd ɲ ŋ ŋɡ ŋm ŋmɡb o oː ɔ ɔ̃ ɔː p r s t u ũ uː v ⱱ w z ʔ
720	gbay1287	˦ ˦˨ ˨ ˨˦ a ã b ɓ d ɗ e ɛ ɛ̃ f ɡ ɡb h i ĩ j k kp l m mb n nd ɲ ŋ ŋɡ ŋm ŋmɡb o ɔ ɔ̃ p r s t u ũ v w z ʔ
721	genn1243	˦ ˧ ˨ a ã b d d̠ʒ ɖ e ẽ ɛ ɛ̃ f ɡ ɡb ɣ h i ĩ j k kp l m n ɲ ŋ o õ ɔ ɔ̃ p ɸ s t t̠ʃ u ũ v w x z β
722	genn1243	˦ ˧ ˨ a ã b d d̠ʒ ɖ e ɛ ɛ̃ f ɡ ɡb ɣ h i ĩ j k kp l m n ɲ ŋ o ɔ ɔ̃ p s t t̠ʃ u ũ v w x z
723	godi1239	˦ ˧ ˨ a b ɓ c d e ə ɛ f ɡ ɡb ɡʷ ɣ i ɪ ɨ j ɟ k kp kʷ l m n ɲ ŋ ŋʷ o ɔ p s t u ʉ ʊ v ʌ w z
724	gonj1241	˦ ˨ a aː b d d̠ʒ e eː ɛ ɛː f ɡ ɡb h i iː j k kp l m n ɲ ŋ o oː ɔ ɔː p r s ʃ t t̠ʃ u uː w z
725	nort2810	˥ ˦ ˧ ˨ a b d dz ɛ ɛ̃ f ɡbˤ i ĩ ɪ ɪ̃ j k kpˤ kʷ l m n ɲ ŋmˤ o õ ɔ ɔ̃ p s t t̠ʃ u ũ w
726	gude1246	˦ ˨ a b ɓ d dz ɗ ə f ɡ ɣ ɨ j k l ɬ m mb ɱv n nd ndz ŋ ŋɡ p ɾ s t ts v ʌ w x z ʔ
727	gour1243	˦ ˧ ˨ a aː b d d̠ʒ e eː f ɡ ɡb i iː j k kp l m n ɲ ŋ ŋm o oː p s t t̠ʃ u uː w
728	hang1258	a b d d̠ʒ ɛ f ɡ ɡb h ɪ j k kp l m n ɲ ŋ ŋm ɔ p s t t̠ʃ u ʊ v w z
729	haus1257	a aː b ɓ c d ɗ e eː ɡ ɡʲ ɡʷ ɠ̥ ɠ̥ʲ ɠ̥ʷ h hʲ hʷ i iː j ɟ k kʲ kʷ l m n o oː ɽ ɾ s ʃ t ts u uː w z ʒ ʔ ʔʲ
730	haus1257	a aː b ɓ d d̠ʒ ɗ e f fʲ ɡ ɠ̥ h i j k l m n o r s ʃ t ts t̠ʃ u w z ʔ ʔʲ
731	ifee1241	˦ ˧ ˨ a ã b d d̠ʒ e ɛ ɛ̃ f ɡ ɡb h i ĩ j k kp l o ɔ ɔ̃ p r s t t̠ʃ u ũ v w z
732	nucl1417	a b ɓ ɓ̥ d d̠ʒ ɛ f ɡ ɡʷ ɣ h i ɪ j k kʷ l m n ɲ ŋ ŋʷ o ɔ p r s ʃ t t̠ʃ u ʊ v w z
733	iged1239	˦ ˦˧ ˨ ˨˧ a b d d̠ʒ e ə ɛ f ɡ ɡb h i ɪ j k kp l m n ɲ ŋ ŋm o ɔ p r s t t̠ʃ u ʊ v w z
734	sout2774	˦ ˨ a ã b ɓ d d̠ʒ ɗ e ẽ ɛ ɛ̃ f ɡ ɡb h i ĩ ɪ ɪ̃ j k kp l m n ŋ o õ ɔ ɔ̃ p r s t t̠ʃ u ũ ʊ ʊ̃ v w z
735	ikwo1238	˦ ˨ a b d dz e ɛ f ɡ ɡb ɡv ɣ h i ɪ j k kf kp l m n ɲ ŋ ŋm o ɔ p ɸ r s t ts u ʊ v w x z
736	izii1239	˦ ˨ a b bʲ bv d dʲ dz e ɛ f ɡ ɡb ɡʷ ɣ i ɪ j k kp kʷ l lʷ m n ɲ ŋ ŋm ŋʷ o ɔ p pf pʲ ɸ r rʷ s ʃ ʃʷ t tʲ ts u ʊ v w z ʒ χ
737	jola1263	a aː b c d eː ɛ f ɡ h i iː j ɟ k l m n ɲ ŋ oː ɔ p ɾ s t u uː w
738	jurm1239	a aː b ɓ d d̠ʒ ɗ ɗʒ e eː ɛ ɛː ɡ ɡb i iː ɪ ɪː j k kp l m mb n nd n̠d̠ʒ nz ɲ ŋ ŋɡ ŋm ŋmɡb o oː ɔ ɔː p r s t t̠ʃ u uː ʉ ʊː w z ʔ
739	kabi1261	a aː aˠ b d d̠ʒ ɖ e eː eˠ ɛ ɛː ɛˠ f ɡ ɡb h i iː iˠ ɪ ɪː ɪˠ j k kp l m n ɲ ŋ o oː ɔ ɔː p r s t t̠ʃ u uː ʊ ʊː v w z
740	kako1242	˥˩ ˦ ˨ ˩˥ a ã b ɓ c d ɗ e ɛ ɛ̃ f ɡ ɡb ɡʷ h i ĩ j ɟ k kp kʷ l m mb n nd ɲ ɲɟ ŋ ŋɡ ŋɡʷ ŋmɡb o õ ɔ ɔ̃ p r s t u ũ v w ʔʲ
741	baan1242	˦ a ã aː b ɓ d d̠ʒ ɗ e ẽ eː ə ə̃ əː ɛ ɛ̃ ɛː f ɡ ɡb h i ĩ iː ɨ ɨ̃ ɨː j k kp l m n o õ oː ɔ ɔ̃ ɔː p r s ʃ t ts t̠ʃ u ũ uː v w z ʔ ʔʲ ʔʷ
742	cent2050	a ɐ b ɕ dʑ e f ɡ h i ɨ j k l m n ɲ o ɽ ɾ s t tɕ u w
743	west2466	˦ ˧ ˨ ˩˥ a ã aː b d e ẽ eː ɛ ɛ̃ ɛː f ɡ ɡb ɡʲ i ĩ iː j k kʲ l m n ŋ o õ oː ɔ ɔ̃ ɔː p r s t u ũ uː v w ʔ
744	kara1478	˦ ˧ ˨ ˩˥ a b ɓ c d ɗ e f ɡ ɡb h i j k kp l m mb n nd nz ŋ ŋɡ ŋmɡb o ɔ p r s t u v w z ʔʲ β
745	kase1253	˦ a aː b d d̠ʒ e eː ə əː ɛ ɛː f ɡ i iː ɪ ɪː j k l m n ɲ ŋ o oː ɔ ɔː p s t t̠ʃ u uː ʊ ʊː v w z
746	kase1253	˥˩ ˦ ˧ ˨ a aː b d d̠ʒ e eː ə əː ɛ ɛː f ɡ h i iː ɪ ɪː j k l m n ɲ ŋ o oː ɔ ɔː p r s t t̠ʃ u uː ʊ ʊː v w z
747	koon1245	˦ ˦˨ ˦˨˦ ˨ ˨˦ ˨˦˨ a aː b c d ɖ e eː ɛ ɛː f ɡ ɡb h i iː ɪ ɪː j k kp l m n ɲ ŋm o ø oː øː œ œː ɔ ɔː p s t u uː ʊ ʊː v w y yː z
748	kiku1240	a aː ð e eː ɛ ɛː ɣ h i iː j k m mb n nd ɲ ɲɟ ŋ ŋɡ o oː ɔ ɔː ɾ ʃ t u uː w β
749	nort2765	a aː b d e ẽ eː ɛ ɛ̃ ɛː f ɡb h i ĩ iː j k kp l m mb n nd nh ɲ ŋɡ o õ oː ɔ ɔ̃ ɔː p s t t̠ʃ u ũ uː v w
750	komc1235	˦ ˦˧ ˦˨ ˧ ˧˨ ˨ ˨˧ a æ b bʲ bʷ d dʲ dʷ d̠ʒ d̠ʒʲ d̠ʒʷ e f fʲ fʷ ɡ ɡʲ ɡʷ ɣ ɣʲ i ɨ j jʷ k kʲ kʷ l lʲ lʷ m mb mʲ mʷ ɱf ɱv n nd n̠d̠ʒ nʲ nl ns nt n̠t̠ʃ nz ɲ ŋ ŋɡ ŋk ŋʷ o œ s sʲ sʷ t tʲ t̠ʃ t̠ʃʲ t̠ʃʷ tʷ u ʉ v w z zʲ ʔ
751	komo1260	˦ ˦˨ ˨ ˨˦ a b ɓ d dʑ ɗ e ɛ ɡ ɡb i k kp l m mb n nd ndʑ ɲ ŋɡ ŋmɡb o ɔ p ɸ s t tɕ u ʔʲ
752	konk1269	˦ ˦˨ ˧ ˧˨ ˨ ˨˦ ˨˧ ↓˦ a aː b d d̠ʒ e eː f ɡ ɡb h i iː j k kp l m n ɲ ŋ ŋm o oː ɔ ɔː p r s t t̠ʃ u uː w
753	libe1247	˦ ˦˨ ˨ a ã aː b ɓ d e ẽ eː ɛ ɛ̃ ɛː f ɡ ɡb ɣ i ĩ iː j k kp l m n ŋ o õ oː ɔ ɔ̃ ɔː p r s t u ũ uː v w z
754	guin1254	a b ɓ d dʲ e ə ɛ f ɡ ɡb ɡʷ ɣ h hʷ i k kp kʷ l m n nh nʷ ɲ o ɔ p r s t u v w z
755	gbay1288	˦ ˦˨ ˧ ˨ ˨˦ a ɐ b ɓ d d̠ʒ ɖ ɗ e ɛ f ɡ ɡb ɣ h ħ i ɪ j k kp l l̥ m mb n nd n̠d̠ʒ ŋ ŋɡ o ɔ p r ɾ s ʃ t tɕ ts u ʊ v ⱱ w x z ʒ ʔ ʕ θ
756	krio1253	a ai au b d d̠ʒ e ɛ f ɡ ɡb i j k kp l m n ŋ o ɔ ɔi p r s ʃ t t̠ʃ u v w z
757	tepo1239	˦ ˧ ˨ ˨˦ a ã b c d e ẽ ɛ ɛ̃ f ɡ ɡb h i ĩ ɪ ɪ̃ j ɟ k kʷ l o õ ɔ ɔ̃ p r s t u ũ ʊ ʊ̃ w
758	kuri1259	a ç e ɛ ɣ h i j k m n nd ɲ ŋɡ o ɔ ɾ s t u w β
759	kusa1250	a aː b d e eː ɛ ɛ̃ ɛː f ɡ ɡb h i iː ɪ ɪ̃ ɪː j k kp l m n ŋ o oː ɔ ɔ̃ ɔː p r s t u uː ɰ ʊ ʊ̃ ʊː v w z ʔ
760	lama1275	˦˨ ˨ ˨˦ a ã aː ɖ e ẽ eː ə ə̃ əː ɛ ɛ̃ ɛː h i ĩ iː ɪ ɪ̃ ɪː ɨ ɨ̃ ɨː j k kp l m n ɲ ŋ o õ oː ɔ ɔ̃ ɔː p ɸ r s t t̠ʃ u ũ uː ʊ ʊ̃ ʊː w
761	lele1276	˦ ˧ ˨ a aː b ɓ d d̠ʒ ɗ e eː ɡ ɡb h i iː j k kp l m mb n nd ŋ o oː p r s t t̠ʃ u uː w
762	lend1245	˦ ˧ ˨ ˨˦ a b ɓ ɓ̥ d ð dz d̠ʒ ɗ ɗ̥ ɛ f ɡ ɡb h i ɪ j ʄ ʄ̥ k kp l m mb n nd ndz n̠d̠ʒ ɲ ŋɡ ŋmɡb ɔ ɵ p r s ʃ t ts t̠ʃ u ɥ ʊ v w z ʒ ʔ ʔʷ θ
763	loma1260	a b ɓ d d̠ʒ ɗ e ẽ ə ɛ ɛ̃ f ɡ ɡb ɡʷ ɣ h i ĩ j k kp kʷ l m n nʷ ɲ ŋ o õ ɔ ɔ̃ p s t u ũ v w z β
764	loko1255	a b e ɛ f ɡ ɡb h i j k kp l m n ɲ ŋ o ɔ p s t t̠ʃ u w
765	ligb1244	˦ ˨ a ã b d d̠ʒ e ẽ ɛ ɛ̃ f ɡ ɡb h i ĩ j k kp l m n ɲ ŋ o õ ɔ ɔ̃ p s t t̠ʃ u ũ v w z
766	west2450	a b d e ɛ f ɡb h i j k l m n ŋ o ɔ p r s t u w θ
767	limb1268	˦ ˦˧ ˧ ˧˨ ˨ ˨˧ a b d d̠ʒ e ɛ f ɡ ɣ h i j k l m n ŋ o p r s ʃ t t̠ʃ u ʉ v w ʔ
768	ling1263	a b d e ɛ f i j k l m n ɲ ŋ o ɔ p s t u w z
769	lukp1238	a aː e eː ə əː ɛ ɛː f ɣ h i iː ɪ ɪː j k kp l m n ɲ ŋ ŋm o oː ɔ ɔː p s t t̠ʃ u uː ʊ ʊː w
770	gand1255	˦ ˦˨ ˧ ˨ a aː b d d̠ʒ e eː f ɡ i iː j k l m n ɲ ŋ o oː p s t t̠ʃ u uː v w z
771	lugb1240	˦ ˧ ˨ a b ɓ d d̠ʒ ɗ e ɛ f ɡ ɡb h i ɪ ɨ j k kp l m n ɲ ŋ o ɔ p r s t t̠ʃ u ʊ v w z ʔ
772	lyel1241	˦ ˧ ˨ ˨˦ a ã b c d e ẽ ə ə̃ ɛ ɛ̃ f ɡ i ĩ j ɟ k l ʎ m n ɲ o õ ɔ ɔ̃ p r̝ ɹ s ʃ t u ũ v w w̃ z ʒ
773	came1252	˦ ˦˨ ˨ ˨˦ a aː b d d̠ʒ e eː f ɡ h i iː j k l m mb ɱv n nd n̠d̠ʒ ɲ ŋ ŋɡ o oː ɔ ɔː p s t t̠ʃ u uː v w
774	nige1255	˦ ˨ a aː ɐ ɐː b d d̠ʒ e eː əː ɛ ɛː f ɡ h i iː j k l m mb ɱv n nd n̠d̠ʒ ɲ ŋ ŋɡ o oː ɔ p r s t t̠ʃ u uː v w
775	mamp1244	a aː b c d e eː f ɡ ɡb i iː j ɟ k kp l m n ɲ ŋ ŋm o oː p s t u uː v w z
776	west2500	a b d d̠ʒ e ɛ f ɡ h i j k l m n ɲ ŋ o ɔ p r s t t̠ʃ u w χ
777	east2426	˦ ˨ a ã b d d̠ʒ e ẽ ɛ ɛ̃ f ɡ ɡb h i ĩ j k l m n ŋ o õ ɔ ɔ̃ p r s ʃ t t̠ʃ u ũ w
778	mang1394	˦ ˨ a b ɓ d dr d̠ʒ ɗ e ɛ f ɡ ɡb ɠ h i ɪ j k kp ɭ m mb ɱv n nd ndr nz ŋ ŋɡ ŋɡʲ ŋmɡb o ɔ p ɸ ɽ s t t̠ʃ u ʊ v w z β
779	kita1249	a aː b d d̠ʒ e eː ɛ ɛː f ɡ ɡb h i iː j k l m n ɲ o oː ɔ ɔː p r s t t̠ʃ u uː w
780	mund1326	˦ ˧ ˨ a b ɓ d dz ɗ ɛ f ɡ ɡb i ɪ j k kp l m mb n nd nz ɲ ŋɡ ŋmɡb o ɔ ɵ p r s t ts u ʊ v w z ʔʷ
781	cros1244	˦ ˨ a b d d̠ʒ e ɛ f fʰ ɡ ɡb i j k kʰ kp l m n ɲ ŋ o ɔ p ɸ r s sʰ t tʰ t̠ʃ u v w z β
782	mboc1235	˦ ˦˨ ˨ ˨˦ a b ɓ d d̠ʒ e ɛ ɡ h i j k l m n ɲ ŋ o ɔ p s ʃ t u w z ʔ
783	maka1304	˦ ˦˨ ˨ ˨˦ a aː b d d̠ʒ e eː ə əː ɛ ɛ̃ ɛː f ɡ h i iː ɪ ɪː ɨ ɨː j k kp l m mb mp n nd n̠d̠ʒ nt n̠t̠ʃ ɲ ŋ ŋɡ ŋk o õ oː ɔː s ʃ t t̠ʃ u uː v w z ʒ
784	mend1266	˦ ˦˨ ˨ ˨˦ a b d d̠ʒ e ɛ f ɡ ɡb h i j k kp l m mb n nd ɲ ŋ ŋɡ o ɔ p s t u v w
785	meta1238	˦ ˦˨ ˧ ˨ ˨˦ a b d d̠ʒ e ə f ɡ ɣ i ɨ j k m n ŋ o ɔ p r s t t̠ʃ u v w z ʔ
786	mama1271	˦ ˨ a ã aː b d d̠ʒ e eː ɛ ɛ̃ ɛː f ɡ ɡb i ĩ iː j k kp l m n ɲ ŋ ŋm ŋmɡb ŋmkp ŋʷ o oː ɔ ɔ̃ ɔː p s ʃ t t̠ʃ u ũ uː v w z ʒ ʕ χ
787	degg1238	a ã aː b d d̠ʒ e ẽ eː ɛ ɛ̃ ɛː f ɡ ɡb h i ĩ iː ɪ ɪ̃ ɪː j k kp l m n ɲ ŋ o õ oː ɔ ɔ̃ ɔː p r s t t̠ʃ u ũ uː ʊ ʊ̃ ʊː v ʌ ʌ̃ ʌː w
788	mofu1248	˦ ˨ a aː b ɓ d d̠ʒ ɗ e eː ə f ɡ ɡb ɡʷ h hʷ i j k kʷ l ɬ ɮ m mb n nd n̠d̠ʒ ŋ ŋɡ ŋɡʷ ŋmɡb p r s t t̠ʃ u v w z ʔ
789	moss1236	˦ ˨ a ã aː b d e ẽ eː ɛ ɛ̃ ɛː f ɡ h i ĩ iː ɪ ɪ̃ ɪː j k l m n o õ oː p r s t u ũ uː ʊ ʊ̃ ʊː v w z
790	mwan1250	˦ ˦˨ ˧ ˧˨ ˨ ˨˦ a ã b ɓ c d e ɛ ɛ̃ f ɡ ɡb ɡʷ i ĩ j ɟ k kp kʷ l ŋ o ɔ ɔ̃ p s t u ũ v w z
791	mund1327	˦ ˦˨ ˨ ˨˦ a ã b d dz e ẽ ə f ɡ ɡb ɣ i j k kp l m n ɲ ŋ ŋm o õ ɔ ɔ̃ p s t ts u ũ ɯ ɯ̃ w z ʔ
792	kitu1245	a b d e f h i j k l m n ɲ ŋ o p s t u v w z
793	murl1244	a aː b d d̪ d̠ʒ e eː ɛ ɛː ɡ i iː j k l m n ɲ ŋ o oː ɔ ɔː p ɾ t t̪ t̠ʃ u uː v w z
794	mwag1236	a aː b ɓ d d̠ʒ ɗ ɛ ɛː f ɡ ɣ h i iː ɨ ɨː j k l m n ɲ ŋ o õ p r s ʃ t t̠ʃ u ũ v w z
795	nafa1258	a ã aː b d d̠ʒ e eː ɛ ɛ̃ ɛː f ɡ ɡb h i ĩ iː j k kp l m n ɲ ŋ ŋm o oː ɔ ɔ̃ ɔː p r s ʃ t t̠ʃ u ũ uː v w z
796	nawd1238	a aː b d d̠ʒ e eː ɛ ɛː f ɡ ɡb h i iː j k kp l m n ŋ ŋm o oː ɔ ɔː r s t u uː v w ʔ
797	nort2784	˦ ˧ ˨ a ã aː b d d̠ʒ e ẽ eː ə ə̃ əː ɛ ɛ̃ ɛː f ɡ h i ĩ iː ɪ ɪ̃ ɪː j k l m n ɲ ŋ o õ oː ɔ ɔ̃ ɔː p r s t t̠ʃ u ũ uː ʊ ʊ̃ ʊː v w z
798	noma1260	˦ ˨ a aː c e eː ɛ ɛː f h i iː j k l m n ɲ ŋ o oː ɔ ɔː p s t u uː w
799	ngam1268	˦ ˧ ˨ a ã b ɓ d d̠ʒ ɗ e ẽ ə ɛ ɡ h i ĩ j k l m n o õ ɔ p r s t u ũ w β
800	ngba1285	a ã b ɓ d ɖ e ɛ ɛ̃ f ɡ ɡb h i ĩ j k kp l m n ɲ ŋ o ɔ ɔ̃ p s t u ũ v w z
801	nort2774	a ã b d e ɛ ɛ̃ f ɡ ɡb h i ĩ j k kp l m n ɲ o ɔ ɔ̃ p s t u ũ v w z
802	ngie1241	˦ ˦˨ ˨ ˨˦ a b d e ɛ f ɡ i j k m n ŋ o ɔ pf s t ts u v w ẅ z
803	nyab1255	˥ ˦ ˧ ˨ a ã b ɓ c d e ɛ ɛ̃ f ɡ ɡb ɡʷ i ĩ ɪ ɪ̃ j ɟ k kp kʷ l m n ɲ ŋ o ɔ ɔ̃ p s t u ũ ʊ ʊ̃ v w z
804	lamn1239	˦ ˦˧ ˦˨ ˧ ˧˨ ˨ ˨˥˩ a aː b d d̠ʒ ə əː ɛ ɛː f ɡ ɡb ɣ ɣv h i iː j k kp l m n ɲ ŋ ɔ ɔː p r s ʃ t t̠ʃ u uː v w ʔ
805	nugu1242	˦ ˦˨ ˨ ˨˦ a b c d e ɛ f ɡ h i j k l m n ŋ o ɔ p s t u
806	nupe1254	˦ ˦˨ ˧ ˨ ˨˦ a aː b d dz d̠ʒ e f ɡ ɡb h i iː j k kp l m n o p r s ʃ t ts t̠ʃ u uː v w z ʒ
807	madi1260	˦ ˦˨ ˧ ˨ a b d d̠ʒ e ɛ f ɡ ɡb i ɪ ɨ j k kp kʷ l m n ɲ ŋ o ɔ p r s t t̠ʃ u ʊ v w z ʔ
808	park1239	a b ɓ d dz ɗ ə f ɡ ɡʷ h i j k kʷ l ɬ ɮ m mb n nd ndz ŋ ŋʷ p r s t ts u ɥ v w z
809	pula1263	a aː b ɓ d d̠ʒ ɗ e eː f ɡ h i iː j k l m mb n nd n̠d̠ʒ ɲ ŋ ŋɡ ɔ ɔː p q ɾ s t t̠ʃ ʊ ʊː w ʔ ʔʲ
810	pula1262	a aː b ɓ d d̠ʒ ɗ e eː f ɡ ɣ h i iː j k l m mb n nd n̠d̠ʒ ɲ ŋ ŋɡ o oː p r s t t̠ʃ u uː w ʔ ʔʲ
811	rend1243	˦ ˨ a aː b d̪ d̠ʒ ɖ e eː f ɡ h ħ i iː j k l m n ɲ ŋ ɔ ɔː r s t t̠ʃ u uː w x
812	saba1262	a a̠ aː a̠ː b e eː ɛ ɛː i iː ɪ ɪː j k l m n ɲ ŋ o ɔ ɔː r s t t̠ʃ u ʊ ʊː w
813	sang1328	˦ ˦˨ ˧ ˧˨ ˨ ˨˦ a ã b d e ɛ ɛ̃ f ɡ ɡb h i ĩ j k kp l m mb ɱv n nd nz ɲ ŋ ŋmɡb o ɔ ɔ̃ p r s t u ũ v w z
814	sang1328	˦ ˦˨ ˧ ˨ a ã b d e ẽ ɛ f ɡ ɡb h i ĩ j k kp l m mb ɱv n nd nz ɲ ŋ ŋmɡb o õ ɔ p r s t u ũ v w z
815	sena1262	˦ ˧ ˨ ˨˦ a ã aː ãː b d d̠ʒ e ẽ eː ẽː ɛ ɛ̃ ɛː ɛ̃ː f ɡ ɡb i ĩ iː ĩː j k kp l m o õ oː õː ɔ ɔ̃ ɔː ɔ̃ː p s t t̠ʃ u ũ uː ũː v w z ʔ
816	sere1260	a aː b ɓ ɓ̥ c d ɗ ɗ̥ e eː f ɡ h i iː j ɟ ʄ̥ k l m mb n nd ɴq ɲ ɲɟ ŋ ŋɡ o oː p q r s t u uː w ʔ ʔʲ χ
817	siss1242	˦ ˨ a ã aː b ɓ d d̠ʒ e ẽ eː ɛ ɛ̃ ɛː f ɡ ɡb h i ĩ iː ɪ ɪ̃ ɪː j k l m n ɲ ŋ o õ oː ɔ ɔ̃ ɔː p s t t̠ʃ u ũ uː ʊ ʊ̃ ʊː v w z
818	siss1242	a aː b d d̠ʒ e eː ɛ ɛː f ɡ ɡb h i iː ɪ ɪː j k kp l m n ɲ ŋ ŋm o oː ɔ ɔː p r s t t̠ʃ u uː ʊ ʊː v w z
819	koyr1240	a ã aː b d d̠ʒ e ẽ eː f ɡ h i ĩ iː j k l m n ɲ ŋ o õ oː p r s ʃ t t̠ʃ u ũ uː w z
820	soni1259	a ã aː b d d̠ʒ e ẽ eː f ɡ h i ĩ iː j k l m n ɲ ŋ o õ oː p pː r s t t̠ʃ t̠ʃː u ũ uː w ʔ ʔː χ
821	soni1259	˦ ˦˨ ˨ ˨˦ a ã aː b bː ɕ ɕː d dː e ẽ eː f ɡ ɡː h i iː j k kː l lː m mː n nː ɲ ŋ ŋː o õ oː p pː q qː ɾ s t tː u ũ uː w x ʑ ʑː
822	susu1250	a aː b d d̠ʒ e eː ɛ ɛː f ɡ ɡb h i iː j k l m n nd ɲ ŋ o oː ɔ ɔː p r s t u uː w χ
823	swah1253	a b d ð ɛ f ɡ ɣ h i j ɟ k l m mb ɱv n nd n̠d̠ʒ nz ɲ ŋ ŋɡ ɔ p r s ʃ t t̠ʃ u v w x z θ
824	tawa1286	ɑ ɑː b d e eː f ɡ ɣ h i iː ɨ ɨː j k l ɬ m n ɲ o oː q r s ʃ t t̠ʃ u uː ʌ ʌː w z ʒ χ
825	tama1365	a ã aː ɑ ɑ̃ ɑː b d d̠ʒ e ẽ eː ə ə̃ əː f ɡ ɣ h i ĩ iː j k l m n ŋ o õ oː r s ʃ t u ũ uː w z ʒ ʔ χ
826	taro1263	˦ ˧ ˨ a b ɓ d dz ɗ e ə f ɡ ɡb ɣ i ɨ j k kp l m n ɲ ŋ ɔ p r s ʃ t t̠ʃ u v w z ʒ
827	teen1242	a b c d e ɛ f ɡ ɡb h i ɪ j jˤ ɟ k kp l lˤ m n ɲ ŋm o ɔ p pˤ r s t u ʊ v ʌ w wˤ x z
828	teda1241	a b ç d d̠ʒ e ə ɛ f ɡ ɣ h i ɪ j k l m n ɲ ŋ o ɔ p r s ʃ t t̠ʃ u ʉ ʊ v w z
829	temm1241	˦ ˨ a b d d̠ʒ ɖ e ɛ f ɡ ɡb h i ɪ j k kp l m n ɲ ŋ ŋm o ɔ p r s t t̠ʃ u ʊ v w z
830	tofi1235	˦ ˧ ˨ ˨˦ a ã b d d̠ʒ ɖ e ẽ ɛ ɛ̃ f ɡ ɡb h i ĩ j k kp l m n ɲ o õ ɔ ɔ̃ p s t t̠ʃ u ũ v w x z
831	timn1235	˦ ˦˨ ˨ ˨˦ a b d e ə ɛ f ɡb h i j k l m n ŋ o ɔ p r s t u ʌ w θ
832	tika1246	˦ ˦˨ ˧ ˨ ˨˦ a aː æ æː b ɓ d ɗ e eː ɛ ɡ ɡb ɣ h i iː j k kp l m n ɲ ŋ o oː ɔ p ɸ s ʃ t t̠ʃ u uː v w z ʒ ʔ
833	topo1242	˦ a b d d̠ʒ e ɛ ɡ i ɪ j k l m n ɲ ŋ o ɔ p r s t t̠ʃ u ʊ w
834	tour1242	˦ ˦˨ ˨ ˨˦ a ã aː b ɓ d e ẽ eː ɛ ɛ̃ ɛː f ɡ ɡb ɡʷ i ĩ iː ɪ ɪ̃ ɪː j k kp kʷ l ŋ o õ oː ɔ ɔ̃ ɔː p s t u ũ uː ʊ ʊ̃ ʊː v w z
835	nort2787	˦ ˦˨ ˧ ˨ ˨˦ a ã b d e ẽ ɛ ɛ̃ f ɡb i ĩ j k l m n o õ ɔ ɔ̃ p r s t u ũ v w ʔ
836	vagl1239	a ã aː b d d̠ʒ e ẽ eː ɛ ɛ̃ ɛː f ɡ ɡb h i ĩ iː ɪ ɪ̃ ɪː j k kp l m n ɲ ŋ ŋm o õ oː ɔ ɔ̃ ɔː p r s t t̠ʃ u ũ uː ʊ ʊ̃ ʊː v ʌ ʌ̃ ʌː w z
837	vute1244	˦ ˦˨ ˧ ˨ ˨˦ a ã aː b ɓ d d̠ʒ ɗ e ẽ eː ə ə̃ əː f ɡ ɡb h i ĩ iː ɨ ɨ̃ ɨː j k kp l m mb ɱv n nd n̠d̠ʒ ɲ ŋ ŋɡ ŋmɡb o õ oː ɔ ɔ̃ ɔː p r s t t̠ʃ u ũ uː v w
838	waam1244	˥ ˦ ˨ a ã aː ãː b c d e eː ẽː ɛ ɛ̃ ɛː ɛ̃ː f i ĩ iː ĩː j k kp m n o oː õː ɔ ɔ̃ ɔː ɔ̃ː p s t u uː ũː w
839	wann1242	˦ ˧ ˨ a ã b ɓ c d e ɛ ɛ̃ f ɡ ɡb ɡʷ i ĩ j ɟ k kp kʷ l ŋ o ɔ ɔ̃ p s t u ũ v w z
840	weno1238	˥ ˦ ˧ ˧˨ ˨ ˨˧ a ã aː b c d e ẽ eː ɛ ɛ̃ ɛː f ɡb i ĩ iː ɪ ɪ̃ ɪː j ɟ k kp kʷ l o õ oː ɔ ɔ̃ ɔː p s t u ũ uː ʊ ʊ̃ ʊː w
841	nucl1347	a aː ɐ b bː d dː d̠ʒ d̠ʒː e eː ə ɛ ɛː f ɡ ɡː i iː j k l lː m mː mb mp n nː nd n̠d̠ʒ nt n̠t̠ʃ ɴq ɲ ɲː ŋ ŋː ŋɡ ŋk o oː ɔ ɔː p q ɾ s t t̠ʃ u uː w x
842	yamb1251	˦ ˧ ˨ ˨˦ a b d dz d̠ʒ e ə ɛ f ɡ ɡb ɣ h i j k kp l m n ŋ o p r s t ts t̠ʃ u ʉ v w z ʔ
843	yamb1252	˦ ˨ a b d d̠ʒ e ə ɛ f ɡ i j k l m n ɲ ŋ o ɔ p s t t̠ʃ u w ʔ
844	yaou1238	˥ ˦ ˧ ˨ a ã b ɓ c d e ẽ ɛ ɛ̃ f ɡ ɡb i ĩ ɪ ɪ̃ j ɟ k kp l m n ɲ o õ ɔ ɔ̃ p r s ʃ t u ũ ʊ ʊ̃ v w z
845	yemb1246	˦ ˦˨ ˧ ˧˨ ˨ ˨˦ a c e ɛ f ɡ h i j ɟ k l m n ŋ o ɔ p pf s ʃ t ts u ʉ v w z ʔ
846	yomm1242	˦ ˦˨ ˨ ˨˦ a b d d̠ʒ e ə ɛ f ɡ ɡb ɣ h i j k kp l m n ɲ ŋ ŋm o ɔ p r s t t̠ʃ u ʊ v w z
847	yoru1245	a ã b d d̠ʒ e ɛ ɛ̃ f ɡ ɡb h i ĩ j k kp l m n o ɔ ɔ̃ p r s ʃ t u ũ w
848	yoru1245	˦ ˧ ˨ a b d d̠ʒ e ẽ ɛ f ɡ ɡb h i ĩ j k kp l m n o õ ɔ r s ʃ t u ũ w
849	zand1248	˦ ˧ ˨ a b d ɛ f ɡ ɡb ɪ j k kp m mb ɱv n nd nz ɲ ŋɡ ŋmɡb ɔ p r s t ʊ v w z
850	zarm1239	˦ ˦˨ ˨ ˨˦ a ã aː ãː b c d e ẽ eː ẽː f ɡ h i iː j ɟ k l m n ɲ ŋ o õ oː õː p r s t u uː w z
851	zulg1242	˦ ˧ ˨ a b ɓ d dz ɗ ə f ɡ h j k l ɬ ɮ m mb n nd ndz ŋ ŋɡ p r s t ts v w z ʔ
852	fwee1238	a aː bʷ d dʷ dʷʲ dz d̠ʒ ɛ ɛ̃ f fʷ ɡ ɡʷ ɡǀ h hʷ i ĩ j k kʷ kǀ kǀʰ lʷ m mʲ mʷ ɱ n nʷ ɲ ŋ ɔ ɔː p pʷ rʷ ɻ ɻʲ ɻʷ s sʷ ʃ ʃʷ t t̠ʃ tʷ u uː v vʷ w z zʷ ʒ ʒʷ β βʲ βʷ
853	yeyi1239	a aː b bʲ bʷ c cʰ cʷʰ d dʲ dʷ dz dzʷ d̠ʒ ɛ ɛ̃ ɛː f fʷ ɡ ɡʲ ɡʷ ɡǀ ɡǃ h hʷ i iː j jʷ ɟ ɟʷ k kʰ kʲ kʷ kʷʰ kǀ kǀ̪ kǀʰ kǀʷ kǀʷʰ kǃ kǃ̪ kǃʰ m mʲ mʷ ɱ n̪ nʷ ɲ ɲʷ ŋ ŋʷ ɔ ɔ̃ ɔː p pʰ pʲ pʲʰ pʷ r rʷ ɻ ɻʲ s ʃ ʃʷ t̪ tʰ tʲ ts tsʰ tsʷʰ t̠ʃ t̠ʃʰ tʷ tʷʰ u ũ uː v vʷ w z ʒ β βʲ
854	cavi1250	a b c ɕ d e h i j ɟ k kʷ ʎ m n ɲ p ɹ s t tɕ ts ʊ w
855	cham1318	a aː ç e eː h i iː j k l ʎ m n ɲ o oː p r s ʂ ʃ t ts t̠ʃ u uː w ʔ
856	chec1245	a aː b c ç d̪ e eː ɡ h ħ i iː j ɟ k k̰ l m n o oː p pʰ pʼ q q̰ qː r rʱ sː t̪ t̪ʰ t̪ʼ u uː ʊ ʊː v x z ʒ ʔ ʕ
857	chep1245	a b d̪ dz e ə ɡ h i j k l̪ m n̪ ŋ o p r s t̪ ts u w ʔ
858	east2328	a b d̪ e ə ɡ i j k l ʎ m n ɲ ŋ o ö p ɾ s ʃ t̪ t̠ʃ u ü z ʒ
859	leal1235	a b d dʲ e f ɡ ɡʲ ɡʷ h hʲ i ɨ j k kʲ kʷ l lʲ m n nʲ ɲ ŋ o ɵ p r s ʃ t tʲ u v ʔ
860	chol1282	a b c cʼ e h i ɨ j k kʼ l m ɲ o p pʼ s ʃ tʲ tʲʼ ts tsʼ u w ʔ
861	chra1242	aː ɐ b ɓ c d ɗ eː əː ɛ ɛː ɡ h i iː iaː j ɟ k l m n ɲ ŋ oː ɔː p ɽ s t̪ uː uaː w
862	barb1263	a e h i ɨ j j̰ k k̰ kʰ l l̰ m m̰ n n̰ o p p̰ pʰ q q̰ qʰ s sʰ ʃ t t̰ tʰ ts ts̰ tsʰ t̠ʃ t̠ʃ̰ t̠ʃʰ u w w̰ x ʔ
863	coeu1236	a b d d̠ʒ e ə ɡʷ h i kʷ kʷʼ l lʼ ɬ m mʼ n nʼ o p pʼ q qʷ qʷʼ qʼ ɹˤ ɹ̰ˤ s ʃ t ts tsʼ t̠ʃ t̠ʃʼ tʼ u w wʼ xʷ y yʼ ʔ ʕ ʕʷ ʕʷʼ ʕʼ χ χʷ
864	coma1245	ɑ e h i ɨ j k kʷ m n o p s t̪ t̪s̪ u w ʔ
865	cupe1243	a aː ð ə ɛ ɛː f ɣ h i iː j k kʷ l ʎ m n ɲ ŋ o oː p q qʷ ɾ s ʂ ʃ t t̠ʃ u uː w x xʷ ʔ β
866	cuvo1236	a b ɓ d dz ɗ ə f ɡ h j k l ɬ ɮ m mb n nd ndz ŋɡ p ɾ s t ts v w z
867	deny1238	a b d̪ d̠ʒ e ɛ f ɡ ɡb h i k kp l m n̪ ŋ ŋm o ɔ p ɾ s ʃ t̪ t̠ʃ u v w y
868	nepa1253	a b bʱ d̪ d̪ʱ d̠ʒ d̠ʒʱ ɗ ɗʱ e ɡ ɡʱ h i j jʱ k kʰ l m mʱ n nʱ o p pʰ ɾ ɾʱ s t̪ t̪ʰ t̠ʃ t̠ʃʰ ʈ ʈʰ u w wʱ ʔ
869	mufi1238	a b d e ə f ɡ ɡʷ h i k kʷ l m n p s t u w ʔ ʔʷ
870	usar1243	ɑ e i j k m mː n nː o p r t u w ʔ ˀj ˀm ˀn ˀp ˀt ˀw
871	kora1295	ɐ b d d̠ʒ e f ɡ ɣ i j kʰ m mb n nd n̠d̠ʒ ŋɡ ŋɣ o ɾ s tʰ u v
872	binu1245	ɑ eː i j k m n oː p ɸ r s t u w ʔ
873	eggo1239	˥˩ ˦ ˧ ˨ ˩˥ a b ɓ d dz e ɛ f ɡ ɡb h i j k kp l m n ɲ ŋ o ɔ p ɽ ɾ s ʂ ʃ t ts u v w x z ʒ β
874	ekpe1253	˥˩ ˨ ˩˥ ↓ a b ɓ d d̠ʒ ɗ e ɛ ɡ ɡb h i ɪ j k kp m n ɲ ŋ o ɔ p s ʃ t t̠ʃ u ɥ ʊ w z ʒ
875	endo1242	˥˩ ˦ ˨ a aː ɑ ɑː c e eː ɛ ɛː i iː ɪ ɪː j k l m n ɲ ŋ o oː ɔ ɔː p r s t u uː ʊ ʊː w
876	esim1238	a b d dz e ə ɛ f ɡ ɡb h i j k kp l m mb n nd ndz ɲ ŋ ŋɡ ŋmɡb o ɔ p r s t ts u v w z β
877	fang1246	a aː b c d e eː ə əː ɛ ɛː f ɪ ɪː j ɟ k kp l m mb ɱv n nd ɲ ɲɟ ŋ ŋɡ ŋmɡb o oː ɔ ɔː s t u uː v w z ʔ
878	furu1242	a b ɓ d ɗ e ɛ f ɡ ɡb ɡʲ h i j k kʲ kp l m mb n nd nz ɲ ŋ ŋb ŋʲ o ɔ p ɾ s t u ua ue ui v w z ʒ
879	kara1476	ɑ b d dʲ ɗ ɡ i j l lʲ ɭ m n nʲ ɳ ŋ r rː u w
880	gbar1246	a b ɓ d d̠ʒ ɗ e ɛ f ɡ ɡb h i ɪ j k kp kʼ l m n o p s t ts t̠ʃ u v w z
881	goli1247	ɑ ɑː b d ɛ ɛː ɡ ɪ ɪː j k l m n ɔ ɔː p r s t ʊ ʊː w
882	guaj1255	a e ə h i ɨ k kʷ m n ŋ ŋʷ ɔ p ɾ t̪ ts u w z ʔ
883	gunw1252	a b d̪ dʲ ɖ e ɡ i j l ɭ ʎ m n ɲ ɳ ŋ o r ɻ ɽ u w ʔ
884	haya1250	a aː b d d̠ʒ e eː f ɡ h i iː j k l m n ɲ o oː p s ʃ t t̠ʃ u uː w z
885	huro1249	a e ẽ h i j k n o õ r s t w x ʔ θ
886	huic1243	a aː e eː h i iː ɨ ɨː j k kʷ l m n p ɽ t̪ ts t̠ʃ u uː w ʐ ʔ
887	huay1240	a aː b d e eː f ɡ h i iː j k l lʲ m n o oː p q r s ʃ t ts t̠ʃ u uː w
888	sanm1287	a b d e ɡ h i ɨ j k l m n o p r ɾ s ʃ t ts t̠ʃ u w
889	jauj1238	a b d e f ɡ h i j k l lʲ m n ɲ ŋ o p r s ʃ t ts t̠ʃ u w x
890	luya1241	a b d̪ dz d̠ʒ e ɡ i j k l m n ɲ ŋ o p s ʃ t̪ u w
891	iban1261	˦ ˨ ↓ a b ɓ d d̠ʒ e ə ɛ f ɡ ɡb ɣ h i ɪ j k kp l m n ɲ ŋ o ɔ p ɾ s t t̠ʃ u ʊ v w z
892	imon1245	a æ ɒ b d e ə ɛ f ɡ h i k l m n o ɔ p r s t u
893	ingu1240	a aː b d̪ dz d̠ʒ e ea f ɡ ɢ h ħ i iː ie ɨ j k kʼ l m n o oa p pʼ q qʼ ɾ ɾ̥ s ʃ t̪ ts tsʼ t̠ʃ t̠ʃʼ t̪ʼ u uː uo v x z ʒ ʔ ʔˤ
894	kris1246	˥˩ ˦ ˨ ˩˥ a b d ɛ i j k ɔ p ɸ s t u w
895	yalu1240	ɑ ɑː b d e eː ɛ ɛː f ɡ h i iː j ɟ k l m n ɲ ŋ o oː ɔ ɔː p ɾ s t u uː w χ
896	izer1241	a ɑ b d d̠ʒ e ə ɛ f ɡ ɡb h i j k kp l m n ɲ ŋ o o̤ ɔ p r ɾ s ʃ t ts t̠ʃ u ṳ v w x z ʒ
897	jama1261	a b e h̃ i j k m n ɸ ɹ s t̪ ɯ w
898	jeme1245	æ æ̃ æː æ̃ː ɑ ɑ̃ ɑː ɑ̃ː b c d e eː f ɡ ɡʲ h ɦ i ĩ iː ĩː ɨ ɨ̃ ɨː ɨ̃ː j j̰ ɟ kʰ kʲʰ kʲʼ kʷ kʼ l l̰ ɬ m m̰ n n̰ o õ oː õː p pʼ ɸ ɾ s ʃ t tʰ tsʼ t̠ʃʰ tʼ v w w̰ z ʔ
899	liji1238	˥˩ ˦˥ ˩˥ a ã b c d dz e ẽ ə ɛ ɛ̃ f ɡ ɡb h i ĩ j ɟ k kp l m n ɲ ŋ ŋm o õ ɔ ɔ̃ p r s ʃ t ts u ũ ʊ v w z ʒ ʔ
900	kaby1243	ɑ b c d d̪ f ɡ ɡʷ ɣ ɣʷ h ħ ɪ ɟ k kʷ m n q qʷ r s t t̪ ts t̠ʃ ʊ z χ χʷ
901	gida1247	˦ ˨ a b ɓ d ɗ e ə f ɡ ɡb h i ɟ k kp l m mb n nd nɡ ŋ o ø p r s ʂ t u ʉ v w z ʐ ʔ
902	kaya1329	a ã e ẽ ɡ i ĩ j k kʷ m n ŋ o õ p ɸ ɾ s t u ũ w ʔ
903	kama1367	a b d dz e ɡ ɣ i ɨ j k m mb n nd ndz ɲ ŋ ŋɡ o ɸ ɾ s t t̠ʃ u w ʔ β
904	kano1245	a ã æ æ̃ e ẽ h i ĩ j k m n ɲ o õ p r t ts u ũ v w y ỹ
905	kens1251	a æ b bʲ bʷ c cʲ cʷ d e ə ɛ f fʲ fʷ ɡ ɡʲ ɡʷ ɣ h i j jʷ ɟ ɟʲ ɟʷ k kʲ kʷ l lʷ m mb ɱf n nd ndʷ ns nsʷ nt ntʷ ɲ ɲc ɲcʲ ɲɟ ɲʷ ŋ ŋɡ ŋɡʷ ŋk ŋʷ o ɔ s sʲ sʷ t tʲ tʷ u ʉ w z ʒ ʒʷ
906	east2398	˦ ˧ ˨ a b d e ɛ f ɡ ɡb i j k l m n ŋ o ɔ p r s t u w
907	kari1301	a ã b d̪ d̠ʒ e ɛ ɛ̃ f ɡ h i j k l m n ŋ o ɔ ɔ̃ p ɾ s ʃ t̪ t̠ʃ u v w z ʒ
908	keny1279	a ã b d d̠ʒ e ẽ ə ə̃ ɛ ɛ̃ f ɡ ɡb ɣ i ĩ ɨ ɨ̃ j k kp m n ɲ ŋ o õ ɔ ɔ̃ p r s t t̠ʃ u ũ ɯ ɯ̃ w β
909	khar1287	a æ ao b bʱ d̪ d̪ʱ ɗ ɗʱ e f ɡ ɡʱ ɦ i j ɟ ɟʱ k kʰ l m n ɲ ɳ ŋ o oi ou p ɸ ɽ ɽʱ ɾ s t̪ t̪ʰ ts tsʰ ʈ ʈʰ u ui w ˀb ˀɗ ˀɟ
910	chon1284	a aː b c cʰ d e eː ə əː ɛ ɛː h i iː ɨ ɨː j k kʰ l m n ɲ ŋ o oː ɔ ɔː p pʰ r s t tʰ u uː uə w ʔ
911	kiny1244	a aː b d dz d̠ʒ ɗ e eː f ɡ ɡʲ ɡʷ h hʲ hʷ i iː j k kʰ kʲ kʷ m n ɴ ɲ ŋ ŋʷ o oː p pf pʰ r ɽ ɽʱ s ʃ t ts t̠ʃ u uː v w z ʒ β
912	kiri1254	˦ ˨ a b ɓ d d̠ʒ e ə ɛ f ɡ ɡb h i ɪ j k kp l m n ɲ ŋ o ɔ p ɾ s t t̠ʃ u ʊ v w z
913	koko1269	a b d e f ɡ ɣ h i k l l̥ m m̥ n n̥ ŋ ŋ̥ o p ɾ ɾ̥ s t u v z
914	bako1250	a b bʷ d d̠ʒ e ɛ f ɡb i j k kp l m mb mʷ n nd ɲ ɲɟ ŋ ŋɡ ŋmɡb o ɔ p ɸ r s t u w β
915	konn1242	a aː b d d̠ʒ e eː ɛ ɛː f ɡ ɡb h i iː ɪ ɪː j k kː kp l lː m mː n nː ɲ ŋ ŋː ŋm o oː ɔ ɔː p pː ɾ s t tː t̠ʃ u uː ʊ ʊː v w z
916	kuay1244	a aː ɑ ɑː b c cʰ d e eː ə əː ɛ ɛː f h i iː ia j k kʰ l m n ɲ ŋ o oː ɔ ɔː p pʰ r s t tʰ u uː ua ɯ ɯː ɯa ʌ ʌː w ʔ
917	kulu1253	a aː ai au b c cʰ d e eː ei eu ə əː əi ɡ h i iː iu j ɟ k kʰ l m n ŋ o oː oi ou p pʰ r s t tʰ u uː ui w ʔ
918	kuot1243	a b d e ə f ɡ i k l m n ŋ o p r s t u
919	kusu1250	a b bʱ d dʱ dz dzʱ e ə ɡ ɡʱ ɢ i j k kʰ l m n ɴ ɲ ŋ o p pʰ q qʰ r s t tʰ ts tsʰ t̠ʃ u w ʔ χ
920	kuvi1243	a ã aː b d̪ dz ɖ e ẽ eː ɡ h i ĩ iː j k l m n ɳ ŋ o õ oː p ɽ ɾ s t̪ ts ʈ u ũ uː v ʔ
921	kwaz1243	a ã b ɓ c d ð ɗ e ẽ ɛ ɛ̃ f ɡ h i ĩ ɨ ɨ̃ j k l m n ɲ ŋ œ ɔ ɔ̃ p ɾ s ʃ t t̪ ts t̠ʃ u ũ v w y z ʒ ʔ
922	lada1244	b d̪ dz d̠ʒ ɗ e ə ɡ h i j k kʰ l ɮ m n ɲ ŋ o p pʰ r s ʂ ʃ t̪ t̪ʰ ts tsʰ t̠ʃ t̠ʃʰ ʈ ʈʰ u w z ʒ
923	lang1320	a aː ɑ ɑː b d d̠ʒ e eː ɛ ɛː f ɡ h i iː ɪ ɪː j k l m mb mp n nd n̠d̠ʒ nt n̠t̠ʃ ɲ ŋ ŋɡ ŋk o oː ɔ ɔː p r s ʃ t t̠ʃ u uː ɥ ʊ ʊː v w z ʔ
924	laoo1244	a b c cʷ d e ɛ ɤ f h i ia j k kʰ kʷ kʷʰ l lʷ m n ɲ ŋ ŋʷ o ɔ p pʰ s sʷ t tʰ tʷʰ u uə ɯ ɯə w ʔ ʔʷ
925	lavu1241	a b d e f h i kʰ l m n ŋ o pʰ r s t u ɰ β
926	bafa1247	˥˩ ˦ ˨ ˩˥ a aː b ɓ d e eː ə əː ɛ ɛː f ɡ i iː j ʝ k kp l m mb mp n nd nt ɲ ɲɟ ŋ ŋɡ ŋk o oː ɔ ɔː p s ʃ t u uː w ʔ
927	lund1266	a aː b d d̠ʒ e eː f ɡ h i iː j k l m n ɲ ŋ o oː p s ʃ t t̠ʃ u uː v w z ʒ
928	luch1239	a aː ð e eː f h ɦ ɪ ɪː j k l m mb mpʰ n nd ndz n̠d̠ʒ ntʰ nts n̠t̠ʃ ɲ ŋ ŋɡ ŋkʰ o oː p s ʃ t t̪ ts t̠ʃ ʊ ʊː z ʒ β θ
929	orok1266	a b d d̠ʒ e ɛ i j k kp l m mb n nd n̠d̠ʒ ɲ ŋ ŋɡ ŋmɡb o ɔ p ɽ s t t̠ʃ u w
930	mace1250	a b c d̪ dz d̠ʒ e ə f ɡ i j ɟ k l l̪ m n ɲ o p r s ʃ t̪ ts t̠ʃ u v x z ʒ
931	mada1293	˥˩ ˦ ˧ ˨ ˩˥ a ã b d dz e ə ɛ ɛ̃ f ɡ ɡb i ĩ j k kp l m n ŋ o ɔ ɔ̃ p r s t ts u ũ v w ʍ z
932	madi1261	a b ɓ d dʷ d̠ʒ ɗ e ɛ f ɡ ɡb ɡʷ ɠɓ h i ɨ j ʄ k kp kʷ l lʷ m mb ɱv n nd ndʷ n̠d̠ʒ ɲ ŋ ŋɡ ŋɡʷ ŋm ŋmɡb o ɔ p r rʷ s t t̠ʃ t̠ʃʷ tʷ u ʊ v w z ʔ ʔʷ
933	mana1295	a b d e ɡ i k l m n ŋ o p ɾ s t u z
934	bame1260	a ɑ e ə ɛ f fʲ ɣ i j k kʲ kʷ l lʷ ʎ m mʲ mʷ n nʷ ɲ ŋ ŋʷ o ø ɔ p pf pʲ pʷ s sʲ sʷ ʃ ʃʷ t tʲ ts t̠ʃ t̠ʃʷ tʷ u ʉ w wʲ z zʲ ʒ ʒʷ
935	mana1288	˥˩ ˧ ˧˦ ˨ ˩˥ a ã e ẽ h i ĩ j k kʰ kʷ kʷʰ l m mʷ n ɲ ŋ ŋʷ o p pʰ pʷ pʷʰ ɾ s ʂ ʃ t̪ t̪ʰ ts tsʰ t̠ʃ t̠ʃʰ ʈ ʈʰ u ũ ʌ ʔ
936	ngem1255	˦ ˨ a b d dz d̠ʒ e ə ɛ f ɡ ɡʷ ɣ i ɨ j k kʷ l m mb n nd ŋ ŋʷ o ɔ r s ʃ t ts t̠ʃ u v w z ʒ ʔ
937	mara1385	a b d d̪ ɖ e ɡ i j ɟ l l̪ ɭ m n n̪ ɲ ɳ ŋ o ɽ ɾ u w
938	maib1239	a e f i j k m n o p r s t u w x
939	gbay1281	˦ ˨ a b ɓ d ɗ e ɛ f ɡ ɡb h i j k kp l m mb n nd nz ɲ ŋ ŋɡ ŋmɡb o ɔ p r s t u v w z
940	medu1238	a ɑ b d̪ e ə f ɡ i j k m n ɲ ŋ o ɔ s t̪ ts u ʉ v w z
941	ming1252	a b d dz d̠ʒ ɛ ɡ ɣ h i j k kʼ l m n o p pʼ qʼ r s ʃ t ts tsʼ t̠ʃ t̠ʃʼ tʼ u v x z ʒ ʔ
942	mmen1238	˥˩ ˦ ˧ ˨ ˩˥ a b bv d dz d̠ʒ e ə ɛ f ɡ ɣ i ɨ j k l m n ɲ ŋ o ɔ p pf s ʃ t ts t̠ʃ u v w z ʒ ʔ
943	moke1242	a aː b c cʰ d e eː ə ɡ h i iː j ɟ k kʰ l m n ɲ ŋ o p pʰ s t tʰ u uː w ʔ
944	mose1249	a ã b d dʲ e ẽ ə ə̃ f ɡ i ĩ iː ĩː j k kʰ l m n ɲ o õ p pʰ r s ʃ t tʲ ts tsʰ t̠ʃ t̠ʃʰ w ʔ χ
945	mpon1254	˦ ˨ a b c cʰ d e ɛ f ɡ ɡb i j ɟ kʰ kp kpʰ l m mb n nd ɲɟ ŋ ŋɡ ŋmɡb o ɔ p pʰ s t̪ tʰ u v w z
946	mung1266	˦ ˧ ˨ a b d dz e ə ɛ f ɡ ɣ h i j k l m n ɲ ŋ o ɔ p s t ts u ʉ v w ʔ
947	mvum1238	a b bv d dz d̠ʒ e ɛ f ɡ ɡʲ ɡʷ h i jʷ k kʲ kʷ l m mb mbʷ ɱv n nd nz ɲ ɲʷ ŋ ŋɡ ŋɡʷ ŋk ŋkʷ o ɔ p pf pʲ pʷ r s ʃʷ t ts t̠ʃ u ɥ v w x y z ʔ β βʷ
948	motl1237	a e ɣ h i ɪ j kpʷ l m mb n nd ŋ ŋmʷ o s t u ʊ v w
949	nami1256	a e ə i j k l m n o p r t u w
950	ndem1249	˥˩ ˦ ˧ ˨ ˩˥ a aː b c d d̠ʒ e eː ɛ ɛː f ɡ ɣ h i iː j ɟ k l m mb n nd nɟ nt ɲ ŋ ŋɡ ŋk o ø oː øː ɔ ɔː p r s t ts t̠ʃ u uː ʉ ʉː w ʔ
951	mesc1238	˥˩ ˦ ˨ ˩˥ a ã aː ãː e ẽ eː ẽː ɣ h i ĩ iː ĩː j k kʰ kʼ l ɬ m mb n nd o õ oː õː p s ʃ t tʰ tɬ tɬʰ tɬʼ ts tsʰ tsʼ t̠ʃ t̠ʃʰ t̠ʃʼ tʼ x z ʒ ʔ
952	quec1382	a aː c ç c̟ cʷ çʷ ð e eː ɪ ɪː j k kʷ l̪ l̥ l̪ʲ ɬʲ m n n̪ʲ ɳ o oː p r s ʂ t̪ t̪ʲ ts ʈ u uː v w ʔ
953	nank1250	ɑ b d dz ɛ ɡ i j k m n ŋ ɔ p t ts u ʌ w β
954	nand1266	a aː c e eː i iː j k l m n ɲ ŋ o oː p ɾ s t u uː w
955	kima1246	˥˩ ˦ ˧ ˨ a aː b d e eː ə əː ɛ ɛː f h i iː iə j k kʰ l m n ɲ ŋ o oː ɔ ɔː p pʰ s t tɕ tʰ u uː uə ɯ ɯː w ʔ
956	naki1238	a b bʲ bʷ d dz d̠ʒ d̠ʒʷ e ə ɛ f fʲ fʷ ɡ ɡb ɡʷ i j k kp kʷ l m mʷ n ɲ ŋ o ɔ s ʃ ʃʲ ʃʷ t ts tsʲ tsʷ t̠ʃ t̠ʃʷ tʷ u w ʒ
957	mich1245	a b d e ɡ h i j k kʷ l m n ɲ o p r s ʃ t ts t̠ʃ u w ʔ
958	naga1394	a ae̞ ai ao au b bʱ d dʱ d̠ʒ d̠ʒʱ e eə ei eu ɡ ɡʱ h i i̯a i̯ɔ i̯u j k kʰ l m n ŋ o oe̞ oi ou ɔ p pʰ ɾ s t tʰ t̠ʃ t̠ʃʰ u u̯ə ui w z
959	ngos1238	˦ ˨ a b d dz d̠ʒ ɛ f ɡ ɡʱ i ɨ k m mb n nd ɲ ŋ ŋɡ ɔ p r s ʃ t ts t̠ʃ u v z ʒ ʔ
960	ngal1293	a c e ɛ i ɪ j k l ɭ m n ɲ ɳ ŋ o ɔ p ɹ ɾ t ʈ u ʊ w ʔ
961	nang1259	a aː b c ɕ d e eː f ɡ i iː j k l ʎ m n ɲ ŋ p r ɾ ʂ t u uː w
962	iseb1246	a aː bv d dz ə ɛ ɛː ɡ i iː j k oː ɔ ɔː p t u uː ʉ ʉː w
963	ngom1271	˦ ˧ ˨ a b bʱ bv d dʱ dz d̠ʒ e eː ə ə̃ əː ɛ f ɡ ɡʱ ɡʷ ɣ h i iː j k kʰ l m n ɲ ŋ o oː ɔ ɔː p pf pʰ r s ʃ t tʰ ts t̠ʃ u ũ uː ʉ ʉ̃ ʉː ɰ v w z ʒ β
964	nuuc1236	a aː eː ɛ h ħ iː ɪ j j̰ k kʷ kʷʼ kʼ ɬ m m̰ n n̰ ɔ ɔː p pʼ q qʷ qʷʼ qʼ s ʃ t̪ tɬ tɬʼ ts tsʼ t̠ʃ t̠ʃʼ t̪ʼ uː ʊ w w̰ x xʷ ʔ ʡ χ χʷ
965	nort2684	aː ɑː b d e eː əː ɛ ɛː ɤː h iː ia ɪ ɪː j k kʰ l m m̩ n n̩ ɲ ŋ ŋ̩ oː ɔː p pʰ ɽ s t tɕ tɕʰ tʰ uː ua ɯː ɯa ʌː w ʔ
966	nort2954	a aː h i iː ɨ ɨː j k kʷ m n ŋ ɔ ɔː p s t ts t̠ʃ u uː w ʔ
967	nubi1253	ɑ b d ð d̠ʒ e f ɡ h ħ i j k l m ɱ n ɲ ŋ o p q r ɾ s ʃ t t̠ʃ u v w x z ʔ θ
968	nuer1246	a a̤ aː a̤ː æ̤ æ̤ː b c d d̪ ɛ ɛ̤ ɛː ɛ̤ː ɡ ɦ i i̤ iː i̤ː j ɟ k l m n n̪ ɲ ŋ o o̤ oː o̤ː ɔ ɔ̤ ɔː ɔ̤ː ɵ̤ ɵ̤ː p r t t̪ ṳ ṳː ʊ̤ ʊ̤ː w
969	elip1238	˥˩ ˦ ˨ ˩˥ a b d̠ʒ e ɛ f ɡ h i j k l m mb n nd ɲ ŋ o ɔ p s t t̠ʃ u w
970	nyam1276	˦ ˨ ˩˥ a aː b d d̠ʒ e eː f ɡ h i iː ɪ ɪː j k l m m̥ mb ɱ̥f ɱv n n̥ nd n̠d̠ʒ ns n̥ʃ n̠̥t̠ʃ nz ɲ ɲ̥ ŋ ŋ̥ ŋɡ o oː p s ʃ t t̠ʃ u uː ʊ ʊː v w z β
971	nyeu1238	a aː ɑ ɑː b c d e eː ə əː ɛ ɛː f h i iː ɨ ɨː j k kʰ l m n ɲ ŋ o oː ɔ ɔː p pʰ s t tʰ u uː w ʔ
972	obol1243	˥ ˦ ˨ a aː b d d̠ʒ e eː f ɡ ɡb ɡʷ i iː j k kp kʷ l m n nʷ ɲ ŋ o oː ɔ ɔː r s t t̠ʃ u uː w
973	mian1257	˥˩ ˦ ˨ ˩˨ a ai au b d e ei f ɡ h i j k m n ŋ ou s t u w
974	faiw1243	a ai au b d e ei f ɡ i j k l m n o s t u w
975	okuu1243	˥˩ ˦ ˧ ˨ a b d d̠ʒ e ə ɛ f ɡ ɣ i j k l m n ŋ ɔ s t t̠ʃ u v w z
976	osse1243	ɑ b d̪ dz d̠ʒ e ə ɛ f ɡ i ɪ ɨ j k kʼ l m n o p pʼ q r ʁ s ʃ t̪ ts tsʼ t̠ʃ t̠ʃʼ tʼ u v w z ʒ χ
977	pala1344	a aː b d̪ e eː ə əː i iː k l m ŋ o oː r s t̪ u uː ʔ
978	orok1269	a b d dz e ɡ h i k m n ŋ o p s t u
979	yill1241	a ai au ay e ei ə ɡ i j k l m n ŋ o p r s t u w y
980	ning1273	a ɛ ɡ i ɨ j k l m n ŋ ɔ p ɸ r s t u ʌ w ʔ
981	dobu1241	a b bʷ d ɛ ɡ ɡʷ i j k kʷ l m mʷ n ɔ p pʷ s t u w ʔ ʔʷ
982	samo1303	a b d e f ɡ h i j k l m o ɔ s t u w
983	urii1240	a b d ɛ f ɡ ɡʷ i iː j k kʷ m n ŋ o p ɾ s t u uː ʌ w
984	boik1241	a æ ɒ e f ɡ h i ɨ j k l̪ m n n̪ ŋ o p r ɺ s t ts u w
985	phai1238	a aː æ æː ɓ c ç ɗ e eː ə əː h i iː j k l m n ɲ ŋ o oː ɔ ɔː p r t u uː ɯ ɯː w ʔ
986	mall1246	˦˥ ˩˨ a aː æ æː b c d e eː ə əː i iː ia ie j k l m n ɲ ŋ o oː ɔ ɔː p ɸ s t u uː ua ɯ ɯː ɯa ɰ w ʔ
987	rama1270	a aː b d e eː ɡ h i iː j k kʷ l m n ŋ ŋʷ o p r s t ts u uː w z
988	matb1237	a b d e f ɡ h i j k l m n ŋ o p s t u w
989	rund1242	˦ ˨ a b d dz e f ɡ h i j k m n ɲ o p pf r s ʃ t ts u v w z ʒ
990	nyan1307	a ai b d d̠ʒ e ei f ɡ h i k m n ɲ ŋ o oi p r s ʃ t t̠ʃ u v z ʒ
991	marw1260	a ai au b bʱ d̪ d̪ʱ dz d̠ʒ ɖ ɖʱ e ə ɡ ɡʱ h i ɪ ʝ k kʰ l ɭ m mʱ n nʱ ɲ ɳ ŋ o p pʰ ɽ ɾ s t̪ t̪ʰ ts t̠ʃ ʈ ʈʰ u ʊ v vʱ
992	samb1305	˦ ˧ ˨ a b d d̠ʒ e ə ɛ f ɡ ɡb i ɪ j ʝ k kp l m n ɲ ŋ o ɔ p s t u v w z ʔ
993	sout2844	a b d dʲ e ə ɛ f ɡ ɡʲ i j k l m n ɲ o ɔ p s t tʲ u w z
994	samr1245	a aː b c cʰ d e eː ə əː ɛ ɛː h i iː iə j k l m n ɲ ŋ o oː ɔ ɔː p pʰ ɹ s t tʰ u uː uə ɯ ɯː ɯə w ʔ
995	saba1268	a ɓ ɗ e h i j k l m n o p s t u w ʔ
996	saan1246	a e ə h i j j̰ k kʷ k̰ʷ l l̰ ɬ m m̰ n n̰ ŋ ŋ̰ p p̰ q q̰ qʷ q̰ʷ s s̰ ʃ t t̰ ts̰ t̠ʃ t̠ʃ̰ u w w̰ xʷ ʔ χ χʷ
997	sasa1249	ae ai au b ç d d̠ʒ e ə ɡ h i ia j k l m n ɲ ŋ o oe p r t t̠ʃ u uə w ʔ
998	sava1244	æ ɑ b b̻ d̪ d̻ e ə ɛ ɡ i ɪ j k k̻ l m n̪ ɲ ŋ o p p̻ r ɾ s t̪ u ʊ ʌ
999	sayu1241	a b d d̠ʒ e f ɡ i j l m n o p q r s ʃ t ts t̠ʃ u ʉ v w
1000	seco1241	a d e h i ɨ j k kʷ m o p s t u w z ʔ
1001	taro1264	ɑ b d ð dʲ e ə ɡ ɣ h ħ ɦ i ɪ ɨ j ɟ k l ɮ m n ɲ ŋ o p q r rʲ ɹ ɾ s ʂ ʃ t tʲ ts tsʲ u ɯ ʌ w z
1002	seim1238	a ã ai au ei eu ɛ ɛ̃ h i ĩ iu k l m n ŋ oi ou ɔ ɔ̃ p s t̪ u ũ w x
1003	seme1247	a ã ɒ b c cʰ d e ẽ ə ə̃ ɛ ɛ̃ ɡ h i ĩ j ɟ k kʰ l m m̥ n n̥ ɲ ŋ ŋ̥ o õ ɔ ɔ̃ p pʰ r s t tʰ u ũ ʉ w z ʔ ˀj ˀl ˀm ˀn ˀɲ ˀr
1004	serr1255	a a˞ b d e f ɡ h hʷ i ɨ ɨ˞ j k kʷ l lʲ m n n̺ ɲ ŋ ŋʷ o o˞ p q qʷ r̺ s s̺ ʃ t t̺s̺ t̠ʃ u w x xʷ ʔ χ χʷ
1005	shab1252	˦ ˨ a aː b ɓ c c̰ d ɗ e eː f ɡ h i iː ɪ j ɟ ʄ k k̰ l m n ɲ ŋ o oː ɔ p p̰ ɾ s ʃ t t̰ u uː ʌ w ʔ
1006	yawa1260	a f h i ɨ j k m n p ɾ s ʂ t ts t̠ʃ u w
1007	mako1251	˥˩ ˦ ˧˦˧ ˨ ˩˥ a b d d̠ʒ e ɡ i j k l m n ɲ ŋ o p s ʃ t t̠ʃ u v w
1008	shon1251	a b ɓ ç d d̪ d̠ʒ ɗ e f ɡ ɣ h ɦ i j ʝ k ɬ ɮ m n̪ ɲ ŋ o p r s̪ sʷ ʃ t t̪ t̠ʃ u v ʋ w x z̪ zʷ ʒ β
1009	bamu1253	a b d d̠ʒ e ə ɛ f ɡ ɡb h i ɨ j k kp kx l m ɱ n ɲ ŋ o ɔ p ɾ s ʃ t u ʉ v w x z ʒ ʔ
1010	siar1238	ɑ b d e e̝ ɡ i j k l m n ŋ o o̝ p ɸ r s t u w
1011	sera1259	a ã ae æ æ̃ æe ai b bʱ ɓ c cʰ d̪ d̪ʱ ɖ ɖʱ ɗ e ẽ ea f ɡ ɡʱ ɠ ɣ h i ĩ ia iã ɪ ɪ̃ ɪa ɪã ɪʌ j ɟ ɟʱ ʄ k kʰ l lʱ m mʱ n nʱ ɲ ɳ ɳʱ ŋ o õ oi p pʰ ɽ ɽʱ ɾ̪ ɾʱ s ʃ t̪ t̪ʰ ʈ ʈʰ u ũ ua uẽ ui ʊ ʊ̃ ʊa ʊe ʊi v vʱ ʌ ʌ̃ ʌi x z
1012	shaw1249	a aː e i iː j k kː l m n o p ʃ t t̠ʃ w ʔ θ
1013	nucl1634	˦ ˨ ˩˥ a b ɛ f h i j ɟ k l m n ø ɔ p r t u ʉ w
1014	aheu1239	a a̤ aː a̤ː ɑ ɑ̤ ɑː ɑ̤ː b c cʰ d e e̤ eː e̤ː ɛ ɛ̤ ɛː ɛ̤ː ɤ ɤ̤ ɤː ɤ̤ː f h i i̤ iː i̤ː ia i̤a j k kʰ l m n ɲ ŋ o o̤ oː o̤ː ɔ ɔ̤ ɔː ɔ̤ː p pʰ ɾ s t tʰ u ṳ uː ṳː ua ṳa ɯ ɯ̤ ɯː ɯ̤ː ɯa ɯ̤a ʌ ʌ̤ ʌː ʌ̤ː w ʔ
1015	sout2856	a e f i j k kp l m n ndr ŋ ŋm o p r s t u w
1016	spok1245	a e h i j j̰ kʷ k̰ʷ l l̰ ɬ m m̰ n n̰ o p p̰ q q̰ qʷ q̰ʷ r r̰ s ʃ t t̰ ts ts̰ t̠ʃ t̠ʃ̰ u w w̰ xʷ ʔ ʕ ʕ̰ ʕʷ ʕ̰ʷ χ χʷ
1017	siss1243	a b bz dz e ɛ f fʃ h i ɪ j kʰ kxʰ kʼ kǃ l ɬ ɮ m n ɲ ŋ o ɔ pʰ pʃʰ pʃʼ pʼ r s tʰ tɬʰ tɬʼ tsʼ t̠ʃ t̠ʃʰ t̠ʃʼ tʼ u ʊ v w x z ʒ
1018	sata1237	a aː æ ɒ ɛ ɛː ɞ f fː ɡ i iː j k kː m mː mʷˠ mʷˠː n nː ŋ ŋː oː p pː pʷˠ pʷˠː r rː ɻ ɻː s sː t̪ t̪ː t̠ʃ t̠ʃː u uː ʉ w
1019	ulwa1239	a aː b d ɡ h i iː j j̥ k l l̥ m m̥ n n̥ ŋ ŋ̥ p r r̥ s t u uː w w̥
1020	hupd1244	a æ b b̰ c ç d d̰ e ə ɡ ɡ̰ h i ɨ j j̰ ɟ ɟ̰̩ k o ɔ p p̰ t u w w̰ ʔ
1021	chim1300	a b d e ə f ɡ h i j k l m n ŋ o p r s ʃ t ts t̠ʃ u w ʔ
1022	loxi1235	a ð e ɛ ɣ ɣʷ i j k ɭ m n̪ ɲ ŋ o ɔ p r̃ ɾ ʂ t̪ ts̪ ʈʂ u w x z ʐ β θ
1023	yuki1243	a c ç c̰ e ə h i j j̰ k k̰ l l̰ m m̰ n̰ o p p̰ s s̰ t t̪ t̰ t̪ʼ u w w̰ ʔ
1024	yape1248	a aː æ æː ɑː ð eː ɛ f f̰ h iː ɪ j k k̰ l̰ m m̰ n n̰ ŋ ŋ̰ œ œː ɔ ɔː p p̰ r s t t̰ t̠ʃ ʊ ʊː ʌ w w̰ x ʔ β θ θ̰
1025	yuro1248	a aː e eː ə əː ɣ h i iː j k k̰ kʷ k̰ʷ l ɬ m n̪ o oː p p̰ r s ʃ t̪ t̰ t̠ʃ t̠ʃ̰ u uː w x ʔ
1026	yura1255	a æ b d dʲ e h i ɨ j k l m n ɲ o p ɹ̝ s ʃ t t̠ʃ u w ʔ
1027	sout2750	a aː d̪ d̠ʒ e eː ɡ i iː j k l ʎ m n ɲ ŋ o ø oː øː p q r ʁ ʃ t̪ t̠ʃ u uː w ʒ ʔ
1028	nucl1290	a ai ao c cʰ e ə əi ɛ f h i ia iau iu j k kʰ l l̥ m m̥ mb n n̥ nd ɲ ŋ ŋ̥ o oi ɔ ɔi p pʰ r r̥ s t tʰ u ua uai ui ɯ ɯa ɯi v ʔ
1029	wamb1259	a ai au d̠ʒ e ei ɣ h i j k l m mb n nd ŋɡ o oi p s t u ui w β
1030	wash1253	a b d dz e ɡ h i ɨ j j̥ k k̰ l l̥ m m̥ n ŋ ŋ̥ o p p̰ s ʃ t t̰ t̰s̰ u w w̥ ʔ
1031	waya1269	a e ə h i ɨ j k m n o p ɽ t u w
1032	woge1237	a b d̪ e f ɡ i j k l̪ m n̪ ɲ ŋ o r s t̪ u v
1033	huar1255	a ai au e ei h i ia ie j k m n o oi p ɾ s t t̠ʃ u ua ue ui w ʔ
1034	vaii1241	˥˩ ˦ ˨ ˩˥ a ã b ɓ c d e ɛ ɛ̃ f ɡ ɡb h i ĩ j ɟ k kp l m mb n nd ɲ ɲɟ ŋ ŋɡ ŋmɡb o ɔ ɔ̃ p s t u v w z
1035	ukra1253	a b d̪ d̪z̪ d̠ʒ ɛ f ɡ h i ɪ j k l̪ m n̪ ɔ p r̪ s̪ ʃ t̪ t̪s̪ t̠ʃ u v w x z̪ ʒ
1036	phal1254	a aː b ɕ d̪ ɖ e eː f ɡ ɣ h i iː j k l m n̪ ɳ o oː p q r ɽ s ʂ t̪ tɕ ts ʈ ʈʂ u uː w x z ʐ ʑ
1037	east2440	a b d d̠ʒ e f ɡ h i j k l m n ŋ o p r s t t̠ʃ u w ʔ
1038	tokp1240	a ã d̠ʒ e ẽ h i ĩ ɨ ɨ̃ k kʷ mb nd ŋɡ o õ p ɾ s ʃ t t̠ʃ u ũ w ʔ
1039	baru1269	a ã b d d̠ʒ e ẽ ɡ ɣ i ĩ j k m n o õ ɸ ɾ s t u ũ β
1040	tatu1247	a b d e ɡ h i j k o p r s t u ʉ w
1041	tagw1240	ã ãː b c d e eː ɛ ɛ̃ ɛː ɛ̃ː f ɡ ɡb h i ĩ iː ĩː j ɟ k kp l m n ɲ ŋ ŋm o oː ɔ ɔ̃ ɔː ɔ̃ː p s t u ũ uː ũː v w z
1042	maza1291	a ɑ b d d̠ʒ e ɛ f ɡ h i j k l̪ m n̪ o p q r s ʃ t t̠ʃ u v x z ʒ
1043	paok1235	˥˩ ˦˥ ˧ a ai au b c cʰ d e ə ɛ h i j k kʰ l m n ŋ o ɔ p pʰ r s t tʰ u ʉ w ʔ
1044	tern1247	a b d d̠ʒ e f ɡ h i j k l m n ɲ ŋ o p ɾ s t t̠ʃ u w ʔ
1045	toba1269	a aː b d d̠ʒ ɛ ɛː ɡ h i j kʰ l̪ ʎ m n̪ ɲ o oː pʰ qʰ ɾ s ʃ tʰ t̠ʃ w ʔ
1046	poli1260	a b c ɕ d̪ d̪z̪ d̻z̻ dʑ e f ɡ i ɨ j ɟ k l̪ m n̪ ɲ ŋ o p r s̪ s̻ t̪ tɕ t̪s̪ t̻s̻ u v w x z̪ z̻ ʑ
1047	mand1415	˦ ˦˨ ˧˦ ˧˨˧ a ai au ɕ ei ə ɤ f i ia iau ie iou iu j k kʰ l m n ŋ ou p pʰ ɹ s ʃ̺ t tɕ tɕʰ tʰ ts tsʰ t̠ʃ t̠ʃ̺ʰ u ua uai uei uə uo w x y ye
1048	kala1381	˦ ˨ ↓˦ a ã b ɓ d d̠ʒ ɗ e ẽ ɛ ɛ̃ f ɡ ɡb ɦ i ĩ ɪ ɪ̃ j k kp l m n o õ ɔ ɔ̃ p r s t u ũ ʊ ʊ̃ v w z
1049	east2295	a aɛ b d dʲ dz dzʲ d̠ʒ d̠ʒʲ ɛ ɛɪ ɜ f ɡ ɣ h ɪ j k l ʎ m n nʲ ŋ ɔ ɔɛ p r ʀ ɾ s sʲ ʃ t tʲ ts tsʲ t̠ʃ t̠ʃʲ ʊ v x z zʲ ʒ ʔ
1050	dutc1256	aː ɑ b d eː ɛ ɛi̯ f ɣ ɦ i ɪ j k l ʎ m n ɲ ŋ oː øː œy ɔ ɔu p ʀ s ʃ t u v w x yː ʏ z ʒ ʔ
1051	malo1243	a e i k l m mb mbʷ mʷ n nd nɟ ŋ o r s t u x β βʷ
1052	gayo1244	a b d d̠ʒ e ə ɛ ɡ h i j k l m n ɲ ŋ o ɔ p r s t t̠ʃ u w ʔ
1053	jama1262	a aː ai au b d d̠ʒ e f ɡ h i iː ia j k l m n ŋ o p ɹ s ʃ t t̠ʃ u uː ua v w z
1054	mamb1294	˦ ˦˨ ˨ ˨˦ a ã a̰ ã̰ aː ãː b ɓ d ᶑ e ḛ eː f ɡ ɡb h i ĩ ḭ ḭ̃ iː ĩː j k kp l m n ŋ o o̰ oː p ɽ s t u ũ ṵ ṵ̃ uː ũː v ⱱ̟ w z ʔ ˀj̰ ˀw̰
1055	arag1245	a ai̯ au̯ b d̪ e ei̯ eu̯ f ɡ i i̯a i̯ai̯ i̯au̯ i̯e i̯eu̯ i̯o i̯u j k l ʎ m n ɲ o oi̯ ou̯ p r ɾ s ʃ t̪ t̠ʃ u u̯a u̯ai̯ u̯e u̯ei̯ ui̯ u̯i u̯o x θ
1056	tilq1235	˦ ˨ a b d̪ d̠ʒ e f ɡ ɡʷ i ɨ j k kʷ l ld m n o p ɾ s ʃ t̪ t̠ʃ u x z ʒ
1057	ibib1240	˦ ˨ a aː b d e eː f i iː j k kp m mː n nː ɲ ɲː ŋ ŋː o oː ɔ ɔː s t̪ u uː ʌ w
1058	tami1289	a aː aɪ aʊ b d̪ d̠ʒ ɖ e eː ɡ i iː j k l ɭ m n ɲ ɳ o oː p ɻ ɾ s t̪ t̠ʃ ʈ u uː ʋ
1059	zoog1238	˥˩ ˦ ˧ ˨ ˩˥ a a̤ a̰ ae ai ao aˀ b d d̠ʒ e e̤ ḛ ea ei eo eˀ f ɡ i i̤ ḭ ia ie io iˀ j k͉ k͉ʷ l l͉ m͉ n n͉ ɲ o o̤ o̰ oa oe oi oˀ p͉ r ɾ ʁ s͉ ʂ͉ ʃ͉ t͉ t̠ʃ͉ u ṳ ṵ uˀ w x z ʐ ʒ
1060	baga1273	a b d e ə ɛ f ɡb i j k l m n ɲ ŋ o ɔ p r s t ts u w
1061	sout2895	a e h i j k l m n o p r s t u w ʔ
1062	sela1259	a b d e f h i j k l m n o r s t u w ʔ
1063	tsuv1239	˦ ˨ a ã b ɓ d dz d̠ʒ ɗ e ẽ f ɡ ɡʲ ɡʷ h hʲ hʷ i ĩ j jˀ ɟ k kʲ kʷ l lʲ m n nʲ o õ ɔ ɔ̃ p s ʃ t tʲ ts t̠ʃ u ũ v w wˀ z ʒ ʔ β̞
1064	hang1263	a b d e ə ɡ ɣ i ɨ j ɟ k l m n ɲ o ɸ ɾ s t u w
1065	blan1242	˦ ˨ a a̤ c cʰ e e̤ f h i i̤ j j̥ k kʰ l l̥ m m̥ n n̥ ɲ̥ ŋ o o̤ ɔ ɔ̤ p pʰ r s t tʰ u ṳ ɯ ɯ̤ w ʔ
1066	tata1257	a b d d̠ʒ ɡ i j k l m n ɲ ŋ o p r s t u w ʔ
1067	tibe1272	˦ ˨˦ a ɕ e ɛ h i j k kʰ l̪ l̥ m n̪ ŋ o ø p pʰ r̪ s̪ t̪ tɕ tɕʰ t̪ʰ t̪s̪ t̪s̪ʰ ʈ ʈʰ u w y ʔ
1068	chee1238	˦ ˧ ˨ a aː aɪ au ɐ ɐː ɐi ɐu b d d̠ʒ ɛ ɛː ɛʊ f ɡ ɡb h hʲ hʷ i iː ɪ ɪː j j̥ k kp l m n ɲ ŋ ŋm ɔ ɔː ɔɪ p ɾ s t t̠ʃ u uː ɥ ɥ̥ ʊ ʊː ʊɪ ʊu v ⱱ w̞ z
1069	tolo1259	æ ɐ ɑ ɡ ɣ h i j k kʼ l ɬ m n p pʰ s ʂ ʃ t tʰ tsʼ t̠ʃ t̠ʃʼ tʼ ʈ ʈʼ u w x ʔ
1070	pagi1243	˦ ˨ a b bʷ ɓ d ɗ e ɛ f ɡ ɡb ɡʲ ɡʷ i j k kʲ kp kʷ l m mb mbʷ mp ɱv n nd ns nt nz ɲj ŋɡ ŋɡʲ ŋɡʷ ŋk ŋkʷ ŋmɡb ŋmkp ŋʷ o ɔ p pʷ s t u v w z
1071	choc1276	a aː b f h i iː j k l ɬ m n o oː p s ʃ t t̠ʃ w
1072	mich1243	a ã ɑ b d d̠ʒ e ɛ ɛ̃ f ɡ h ʰk ʰp ʰt ʰt̠ʃ i ĩ ɪ j k l m n o œ ɔ ɔ̃ p r s ʃ t t̠ʃ u ʊ v w y z ʒ
1073	pila1245	d e ɡ h i j k l ʎ m n ɲ o p q s t t̠ʃ ʌ w ʔ ʕ
1074	yuch1247	æ æ̃ ɑ ɑ̃ b d dz d̠ʒ e ẽ f fʼ ɡ h i ĩ j j̰ k kʰ kʼ l l̰ ɬ ɬʼ n n̰ o õ p pʰ pʼ s sʼ ʃ ʃʼ t tʰ ts tsʰ tsʼ t̠ʃ t̠ʃʰ t̠ʃʼ tʼ u w w̰ ʔ
1075	bani1255	a ai au b d̪ d̪z̪ e ɡ h ʱm ʱn̪ ʱɾ̪ i ia ie iu j k kʰ m n̪ p pʰ ɸ ɽ ɾ̪ ʂ ʃ t̪ t̪ʰ t̪s̪ u ua ue ui w β
1076	kari1311	a ã aː e ẽ eː h i ĩ iː ɨ ɨ̃ k m n ɲ ŋ o õ oː p ɾ s t w
1077	nort2943	a ɣ h i j k l l̥ ʎ ʎ̥ m n ɲ ŋ p q ʁ s ʃ t t̠ʃ u v x ʒ ʔ χ
1078	sanj1284	a a̤ a̰ b d d̠ʒ e e̤ ḛ f ɡ h i i̤ ḭ j k l lː m mː n nː ŋ ŋː o o̤ o̰ p r ɾ s ʂ ʃ t ts t̠ʃ u ṳ ṵ ɯ ɯ̤ ɯ̰ w z ʐ ʒ
1079	tzot1259	a b e h i k kʼ l m n o p pʼ r s ʃ t ts tsʼ t̠ʃ t̠ʃʼ tʼ u ɰ x ʔ
1080	sida1246	a aː b d̪ d̠ʒ ɗ̪ e eː f ɡ h i iː j k kʼ l̪ m n̪ ɲ o oː pʼ ɾ̪ s̪ ʃ t̪ t̠ʃ t̠ʃʼ t̪ʼ u uː w z̪ ʔ
1081	west2560	a b d̪ d̠ʒ e ə ɡ i j k l̪ m n̪ ɲ ŋ o p r s t̪ u w ʔ
1082	chim1301	a ai e ei h i j k kʰ kʼ l m n o oi p pʰ pʼ q qʰ qʼ r s ʃ t tʰ ts tsʰ tsʼ t̠ʃ t̠ʃʰ t̠ʃʼ tʼ ʈ ʈʰ ʈʼ u ui w x ʔ χ
1083	hueh1236	a aː b ɓ d ɗ eː ɛ ɡ h iː ɪ j k kʼ l ɬ̪ m n o oː p q r ɾ s ʃ t ts tsʼ t̠ʃ t̠ʃʼ u uː w ʔ
1084	utes1238	æ æː ɑ ɑː ɛ ɛː ɡʷ ɣ i iː ɨ ɨː j k kʷ m n o ø oː øː p q ɾ ʁ s t t̠ʃ u uː ɯ ɯː v w x ʔ χ
1085	dupa1235	a b d ɛ ɡ h i j k l m ŋ o p ɾ s t u w ʔ
1086	tong1325	a e f h i k m n̪ ŋ o p ɺ s t̪ u v ʔ
1087	lake1258	a aː b d e eː f i iː j k kʰ kʼ l ɬ m n o oː p pʰ pʼ r s ʂ t̪ t̪ʰ ts tsʼ t̠ʃ t̪ʼ ʈ ʈʰ ʈʼ u uː w x ʔ
1088	lazz1240	ɑ b ç d̪ d̪z̪ d̠ʒ e f ɡ h i ʝ k kʼ l̪ m n̪ o p pʼ ɹ s ʃ t̪ t̪s̪ tsʼ t̠ʃ t̠ʃʼ t̪ʼ u z ʒ
1089	juan1238	æ æː b cç d̪ ɖ ɛ ɛː ɡ i iː ɟʝ k l ɭ m n ɲ ɳ ŋ ɔ ɔː p ɾ s t̪ ʈ u uː
1090	adan1251	a aː aɛ ai b c d e eu ɛ ɛi f ɡ h i iː iu ɟ k l m n ɲ ŋ o oː oi ou ɔ ɔː ɔi ɔu p r s t u uː ui ʔ
1091	ambe1247	˦ ˧ ˨ a b bʲ d d̠ʒ d̠ʒʷ e ə ɛ f ɡ ɡb ɡʲ ɣ h i ɨ j k kp kpʷ kʷ l m mb mʷ n nd nt n̠t̠ʃ ɲ ŋ ŋɡ ŋk ŋmɡb o ɔ p s sʲ sʷ t t̠ʃ t̠ʃʲ tʷ u ʉ w
1092	apur1254	a ã aː ãː ai ao e ẽ eː ẽː ei eo h i ĩ iː ĩː io ɨ ɨ̃ ɨː ɨ̃ː j k m n ɲ o õ oː õː oi p ɾ s ʃ t ts t̠ʃ ɰ
1093	achi1257	a ã ai ãi b c d e ə əi ɛ ɛ̃ ɛə ɛ̃ə f ɡ h i ĩ iə ĩə j ɟ k l m n ɲ ŋ o oi ɔ ɔ̃ ɔə ɔi p r s ʃ t u ũ uə ũə ui ɯ ɯ̃ ɯə ɯ̃ə ʌ ʌ̃ ʌə ʌi w ʔ
1094	anti1245	a aː ai b c d d̠ʒ e ə f ɡ h i iː ia j ɟ k l m n ŋ o ou p r s ʃ t t̠ʃ u uː ua v w z ʒ
1095	akla1241	a b d ɡ ɣ h i j k l m n ŋ p r s t u w ʔ
1096	arhu1242	a b d d̠ʒ e ei ə ɡ h i ia iɨ ɨ k m n o ou p ɾ s t t̠ʃ u ua ue uə ui uɨ z ʔ β
1097	karo1306	˦ ˨ a ã b c e ẽ ə ɡ h i ĩ ɨ j k m n ŋ o õ p ɾ t u w ʔ
1098	liby1240	a æ æi æu ai au b d̪ ð dˠ ðˠ e eu f ɡ h ħ i ɪ ɪi j k l̪ l̪ˠ m mˠ n̪ o q ɾ̪ ɾ̪ˠ ʁ s̪ sˠ ʃ t̪ tˠ u ui ʊ ʊu v w z̪ zˠ ʒ ʔ ʕ θ χ
1099	bata1289	a æ b d d̠ʒ e ə ɛ ɡ h i j k l m n ŋ o ɔ p r s t t̠ʃ u w ʔ
1100	baou1238	a b c d e ɛ f ɡ ɡb i j ɟ k kp l m o ɔ p s t u w
1101	bond1245	a b d̪ ɖ ə ɛ ɡ i j ɟ kʰ l̪ m n̪ ɲ ɳ ŋ o pʰ r s t̪ʰ ʈʰ u w z ʔ
1102	bike1242	˦ ˦˨ ˨ ˨˦ a aː b d d̠ʒ e eː ə ɛ ɛː f ɡ i iː ia iaː ie ieː iə iɛː iɔ ɨ j k kp l m mb mp n nd n̠d̠ʒ nt n̠t̠ʃ ɲ ŋ ŋɡ ŋk ŋmɡb ŋmkp o oː ɔ ɔː p s t t̠ʃ u uː w
1103	siks1238	a aː æː ɛ h i iː j k l m n o ø oː ɔ ɔː p s t̪ t̠ʃ u w x ʔ
1104	bilo1248	a ã c d e h i ĩ j k m n o õ p s t u w x
1105	beli1260	ɑ ɑ̃ ɑː ɑi b d d̠ʒ e ẽ eː f ɡ h i iː j k l m n ŋ o oː p ɹ s ʃ t t̠ʃ u uː v w z ʒ
1106	koas1236	˦ ˦˥˦ ˧ ˨ a aː b ɕ h i iː j k l̪ ɬ̪ m n̪ p ɸ t̪ t̠ʃ u uː w ʔ
1107	como1259	a ə ɛ h ɪ j j̰ k k̰ kʷ k̰ʷ l l̰ ɬ m m̰ n n̰ o p p̰ q q̰ qʷ q̰ʷ s ʃ t t̰ tɬ tɬ̰ ts ts̰ t̠ʃ t̠ʃ̰ w w̰ x xʷ ʔ χ χʷ
1108	soch1239	˦ ˦˨ ˧ ˧˦ ˧˨ ˨ ˨˧ ɐ ɐ̃ ð ɛ ɛ̃ ɤ ɤ̃ ɣ h i ĩ k l m n ŋ ɔ ɔ̃ p ɸ ɾ s t ts u ũ ɯ ɯ̃ ʐ ʔ β θ
1109	diml1238	a ai au b d̪ d̠ʒ e ə əi əu f ɡ ɣ h ħ i ɨ j k l ɫ m n o oi p q r ɾ s̪ s̪ˤ ʃ t̪ t̠ʃ t̪ˤ u ʉ ʉi v w x z̪ ʒ ʕ
1110	yekh1238	˦ ˦˨ ˨ a b d dz e ɛ f ɡ ɡb ɡbː ɣ i j k kp kpː l m mː n o ɔ p r s t ts u v w x β̞ θ
1111	nort2626	a ai au b c ç d ð eː ɛ ɛə f ɡ h iː ɪ j k l ʎ m n ɲ ŋ oː øː œ ɔ ɔi p r s ʃ t uː ʊ ʊa ʊɪ v x yː ʏ
1112	guja1253	aː ãː æ b d̪ d̠ʒ ɖ eː ẽː ə ɛː ɛ̃ː f ɡ ɣ h iː ĩː ɪ j k kʰ l̪ ɭ m n̪ ɳ oː õː ɔː ɔ̃ː p pʰ r ɽ ɾ̪ s̪ ʃ t̪ t̪ʰ t̠ʃ t̠ʃʰ ʈ ʈʰ u uː ũː w x z̪
1113	guan1269	˦ ˨ a b d e ɡ h i j k kʰ o p pʰ ɾ s t tʰ t̠ʃ u ʉ w ʔ
1114	hung1278	˦ ˧ ˨ a aː b d ɛ ɛː f ɡ h i iː j k kʰ l m n ŋ ɔ ɔː pʰ r s t tʰ u uː v w z
1115	halk1245	˦ ˧ ˨ a aː b çʲ ə əː ɛ ɛː h i iː j k kʷʰ kʷʼ kʼ l ɬ m n o oː pʰ pʼ qʰ qʷʰ qʷʼ qʼ ɹ s tʰ tɬʼ ts tsʼ tʼ t̪θʼ u uː w xʷ ʔ θ χ χʷ
1116	huas1242	a aː b d eː ɛ f ɡ h i iː j k kʷ kʷʼ kʼ l̪ m n̪ oː ɔ p ɾ̪ s ʃ t t̪ t̠ʃ t̠ʃʼ tʼ t̪ʼ uː ʊ w ʔ θ
1117	ilok1237	a b d̪ ɡ h i j k l m n̪ ŋ o p ɾ s t̪ t̠ʃ ɯ w ʔ
1118	kadi1248	a aː b bː d̪ d̪ː d̠ʒ ɛ ɛː ɡ ɡː i iː j jː k l lː m mː n nː o oː p q ʁ t̪ t̠ʃ w wː
1119	kute1248	˥˩ ˦ ˧ ˨ ˩˥ a ã æ æ̃ b d d̠ʒ e ẽ f ɡ h i ĩ ɨ j k l m mb n nd ndz n̠d̠ʒ ɲ ŋ ŋɡ o õ p ɾ s ʃ t ts t̠ʃ u ũ v w z
1120	awac1239	a i i̥ ɨ ɨ̥ j k l ɬ m n ŋ p s ʃ t̪ u u̥ w z ʒ
1121	lisu1250	˦ ˦˧ ˧ ˧˦ ˨ ˨˧ a æ ɒ b d dz ɘ f ɡ ɣ ɪ ɨ j k kʰ l m n ŋ ø p pʰ s t tʰ ts tsʰ ʊ v w x z ʔ
1122	loni1238	a e ɛ h i j k l m mʷ n ɲ ŋ o ɔ p pʷ r s t t̠ʃ u w
1123	mola1238	æː ɑ ɑː h i iː j k kʼ l ɬ m n ŋ p pʼ q qʼ s t tɬ ts tsʼ tʼ ʊ ʊː w ʍ x ʔ
1124	mats1244	a b d e ɤ i ɨ j k m n p s ʂ ʃ t ts t̠ʃ ʈʂ ɯ w
1125	mani1292	˦ ˨ a b bʱ d dʱ d̠ʒ d̠ʒʱ e ə ɡ ɡʱ h i j k kʰ l m n ŋ o p pʰ r s t tʰ t̠ʃ t̠ʃʰ u w
1126	mand1436	˦ ˦˨ ˨ ˨˦ ˨˦˨ a aː b d d̠ʒ e eː f ɡ h i iː j k l m n ɲ ŋ o oː p r s t t̠ʃ u uː w
1127	moco1246	a aː d d̠ʒ e eː ɣ h i iː j k l ʎ m n ɲ o oː p ɸ q ɾ ʁ s ʃ t t̠ʃ w x ʔ
1128	mamm1241	a aː b ɓ c cʼ d e eː f ɡ i iː j k kʼ l m n ɲ o oː p q qʼ r s ʂ ʃ t ts tsʼ t̠ʃ t̠ʃʼ tʼ ʈʂ ʈʂʼ u uː w x ʔ χ
1129	mund1330	˦ ˨ a ã a̰ ã̰ b d d̠ʒ ə ə̃ ə̰ ə̰̃ ɛ ɛ̃ ɛ̰ ɛ̰̃ h i ĩ ḭ ḭ̃ j k m n ŋ o õ o̰ õ̰ p ɾ s ʃ t t̠ʃ w ʔ
1130	nisg1240	a aː b ç d̪ ɛ ɛː ɡ ɡʲ ɡʷ ɢ h iː ɪ j kʲʼ kʼ l̪ ɬ m n̪ ɔ ɔː s t̪s ʊ ʊː w xʷ ʔ ˀj̥ ˀkʷ ˀl̪̥ ˀm̥ ˀn̪̥ ˀp ˀq ˀt̪ ˀt̪ɬ ˀt̪s ˀw̥ χ
1131	nort2627	a æ æɪ ai au ɑ ɑʊ b ç cʰ d eː ə f ɡ h iː ɪ ʝ kʰ l m n ɲ ŋ oː pʰ ɾ s ʃ tʰ uː ʊ v x z ʒ
1132	nort2984	˦ ˨˦ æ æ̃ ɑ ɑ̃ b d e ẽ ə ə̃ ɡ h i ĩ j k kʰ kʼ l lʱ lʼ ʎ ʎʱ ʎʼ m mʱ mʼ n nʱ nʼ ɲ ɲʱ ɲʼ p pʰ ɾ ɾʲ s ʃ t tʰ ts tsʰ tsʼ t̠ʃ t̠ʃʰ t̠ʃʼ tʼ u ũ w ʔ
1133	pana1305	a aː ai eː ɛ h i iː ɨ ɨː j k kː kʷ kʷː m mː n nː ŋ ŋː ŋʷ ŋʷː o oː p pː s t tː tːs ts u uː w ʔ
1134	nige1257	˦ ˨ a b d d̠ʒ e ɛ f ɡ ɡb h i j k kp l m n ŋ o ɔ p ɾ s ʃ t t̠ʃ u v w z
1135	nort2966	ɑ ɑː b d̪ e eː h i iː j k kʰ kʼ l m n o oː p pʰ pʼ s ʃ t t̪ tʰ t̪ʰ ts tsʰ tsʼ t̠ʃ t̠ʃʰ t̠ʃʼ tʼ t̪ʼ u uː w ʔ
1136	texi1237	a aː b d dʲ ɛ ɛː h ɨ ɨː j k l m n ɲ ŋ ɔ ɔː p r s ʃ t ts t̠ʃ u uː ʔ
1137	khan1273	æ ɑ c e ɛ ɣ i j k l ɬ ʎ m n ɲ ŋ o ø œ ɔ p q r s t t̠ʃ u ɯ ʌ w y
1138	stan1289	a b d̪ d̠ʒ e ei̯ ə ɛ ɛu̯ f ɡ i i̯a i̯ɛ j k l ʎ m n ɲ ŋ o ou̯ ɔ p r ɾ s ʃ t̪ t̠ʃ u u̯a u̯ə ui̯ w z ʒ
1139	croa1245	a aː b d̪ dʑ d̠ʒ e eː f ɡ i iː ie j k l ʎ m n ɲ o oː p r s ʃ t̪ tɕ t̪s t̠ʃ u uː ʋ x z ʒ
1140	czec1258	a aː au b c d ɛ ɛː ɛu f ɡ ɦ iː ɪ j ɟ k l m n ɲ o oː ou p r r̝ s ʃ t ts t̠ʃ u uː v x z ʒ
1141	gali1258	a ð̞ e ɛ f i j ɟ k l m n ɲ ŋ o ɔ p r ɾ s̺ ʃ t̪ t̠ʃ u ɰ w β̞ θ
1142	kabi1261	˦ ˨ a̙ a̙ː a̙ˠ b d d̠ʒ ɖ e eː eˠ ɛ̙ ɛ̙ː ɛ̙ˠ f ɡ ɡb h i iː iˠ ɪ̙ ɪ̙ː ɪ̙ˠ j kʰ kpʰ l m n ɲ o oː ɔ̙ ɔ̙ː r s tʰ t̠ʃ u uː ʊ̙ ʊ̙ː v w z
1143	mono1270	˦ ˧ ˨ a b ɓ d d̠ʒ ɗ e ə f ɡ ɡb h i ɨ j k kp l m mb n nd n̠d̠ʒ ɲ ŋɡ ŋmɡb o ɔ p r s ʃ t t̠ʃ u v ⱱ w z ʒ ʔ
1144	indo1316	a ai̯ au̯ b d d̠ʒ e ə f ɡ h i j k l m n ɲ ŋ o oi̯ p r s ʃ t̪ t̠ʃ u w z ʔ
1145	ital1282	ɐ b d dz d̠ʒ e ɛ f ɡ i j k l ʎ m n ɲ o ɔ p r s ʃ t ts t̠ʃ u v w z
1146	sala1272	a b d̪ e ɡ i j k kʰ l m n ɲ o p pʰ ɾ s ʃ t̪ tʰ ts t̠ʃ t̠ʃʰ u w x z ʒ
1147	seri1257	ɑ ɑː ɛ ɛː i iː k kʷ l ɬ m n o oː p ɸ ɾ s ʃ t̪ x xʷ ʔ χ χʷ
1148	sind1272	ɑ b bɦ ɓ c cʰ d̪ d̪ɦ ɖ ɖɦ ɗ e ə ɛ f ɡ ɡɦ ɣ h i ɪ j ɟ ɟɦ k kʰ l lɦ m mɦ n nɦ ɲ ɳ ɳɦ ŋ o ɔ p pʰ ɽ ɽʱ ɾ s ʃ t̪ t̪ʰ ʈ ʈʰ u ʊ ʋ x z
1149	slov1268	a aː b d̪ d̠ʒ e eː ə əː ɛ ɛː f ɡ i iː j k l m n o oː ɔ ɔː p ɾ s ʃ t̪ ts t̠ʃ u uː ʋ x z ʒ
1150	swed1254	a ɑː b ɕ d̪ eː ɛ ɛː f ɡ h ɧ iː ɪ ʝ k l m n̪ ŋ oː øː œ ɔ ɵ p ɹ s̪ t̪ uː ʉ̟ ʊ v yː ʏ
1151	east2440	a b bː d dː d̠ʒ ɛ f fː ɡ ɡː h hː ɨ j k kː l lː m mː n nː ŋ ŋː ɔ p pː r s sː t tː t̠ʃ t̠ʃː u w
1152	tuka1248	a b ɓ d̠ʒ ɗ ɛ ɡ h i k l m mb mp n nd ns nt ŋ ŋɡ ŋk o p r s t ɯ ʔ β
1153	yine1238	a aː ç cç e eː h̃ i iː j k l m n o oː p ɾ s ʃ t ts t̠ʃ ɯ ɯː w
1154	kich1262	a aː e eː i iː j k kʼ l m n o oː p pʼ q qʼ r s ʃ t ts tsʼ t̠ʃ t̠ʃʼ tʼ u uː w x ʔ
1155	huam1248	a aː b d e eː f ɡ h i iː j k l ʎ m n ɲ o oː p q ɾ s ʃ t t̠ʃ u uː w z
1156	sipa1247	a aː b̰ e eː i iː j k k̰ l m n o oː p q q̰ r s ʃ t t̰ ts ts̰ t̠ʃ t̠ʃ̰ u uː w ʔ χ
1157	chim1302	a b d̪ dʲ e ɡ h i j k kʰ l m n nʲ o p pʰ r s s̪ ʂ t t̪ tʰ t̪ʰ tʲ tʲʰ ts u w x z z̪ ʐ ʔ
1158	tlac1235	a aː e eː h i iː j k k̰ l ɬ m n o oː p p̰ q q̰ r ɾ s t t̰ ts ts̰ t̠ʃ t̠ʃ̰ u uː w z ʔ
1159	ambu1247	a aː e i ɨ j k l m mb n nd ɲ ɲɟ ŋ ŋɡ o p r s t u v w
1160	abau1245	ɑ e h i j k m n o p ɾ s u w
1161	qima1242	˥˩ ˦ ˧ ˨ a æ b d dz̪ d̠ʒ e ə f ɡ ɡʷ ɢ ɢʷ i j k kʷ l̪ m n̪ ŋ ŋʷ o p q qʷ r̪ s̪ ʃ t̪ ts̪ t̠ʃ u w z̪
1162	akha1245	˦ ˧ ˨ a ã b cç cçʰ d dz d̠ʒ e ə ɛ ɡ ɣ h i j k kʰ l m n ɲ ŋ o ø ɔ ɔ̃ p pʰ s t tʰ ts tsʰ t̠ʃʰ u ũ ɯ x z ʔ
1163	alya1239	ɐ ɐː c cɲ i iː k kŋ l l̪ ɭ ʎ m n n̪ ɲ ɳ ŋ p pm r ɽ t t̪ tn t̪n̪ ʈ ʈɳ u uː w y
1164	aman1265	a b e f ɡ h i j k m n ŋ o p r s t u w
1165	anua1242	˦ ˧ ˨ ˩˥ a aː b c d d̪ e eː ɛ ɛː ɡ i iː ie ɪ ɪː ɪɛ j ɟ k l m n n̪ ɲ ŋ o oː ɔ ɔː p r t t̪ u uː uo ʊ ʊː ʊɔ ʌ ʌː w
1166	aran1237	a b d ð e ɡ ɣ i ɟ k m n o p ɾ t u β
1167	bumb1241	a b d̪ dz e ɡ h i kʰ l m n ɲ o ø pʰ s ʃ t̪ʰ u y ʔ
1168	tana1290	˥ ˥˩ ˦ ˨ ˩˥ a ã aː ð e ẽ eː ɛ ɣ h i ĩ iː j j̥ k kʰ kʼ l ɬ m n n̥ o s ʃ t tʰ tl tɬʰ tɬʼ ts tsʰ tsʼ t̠ʃ t̠ʃʰ t̠ʃʼ tʼ t̪θ t̪θʰ t̪θʼ u ũ uː x z ʒ ʔ θ
1169	auuu1241	ɐ ɐː ə ɣ i ɨ j k m n o p ɾ s t u w
1170	tinp1237	a aː æ ai e eː h i iː j k l m n o oː ɔ ɔː p s t u uː w ʔ β
1171	peta1245	a aː ai au b e e̝ ei ɡ h i iː j k l m n ŋ o ø o̝ ou p r s t t̠ʃ u uː w
1172	pate1247	a aː e eː ɛ ɛː ɣ h i iː j k kʷ l m mb mbʲ mbʷ mʲ mʷ n nd ndʲ ndz nʲ ŋ ŋɡ ŋɡʷ ŋʷ o oː ɔ ɔː p pʲ pʷ s t tʲ u uː w β βʲ
1173	kela1255	a ã ae ai au b d dz e ẽ ɡ i ĩ j k l m n ŋ o õ oi p r s t u ũ w z
1174	surs1246	ɐ b d e ə ɡ h i j k l m n ŋ o p r s t u w
1175	awar1248	ɐ b d e ɡ ɡʷ ɣ h i j k kʷ l m n ŋ ŋʷ o p s t u ʌ ʔ β
1176	awin1248	a aː d e eː ə əː ɛ ɛː f ɣ i iː ɨ ɨː j k kʲ kʷ l lʷ m mb mbʷ mʲ n nd n̠d̠ʒ ɲ ŋ ŋɡ ŋɡʲ ŋɡʷ ŋʷ o oː ɔ ɔː p pʲ s ʃ ʃʷ t tʲ ts t̠ʃ tʷ u w x z ʒ ʒʷ ʔ β
1177	awtu1239	a æ d e ə i j kʰ l m n ŋ o pʰ ɾ tʰ u w
1178	baba1264	a dz d̠ʒ e ə f ɡ ɣ i ɨ j k l m n ɲ ŋ ŋm o p r s ʃ t ts u v w x ʒ
1179	baba1266	a b bv d dz d̠ʒ e ə f ɡ ɣ i ɨ j k l m n ɲ ŋ o pf s ʃ t ts t̠ʃ u v w z ʒ ʔ
1180	bako1249	a b bʷ d d̠ʒ e ɛ f ɣ ɦ i j k kʷ l m mb mbʷ n nd ɲ ŋ ŋɡ ŋɡʷ o ɔ p ɾ s t t̠ʃ u w
1181	nyon1241	˥˩ ˦ ˧ ˨ ˩˥ a aː b d̪ e eː ə ɛ ɛː f ɡ ɡb h i iː j k kp l̪ m n̪ nd̪ ɲ ŋ ŋɡ ŋʷ o ɔ ɔː p s t̪ u uː v w z
1182	bamu1256	a b d̪ d̠ʒ e ə ɛ f ɡ ɣ h i ɨ j k kp l m n ɲ ŋ o ɔ s ʃ t̪ t̠ʃ u v w ʒ ʔ
1183	bang1356	˥˩ ˦ ˦˨ ˩˥ a b d dz d̠ʒ e ə ɛ f ɡ ɣ h i ɨ j k l m n ŋ o ɔ p ɾ s ʃ t ts t̠ʃ u v w z ʒ ʔ θ
1184	bata1285	˦ ˧ ˨ a ɓ c ɗ̪ e ɛ f i ʄ k l m mb n nd ɲ ɲʄ ŋ ŋɡ o ɔ p s t̪ u v w y
1185	bari1286	ɑ b d e ɡ i k l m n ŋ o p r s t u
1186	befa1241	˦ ˨ ɑ ɑː b bʲ bʷ d dz d̠ʒ e eː ə əː ɛ f fʲ fʷ ɡ ɡb ɡʲ ɡʷ ɣ h i iː j ʝ k kʲ kp kʷ l lʲ m mʷ n nd ndz ɲ ŋ ŋʷ o oː ɔ p s t tʲ ts t̠ʃ tʷ u uː v w z ʒ ʔ
1187	idaa1241	a b d d̠ʒ e ə ɡ i j k l m n ŋ o p r s t t̠ʃ u w ʔ
1188	bemb1257	a aː e eː f i iː j k l m n ɲ ŋ o oː p s ʃ t t̠ʃ u uː w β
1189	berb1259	a b ç d e ɛ f ɡ h i j k l m n o p r s ʃ t u v w x z
1190	bett1235	ai ɑ ɑː b d d̪ d̠ʒ ɗ ə əː əi ɛ ɛː f ɡ i iː j k l ɭ m n ɳ ŋ ɔ ɔː p ɾ ʃ t t̪ ʈ u uː ui ʋ
1191	biak1248	a aː b d e eː f i iː j k l m n o oː p r s t u uː w β
1192	bili1250	a aː i iː j ɟ k l ɭ ʎ m n ɲ ɳ ŋ p ɻ ɾ t ʈ u uː w
1193	bina1277	ɑ ɑ̃ ɑe ɑi ɑ̃ĩ ɑo ɑ̃õ ɑu b d e ẽ ei ẽĩ eo ɡ i ĩ iu j k m n o õ oe oi ou õũ p ɾ t u ũ β
1194	sout2840	a ã aː b d e eː ɛ ɛ̃ ɛː f ɡ ɡb h i ĩ iː k kp l m n ɲ ŋ o oː ɔ ɔ̃ ɔː p r s t u ũ uː v z
1195	nucl1695	a aː b ɓ d d̠ʒ ɗ e eː ɡ h i iː j ʄ k l m mb n nd n̠d̠ʒ nz ɲ ŋɡ o oː p r s ʃ t t̠ʃ u uː w z ʔ
1196	bong1285	a aː b d e eː f ɡ h i iː k l m n ɲ ɔ ɔː p pf r s t ts t̠ʃ u uː w y
1197	boro1277	˦ ˧ ˨ a b d e ɡ h i j kʰ l m n ŋ o ɵ pʰ r s tʰ u w z
1198	brok1247	a aː b c ç d d̪ dʱ e eː f ɡ ɣ̥ h i iː j ʝ k l m n ŋ o oː p pʰ q s ʂ t t̪ tʰ t̪ʰ ts u uː v x̥ z z̥
1199	baga1272	a b d̪ e ɛ f ɡ ɡb h i ɨ j k l m n ŋ o ɔ p r s t̪ t̠ʃ u w
1200	bubi1249	a aː b bʷ d d̠ʒ e eː ɛ ɛː ɡb i iː j k kp l m mb n nd n̠d̠ʒ ɲ ŋ ŋɡ ŋʷ o oː ɔ ɔː ɸ s t t̠ʃ u uː w ʒ β
1201	buku1249	a aː e eː f i iː j k l m mb n nd n̠d̠ʒ ɲ ŋ ŋɡ o oː p r s t t̠ʃ u uː w x β
1202	subi1246	a b bʷ d dʷ d̠ʒ d̠ʒʷ ɛ f fʷ ɡ ɡʷ h hʲ hʷ i j k kʷ lʷ m mʲ mʷ ɱ n nʷ ɲ ŋ ɔ p pʷ ɻ ɻʲ ɻʷ s sʷ ʃ t t̪ t̠ʃ tʷ t̪ʷ u v vʷ w z zʷ β βʲ βʷ
1203	tote1238	a aː b bʷ cʷ d̠ʒ ɛ ɛː f fʷ ɡ ɡʷ ɣ ɣʷ h hʲ hʷ i iː j k kʷ m mʲ mʷ n nʷ ɲ ŋ ŋʷ ɔ ɔː p pʲ pʷ ɻ ɻʲ ɻʷ s sʷ ʃ t tʲ ts t̠ʃʷ tʷ u uː v vʷ w z zʷ β
1204	bamb1265	˥˩ ˦ ˧ ˨ ˩˥ a aː d̠ʒ d̠ʒʷ e eː ə əː ɛ f fʷ ɡ ɣ h i iː ɨ ɨː j k kʷ l m mb n nd n̠d̠ʒ nʷ ɲ ŋ ŋɡ ŋɡʷ o oː ɔ ɔː p pʰ pʷ r ʃ ʃʷ t ts t̠ʃ t̠ʃʷ tʷ u uː ʉ w ʔ
1205	nort2845	a aː ç e eː f h i iː k m n o oː p r s t u uː v ʔ
1206	onge1236	a b cç d e ɛ ɤ ɡ i j ɟʝ k l m n ɲ ŋ o ɔ r t u w ʔ
1207	olut1240	a aː b d e eː ə əː f ɡ h i iː j k l m n o oː p r ɾ s ʃ t ts t̠ʃ u uː w ʔ
1208	jiar1240	a b c cʰ ɕ d̪ d̪z̪ dʑ ɖʐ e ɤ ɡ ɣ i j ɟ k kʰ l̪ ɬ̪ m mb n̪ n̪d̪ n̪d̪z̪ ndʑ ɴɢ ɲ ɲɟ ɳɖʐ ŋ ŋɡ o p pʰ q qʰ ɻ ʁ s̪ ʂ t̪ tɕ tɕʰ t̪ʰ t̪s̪ t̪s̪ʰ ʈʂ ʈʂʰ u ɯ w x y z ʑ χ
1209	suri1267	˦ ˨ a b ɓ c d ɗ e ɛ ɡ ɠ i j ɟ ʄ k l m n ɲ ŋ o ɔ ɾ s t u w x z
1210	bilu1245	a aɛ aɪ aɔ aʊ b d d̠ʒ e ea eɪ eɔ eʊ ɡ i ia iɛ iɔ iʊ k l m n ɲ ŋ o oa oɛ oɪ oʊ p r s t u ua uɛ uɪ uɔ z β
1211	hoav1238	a b d d̠ʒ ɛ ɡ ɣ h i k l m n ŋ ɔ p r s t u β
1212	fili1244	a aː b d̪ e eː f ɡ h i iː j k l m n̪ ŋ o oː p ɾ s t̪ u uː w ʔ
1213	ngad1261	a b ɓ d̪ d̠ʒ ᶑ e ə f ɡ ɣ i k l m n ŋ o p ɾ s t u v x z ʔ
1214	muna1247	a b ɓ c d d̪ ɛ f ɡ h i j ɟ k l m mb mp n nd ns nt ŋ ŋɡ ŋk ɔ p r ʁ s t u w
1215	keoo1238	a b d d̠ʒ e ə f ɡ h i k l m mb n nd ŋ ŋɡ o p r s t t̠ʃ u w x ʔ ˀb ˀd
1216	aheu1239	˥˧̰ ˦˥ ˧ ˧˩̤ a aː b c d e eː ə əː ɛ ɛː h i iː ia ɨ ɨː ɨa j k kʰ l m n ɲ ŋ o oː ɔ ɔː p pʰ s t tʰ u uː ua v ʌ ʌː w ʔ
1217	saki1248	a ã aː ãː b e ẽ eː ẽː ɡ i ĩ iː ĩː ɨ ɨ̃ ɨː ɨ̃ː j k kʷ m n ŋ ŋʷ o õ oː õː p ɾ s t w ʔ
1218	tiwi1244	a ɣ i j k l m n n̪ ŋ o p ɻ ɾ t t̪ u w
1219	torw1241	æ æ̃ ɑ ɑ̃ b bʱ d̪ d̪ʱ d̠ʒ ɖ ɖʱ ɖʐ e ẽ ə ɡ ɡʱ ɣ i ĩ j k kʰ l̪ m n̪ ŋ o õ p pʰ r̪ s̪ ʂ ʃ t̪ t̪ʰ t̪s̪ t̠ʃ t̠ʃʰ ʈ ʈʰ ʈʂ ʈʂʰ u ũ ɰ w x z̪ ʐ
1220	thul1246	a b bʱ d dʱ dz dzʱ ɖ ɖʱ e ɡ ɡʱ h i j k kʰ l m n ŋ o ɔ p pʰ r s t tʰ ts tsʰ ʈ ʈʰ u ɯ w y ʔ
1221	tsha1245	a b ɕ d dz dʑ ɖ e ɡ h i j k kʰ l ɬ m n ɲ ŋ o p pʰ ɾ s t tɕ tɕʰ tʰ ts tsʰ ʈ ʈʰ u w z ʑ
1222	colo1256	a ã b d̪ e ẽ h i ĩ j k l m n o p ɸ ɹ s t̪ t̠ʃ u ũ w ʔ
1223	tzut1248	a aː b d e eː ɡ i iː j k kʼ l m n o oː p pʼ q qʼ r s ʃ t ts tsʼ t̠ʃ t̠ʃʼ tʼ u uː w ʔ χ
1224	pwon1235	˥ ˥˩ ˧ ˨˥ ˨˩ a a̰ ai a̰ḭ au a̰ṵ b d e ḛ ə ə̃ ə̰ əi əu ɛ h i ɨ ɨi j k kʰ l m n ɲ o o̰ ɔ ɔ̃ ɔ̰ p pʰ r s ʃ t tɕ tɕʰ tʰ u ṵ ɰ w x ʔ
1225	tuvi1240	a aː e eː f ɡ i iː j k l m n ŋ o ø oː øː p pʰ r s ʃ t tʰ ts t̠ʃ u uː ɯ ɯː ʋ x y yː z ʒ
1226	kinn1249	a aː æ æː b cç cçʰ d̪ d̪̤ ɖ e eː ə f ɡ h i iː ɨ j ɟʝ k kʰ l̪ ɭ n̪ ɳ ŋ o oː ɔ p pʰ r s̪ ʂ t̪ t̪ʰ ʈ ʈʰ u uː v w z̪ ʐ
1227	mewa1250	a ã b bʱ d̪ d̪ʱ d̠ʒ d̠ʒʱ ɖ ɖʱ e ẽ ə ə̃ ɛ ɛ̃ ɡ ɡʱ h i ĩ ɪ ɪ̃ j k kʰ l̪ m n̪ ɳ o õ ɔ ɔ̃ p pʰ r̪ ɽ s̪ t̪ t̪ʰ t̠ʃ t̠ʃʰ ʈ ʈʰ u ũ ʊ ʊ̃ w
1228	anei1239	a cç ɛ f ɣ h ɪ j k l m mʷ n ɲ ŋ ɔ p pʷ ɾ s t ʊ v w ʔ θ
1229	zaiw1241	˥˧ ˦ ˧˩ a ai au e h i j k kʰ l m n ŋ o p pʰ ɹ s ʃ t tʰ ts tsʰ t̠ʃ t̠ʃʰ u ui w ʔ
1230	chic1270	a aː ãː b f h i iː ĩː j k l ɬ m n o oː õː p s ʃ t t̠ʃ w ʔ
1231	friu1240	a aː b c d̪ d̪z̪ d̠ʒ e eː ɛ ɛː f ɡ i iː j ɟ k l m n ɲ o oː ɔ ɔː p r s ʃ t̪ t̪s̪ t̠ʃ u uː v w z ʒ
1232	jica1244	˥˩ ˦ ˨ a ã aː ãː d̪ ə ɛ ɛ̃ ɛː ɛ̃ː ɣ ɣʷ h i iː ɪ ɪ̃ ɪ̃ː j k kʰ kʷ kʷʰ kʼ l̪ ɬ̪ m n̪ o õ oː õː p s̪ ʃ t̪ t̪ʰ t̪ɬ̪ t̪ɬ̪ʰ t̪ɬ̪ʼ t̪s̪ t̪s̪ʰ t̪s̪ʼ t̠ʃ t̠ʃʰ t̠ʃʼ t̪ʼ ʊ x xʷ z̪ ʒ ʔ
1233	egaa1242	˦ ˧ ˨ a b ɓ c d ɗ e̘ e̙ f ɡ ɡb ɠ ɠɓ i̘ i̙ j ɟ ʄ k kp l m n ɲ ŋ o̘ o̙ p s t u̘ u̙ v w x z
1234	adam1253	a aː b ɓ d d̠ʒ ɗ e eː ɡ h i iː j k l m mb n nd n̠d̠ʒ ɲ ŋ ŋɡ o p ɸ r s t t̠ʃ u uː w ʔ β
1235	west2441	a ə i j k kŋ l l̠ l̪ ɭ m n n̠ n̪ ɳ ŋ p pm ɻ ɾ t t̠ t̪ tn t̠n̠ t̪n̪ ʈ ʈɳ w
1236	sanu1240	a ã e ẽ ə h i ĩ ɨ ɨ̃ k l m n o õ p s t tʰ ts u ũ w
1237	wari1268	a e h hʷ i k kʷ m mˀ n nˀ o ø p ɾ t̺ t̠ʃ w y ʔ
1238	crow1244	˥ ˥˩ ˩ a aː e eː h i iː k o oː p ɹ s̪ ʃ t̪ t̠ʃ u uː w x
1239	barb1263	a e h i ɨ j j̰ k kʰ kʼ l l̰ m m̰ n n̰ o p pʰ pʼ q qʰ qʼ s sʰ sʼ ʃ ʃʰ ʃʼ t tʰ ts tsʰ tsʼ t̠ʃ t̠ʃʰ t̠ʃʼ tʼ u w w̰ x xʼ ʔ
1240	lyel1241	˦ ˧ ˨ a aː b ɓ d ɗ e eː ɡ ɡb h i iː j k kp l mb mw nd ɲ ŋ ŋmɡb o oː p r s t u uː
1241	adam1253	a aː b bː ɓ ɓː d dː d̠ʒ ɗ ɗː e eː f ɡ ɡː h i iː j k kː l lː m mː mb n nː nd n̠d̠ʒ ɲ ŋ ŋɡ o oː q r s t t̠ʃ t̠ʃː u uː w ʒ ʔʲ
1242	anyi1245	˦ ˦˨ ˧ ˨ ˨˦ a ã b c d e ɛ f ɡ ɡb h i ĩ ɪ ɪ̃ j ɟ k kp l m n o ɔ p s t u ũ ɥ ʊ ʊ̃ ʌ ʌ̃ w
1243	anyi1245	˦ ˦˨ ˧ ˨ ˨˦ a ã b c d e ɛ f ɡ h i ĩ ɪ ɪ̃ j ɟ k m n o ɔ p r s ʃ t u ũ ʊ ʊ̃ w
1244	anyi1244	˦ ˦˨ ˨ ˨˦ a ã b c d e ɛ f ɡ ɡb h i ĩ ɪ ɪ̃ j ɟ k kp m mː mb ɱv n nː nd nz ɲ ɲː ɲɟ ŋɡ ŋmɡb o ɔ p s t u ũ ɥ ʊ ʊ̃ v w z
1245	akan1250	˦ ˨ a ã aː æ æ̃ æː b ɕ ɕᶣ d dz dʑ dʑᶣ e ẽ eː ɛ ɛ̃ ɛː f ɡʷ h i ĩ iː ɪ ɪ̃ ɪː kʷ l m n ɲ ɲᶣ ŋ ŋʷ o õ oː ɔ ɔ̃ ɔː p r s sᶣ t tɕ tɕᶣ ts u ũ uː ɥ ʊ ʊ̃ ʊː w
1246	anuf1239	˦ ˨ a ã b bʲ bʷ c cʲ ɕᶣ d dʲ e ɛ ɛ̃ f fʲ fʷ ɡ ɡb ɡbʲ ɡʷ h i ĩ j ɟ ɟʲ k kp kpʲ kʷ l lᶣ m mʲ n ɲ ŋ ŋm ŋmʲ o ɔ ɔ̃ p pʲ pʷ r s ʃ t tʲ u ũ ɥ ɥ̥ w z ʑᶣ
1247	dibo1245	˦ ˦˨ ˨ ˨˦ a b dz e ɛ h i j k l m mb mp n ndz ns nt nts ŋɡ ŋk ɔ p s t ts u w
1248	bana1305	˦ ˦˨ ˨ ˨˦ b ɓ d dz ɗ ə ɛ f ɡ ɡʷ ɨ j k kʷ ɬ ɮ m mb n nd ndz ŋ ŋɡ ŋɡʷ ŋʷ p ɾ ʁ ʁʷ s t ts v ⱱ w z ʔ ʔʷ χ χʷ
1249	baka1274	a ɐ b br ɓ d dʑ ɖ ɗ e ɛ f ɡ ɡb ɣ h ħ i ɪ j k kp l m n ɲ ŋ o ɔ p r ɾ s ʃ t tɕ ts u ʊ v ⱱ w x ʒ ʕ θ
1250	ajas1235	a ɐ b ɓ c d dʑ ɖ ɗ e ɛ f ɡ ɡb ɣ h ħ i ɪ j ɟ k kp l m n ɲ ŋ o ɔ p r ɾ s ʃ t tɕ ts ʈ u ʊ v ⱱ w x ʒ ʕ θ
1251	bila1255	˦ ˧ ˨ ˨˦ ˨˧ a ɓ ɗ e ɛ h i ɪ j k kp l mb nd n̠d̠ʒ ɲ ŋɡ ŋmɡb o ɔ p ɸ s t t̠ʃ u ʊ w
1252	busa1253	˦ ˧ ˨ a ã b d e ɛ ɛ̃ f ɡ ɡb i ĩ j k kp m n o ɔ ɔ̃ p s t u ũ v w z
1253	adam1253	a aː b ɓ d d̠ʒ ɗ e eː f ɡ h i iː j k l m mb n nd n̠d̠ʒ ɲ ŋ ŋɡ o oː p q r s t t̠ʃ u uː v w ʔ ʔʲ
1254	nige1253	a ɑː b bː ɓ ɓː d dː d̠ʒ d̠ʒː ɗ ɗː eː ɛ f ɡ ɡː h iː ɪ j k kː l lː m mː mb mbː n nː nd ndː n̠d̠ʒ ɲ ɲː ŋ ŋː ŋɡ ŋɡː oː ɔ p pː r rː s t tː t̠ʃ t̠ʃː uː ʊ w ʔ ʔʲ ʔʲː
1255	here1253	˦ ˨ a ɕ ð e h i j k mb n n̪ nd̪ ndʑ ɲ ŋɡ o p ɾ t t̪ u v w θ
1256	ceba1235	˦ ˧ ˨ a ã aː ãː b d d̠ʒ e ɛ ɛ̃ ɛː f ɡ ɡb k kp l m n ŋ o ɔ ɔ̃ ɔː ɔ̃ː p r s ʃ t t̠ʃ v z ʒ ʔ
1257	koyr1240	˦ ˦˨ ˦˨˦ ˨ ˨˦ ˨˦˨ a aː b d e eː ɛ ɛː f ɡ ɡᶣ h i iː j̃ k l m n ɲ ŋ ŋʷ o oː ɔ ɔː p r s ʃ t t̠ʃ u uː w z ʔ
1258	bafi1243	˦ ˦˨ ˧ ˨ ˨˦ a aː ɑ b ɓ d d̠ʒ ɗ e eː ə ɛ ɛː f ɡ ɡb ɣ i iː ɨ j k kp l m n ɲ ŋ o oː ɔ ɔː p r s t t̠ʃ u uː v ʌ w z
1259	lega1249	˦ ˦˨ ˧ ˨ ˨˦ ↓˦ a aː b d̠ʒ e eː f ɡ i iː ɪ ɪː ɟ k l m n ɲ o oː p s ʃ t t̠ʃ u uː ʊ ʊː v w z
1260	limb1268	a aː b d dz d̠ʒ ɛ ɛ̃ ɛː f ɡ ɡʷ ɣ h i iː ɨ ɨ̃ ɨː j k kʷ l m mb ɱf n nd nl nr nt ɲ ŋ ŋɡʷ ŋkʷ ŋʷ ɔ ɔː r s ʃ t ts t̠ʃ u ũ uː v w z ʒ ʔ
1261	limb1268	a aː b d d̠ʒ e eː ɛ ɛ̃ ɛː f ɡ ɣ h iː ɨ ɨ̃ j k l m n ɲ ŋ o oː ɔ ɔ̃ ɔː r s ʃ t t̠ʃ u ũ uː v w ʒ ʔ
1262	limb1268	a aː b d d̠ʒ e eː f ɡ ɣ h i iː j k l m n ɲ ŋ o oː r s ʃ t t̠ʃ u uː v w ʒ ʔ
1263	myen1241	a ʙ ɓ d̠ʒ ɗ e ɛ f ɡ i j k l m mb mp n nd n̠d̠ʒ nt n̠t̠ʃ ɲ ŋ ŋɡ ŋk o ɔ p r s t t̠ʃ u w z β
1264	ntch1242	˦ ˧ ˨ a aː ãː b c d e eː ẽː f ɡ ɡb i ĩ iː ĩː j ɟ k kp l m ɱ n ɲ ŋ ŋm o oː õː ɔ ɔː ɔ̃ː p s t u uː ũː w
1265	tune1261	˦ ˨ a b ə ɛ f i j k l m mb n nd n̠d̠ʒ ɲ ŋ ŋɡ o ɔ s t u w x
1266	matu1259	˦˨ ˨ ˨˦ a b d d̠ʒ e ɡ i j l m n ɲ ŋ o p s t t̠ʃ u w
1267	yaoo1241	˦ ˦˨ ˨ ˨˦ a b d d̠ʒ e f ɡ i ɪ j k l m n ɲ ŋ o p s t t̠ʃ u ʊ w β
1268	umbu1257	a ã c e ẽ f h h̃ i ĩ j j̃ k l l̃ m n ɲ ŋ o õ p s t u ũ v ṽ w w̃
1269	ndon1254	a b d ð e f ɡ ɣ h i j k l m n ɲ o p s ʃ t ts u v w x z ʒ ʔ θ
1270	mbuk1240	a b d ð d̠ʒ e ɛ f ɣ h i j k m n ɲ ŋ o ɔ p r ʃ t t̪ t̠ʃ u v w θ
1271	diri1252	a b d d̠ʒ ɛ f ɡ ɣ h ɪ j k l m n ɲ ŋ ɔ p r ʃ t t̪ t̠ʃ ʊ v w β
1272	kwan1273	a b d d̠ʒ ɛ f ɡ h ɪ j k l m n ɲ ŋ ɔ p r s ʃ t t̠ʃ ʊ v w β
1273	soni1259	˦ ˦˨ ˦˨˦ ˧ ˨ ˨˦ ˨˦˨ a ã aː b bː c d e ẽ eː ɡ ɡː h i ĩ iː j jː k kː l lː m mː n nː ɲ ɲː ŋ ŋː o õ oː p q r s t tː u ũ uː x
1274	koyr1242	a ã aː b d d̠ʒ e ẽ eː f ɡ h i ĩ iː j k l m n ɲ ŋ o õ oː p r s ʃ t t̠ʃ u uː w z ʒ ʔ
1275	lele1276	˦ ˧ ˨ a aː b ɓ d ɗ e eː ɡ ɡb h i iː j k kp l m mb n nd ɲ ŋ ŋmɡb o oː p r s t u uː w
1276	ikal1242	˦ ˦˨ ˨ ˨˦ a b b̤ bɡ bz d d̪ d̤ dʷ dz d̤z̤ dzʷ d̠ʒ d̠ʒ̤ e f ɡ ɡʷ ɡ̤ʷ ɦ i j k kʰ kʷ kʷʰ l m mb n nd n̠d̠ʒ ɲ ŋ ŋɡ ŋɡʷ ŋʷ o p pʰ pkʰ ps r s sʷ ʃ ʃʷ t̪ tʰ t̪ʰ tʲ ts tsʰ tsʷʰ t̠ʃ t̠ʃʼ tʷʰ u v ʋ w w̤ z zʷ ʒ ʔ β
1277	mong1338	˦ ˦˨ ˨ ˨˦ a b bʲ bʷ d d̠ʒ d̠ʒʷ e ɛ f fʲ fʷ ɡ h i j jʷ k kʲ kʷ l m mb mʲ mp mʷ nd n̠d̠ʒ ns nt nts nʷ ɲ ɲʷ ŋ ŋɡ ŋk o ɔ p pʲ pʷ r s sʲ sʷ t ts tsʷ u w ʔ
1278	long1387	˦ ˦˨ ˨ ˨˦ a b c ɕ d ɛ ɡ ɡb i ɪ j ɟ k kp m n ɲ ŋ ŋm ɔ ɸ ɽ t u ʊ w β
1279	xwel1235	˦ ˦˨ ˨ a ã b d d̠ʒ ɖ e ə ɛ ɛ̃ f ɡ ɡb i ĩ j k kp l̃ m n ɲ o ɔ ɔ̃ r r̃ ʁ ʁʷ s t t̠ʃ u ũ ɥ ɥ̃ v w w̃ z χ χʷ
1280	west2456	˦ ˦˨ ˨ a ã b d d̠ʒ ɖ e ə ɛ ɛ̃ f ɡ ɡb i ĩ j k kp l̃ m n ɲ o ɔ ɔ̃ r r̃ ʁ ʁʷ s t t̠ʃ u ũ ɥ ɥ̃ v w w̃ z χ χʷ
1281	kota1272	˦ ˦˨ ˨ a ã b d d̠ʒ ɖ e ə ɛ ɛ̃ f ɡ ɡb i ĩ j k kp l̃ m n ɲ o ɔ ɔ̃ r r̃ ʁ ʁʷ s t t̠ʃ u ũ ɥ ɥ̃ v w w̃ z χ χʷ
1282	gbes1238	˦ ˦˨ ˨ a ã b d ɖ e ə ɛ ɛ̃ f ɡ ɡb i ĩ j k kp l̃ m n ɲ o ɔ ɔ̃ ɸ r r̃ ʁ ʁʷ s ʃ t u ũ ɥ ɥ̃ v w w̃ z ʒ β χ χʷ
1283	mach1266	˦ ˦˨ ˨ a aː b d d̠ʒ e eː f ɡ i iː j k l lʲ m mb mp ɱv n nd n̠d̠ʒ ns nt n̠t̠ʃ nz ɲ ŋ ŋɡ ŋk o oː p ɽ ɾ s ʃ t t̠ʃ u uː w β
1284	mada1282	˦ ˦˨ ˧ ˨ ˨˦ a ã b d dz eʲ ə ɛ ɛ̃ f ɡ ɡb i ĩ j kʰ kp l m n ŋ o ɔ ɔ̃ pʰ r ɽ ɾ s tʰ ts u ũ v w ʍ
1285	mbee1249	˦ ˦˨ ˨ ˨˦ a b d dz d̠ʒ e ɛ f ɡ ɡb h i j k kp kʷ l m n ɲ ŋ ŋʷ o ɔ p r s ʃ t ts t̠ʃ u w
1286	ngwe1238	a æ d d̠ʒ e ə ɛ ɤ f ɡ ɡb h i k kp m n ɲ ŋ o ø œ ɔ p r s t tr t̠ʃ u ɯ v ʋ w y z ʔ β
1287	jowu1238	˥ ˦ ˧ ˨ a ã aː b c d e ẽ eː ɛ ɛ̃ ɛː f ɡb i ĩ iː j ɟ k kp l m n ɲ ŋ ŋm o õ oː ɔ ɔ̃ ɔː p s ʃ t u ũ uː w
1288	yala1263	˦ ˧ ˨ a b c d e ɛ f ɡ ɡb ɡʷ i j ɟ k kp kʷ l m mb n ɲ ŋ ŋmɡb ŋʷ o ɔ p r s ʃ t u w wʲ x
1289	mamb1296	˦ ˦˨ ˦↓˦ ˨ ˨˦ ↓˦ ↓˦↓˦ a aː b d d̠ʒ e eː f ɡ i iː j k m n ɲ ŋ o oː p s ʃ t t̠ʃ u uː v w z
1290	kete1252	˦ ˦˨ ˧ ˨ a b d e f ɡ i j k l m n ɲ o p s t u v w z
1291	kwes1244	˦˨ ˦˨˦ ˨˦ a b d d̠ʒ e f ɡ h i kʰ l m n o pʰ s tʰ u v w y z
1292	sout2828	˦ ˧ ˨ a b ɓ d dʷ d̠ʒ ɗ e ɛ f ɡ ɡb ɡʷ ɠɓ h i ɪ j ʄ k kp kʷ l lʷ m mb ɱv n nd ndʷ n̠d̠ʒ ɲ ŋ ŋɡ ŋɡʷ ŋm ŋmɡb o ɔ p r rʷ s sʷ t t̠ʃ t̠ʃʷ tʷ u ʊ v w z zʷ ʔ ʔʷ
1293	moru1253	˦ ˧ ˨ a b ɓ d̪ dz ɖr ɗ e ɛ ɡ ɡb h i ɪ j k kp l m n ɲ ŋ o ɔ p r s t̪ ts ʈr u ʊ w z ʔ
1294	logo1259	˦ ˧ ˨ a b ɓ d̪ dz ɖr ɗ e ɛ ɡ ɡb h i ɪ j k kp l m n ɲ ŋ o ɔ p r ɺ s t̪ ts ʈr u ʊ w z ʔ
1295	afit1238	˦ ˧ ˨ ɑ b c d e ə f ɡ i j ɟ k l m n ɲ ŋ o r s t u w
1296	avat1244	˥ ˦ ˧ ˨ a ã b d dz e ẽ ɛ ɛ̃ f ɡ ɡb h hʷ ɦ ɦʷ i ĩ ɪ ɪ̃ j k kp l m n ɲ ŋ ŋʷ o õ ɔ ɔ̃ p ɸ s t ts u ũ ʊ ʊ̃ v w z β
1297	abua1244	˦ ˨ ↓˦ a b ɓ d ɗ e ə ɛ f ɡ ɡb ɣ h i ɨ j k kp l m n ɲ ŋ ŋm o ɔ p r ɺ s t u ʊ v w z β
1298	anyi1245	˦ ˦˨ ˨ ˨˦ a ã b d d̠ʒ e ɛ f ɡb ɡʷ h i ĩ ɪ ɪ̃ j k kp m n ɲ ŋ o ɔ p s ʃ t t̠ʃ u ũ ʊ ʊ̃ w ʔ
1299	dghw1239	˦ ˨ a b ɓ c d ɗ f ɡ ɡʷ ɣ ɣʷ i j ɟ k kʷ l ɬ ɮ m mb n nd ɲɟ ŋɡ ŋɡʷ p r s t u v w x xʷ z
1300	eloy1241	˦ ˧ ˨ a b bʲ bʷ d d̠ʒ e ɛ f fʲ ɡ ɡb ɡʷ i j k kp kʷ m mb mbʷ mʲ mʷ n nd n̠d̠ʒ nz ɲ ŋ ŋɡ ŋɡʷ ŋmɡb ŋʷ o ɔ p pʲ pʷ r s ʃ t tɕ u v vʲ w z
1301	nige1253	a aː b ɓ d d̠ʒ ɗ e eː f ɡ h i iː j jˀ k l m mb n nd n̠d̠ʒ ɲ ŋ ŋɡ o oː p r s ʃ t t̠ʃ u uː w ʔ
1302	giky1238	a ã b bʷ c d e ẽ ə ə̃ ɛ ɛ̃ f fʷ ɡ ɡb h hʷ i ĩ ɪ ɪ̃ j ɟ k kp kʷ l m n ɲ ŋ ŋm o õ ɔ ɔ̃ p pʷ r s sᶣ sʷ t u ũ ʊ ʊ̃ ʌ ʌ̃ w
1303	giny1241	a ã b bʷ d d̠ʒ e ẽ ə ə̃ ɛ ɛ̃ f fʷ ɡ ɡb h i ĩ ɪ ɪ̃ j k kp kʷ l lʷ m n ɲ ŋ ŋm o õ ɔ ɔ̃ p pʷ r s sʷ sʷʲ t t̠ʃ tʷ u ũ ʊ ʊ̃ ʌ ʌ̃ w wʲ
1304	huba1236	˦ ˨ a b ɓ d̪ dz ɗ ə f ɡ ɣ i ɨ j k l ɬ̪ ɮ̪ m n p r s t̪ ts ɯ v w x z
1305	kofy1242	˦ ˧ ˨ a aː b ɓ d d̠ʒ ɗ ɛ ɛː f ɡ i iː j k l m n ŋ ɔ ɔː p r s ʃ t t̠ʃ u uː v w z ʒ
1306	krac1238	˦ ˧ ˨ a ã b d d̠ʒ e ẽ ə ə̃ ɛ ɛ̃ ɜ ɜ̃ f i ĩ ɪ ɪ̃ j k kp l m n ɲ ŋ o õ ɔ ɔ̃ p s t t̠ʃ u ũ ʊ ʊ̃ ʌ ʌ̃ w
1307	krim1238	a aː b d d̠ʒ e e̝ eː ɛ ɛː f ɡb h i iː j k l m mp n nt n̪t̪ ɲ ŋ o o̝ oː ɔ ɔː p s t t̪ t̠ʃ u uː w
1308	west2458	˦ ˦˨ ˧ ˨ ˨˦ a c e ea ə f ɡ ɡb h i ɨ j ɟ k kp l m mb ɱv n nd nz ɲ ɲɟ ŋɡ ŋmɡb o oa ɔ p ɾ s ʃ t u v ⱱ w z ʒ ʔ
1309	sout2833	˦ ˦˨ ˨ a̤ a̰ a̤ː a̰ː a̤ˑ a̰ˑ b c d ð e̤ ḛ e̤ː ḛː e̤ˑ ḛˑ ɛ̤ː ɛ̰ː ɛ̤ˑ ɛ̰ˑ ɡ ɣ i̤ ḭ i̤ː ḭː i̤ˑ ḭˑ j ɟ k l m ɱ n ɲ ŋ o̤ o̰ o̤ː o̰ː o̤ˑ o̰ˑ ɔ̤ ɔ̰ ɔ̤ː ɔ̰ː ɔ̤ˑ ɔ̰ˑ p r t ṳ ṳː ṳˑ w θ
1310	food1238	˦ ˦˨ ˨ a aː b d d̠ʒ e eː ɛ ɛː f ɡ ɡb h i iː ɪ ɪː j k kp l m n ŋ ŋm o oː ɔ ɔː p r s t t̠ʃ u uː ʊ ʊː v w z
1311	jola1262	a aː b bː d d̠ʒ e eː ə əː ɛ ɛː f ɡ ɡː h i iː ɪ ɪː j k kː l l̥ lː l̥ː m mː n nː ɲ ɲː ŋ ŋː o oː ɔ ɔː s sː ʃ ʃː t tː u uː ʊ ʊː w ʔ
1312	jumj1238	˦ ˦˨ ˨ a aː b c d ð ɛ ɛː ɡ i iː ɪ ɪː j ɟ k l m ɱ n ɲ ŋ ɔ ɔː p r t u uː ʊ ʊː ʌ ʌː w ʔ θ
1313	buru1301	˦ ˦˨ ˨ a aː b ð ɗ ɛ ɛː ɡ i iː ɪ ɪː j k l m n ɲ ŋ ɔ ɔː p r ʃ t u uː ʊ ʊː ʌ ʌː w z ʔ θ
1314	olub1238	˦ ˧ ˨ a b ɓ ð d̠ʒ ɖ ɗ e ɛ f ɡ ɡb i ɪ j ʄ k kp l m mb ɱð n n̠d̠ʒ ɲ ɳɖ ŋ ŋɡ ŋmɡb o ɔ p r s t̠ʃ ʈ u ʊ v w z ʔ θ
1315	maay1238	a aː b d d̠ʒ ɗ e eː f ɡ ɠ h i iː j ʄ k l m n ɲ o oː p r s ʃ t u uː w ʔ
1316	maba1273	˦ ˦˨ ˨ ˨˦ a aː b c d ð e eː ɛ ɛː ɡ i iː iːe iːɛ ie iɛ j ɟ k l m n ɲ ŋ ɔ ɔː p r t u uː uːa uːʌ ua uʌ ʌ ʌː w ʔ θ
1317	suga1248	˦ ˦˧ ˦˨ ˧ ˧˨ ˨ ˨˦ ˨˦˧ ˨˧ a aː ãː b ɓ ɓʷ d dʷ d̠ʒ d̠ʒʷ ɗ ɗʷ e eː ɛː ɛ̃ː ɤː ɤ̃ː f ɡ ɡb ɡʷ h iː ĩː ɪ j k kp kʷ l lʷ m mb mʷ ɱv n nd ndʷ n̠d̠ʒ n̠d̠ʒʷ nʷ nz nzʷ ɲ ɲʷ ŋɡ ŋɡʷ ŋmɡb o oː ɔː ɔ̃ː p ɾ ɾʷ s sʷ ʃ ʃʷ t t̠ʃ t̠ʃʷ tʷ uː ũː ɥ ɯː ɯ̃ː ɰ̃ ʊ v ʌː ʌ̃ː w w̃ x z zʷ ʔ ʔʷ
1318	copi1238	˦ ˨ a b̤ b̤v̤ b̤z̤ ɓ d̤ d̤ɮ̤ d̤z̤ d̤ʒ̤ ɗ e f ɡ̤ ɡ̤ǃ ɦ̤ i j ʄ k kʰ kǃ kǃʰ l ɬ m m̤ mb m̤b̤ mbv mbz n n̤ nd n̤d̤ ndl n̤d̤ɮ̤ n̠̩d̠ʒ nɡ n̤ɡ̤ nz ɲ ŋ ŋ̤ɡǃ ŋǃ o p pf pfʰ pʰ ps psʰ r̤ s sʷ ʃ t tʰ tl tlʱ ts tsʰ t̠ʃ t̠ʃʰ u ʋ w
1319	xhos1239	˦ ˨ a b̤ ɓ cʰ cʼ d̤ d̠̤ʒ̤ e ɛ f ɡ̤ ɡ̤ǀ ɡ̤ǁ ɡ̤ǃ ɣ̤ h ɦ̤ i j ɟ̤ kʰ kxʰ kxʼ kʼ kǀ kǀʰ kǀʼ kǁ kǁʰ kǃ kǃʰ l ɬ ɮ̤ m m̤ m̤b̤ m̤b̤v̤ mpfʼ mpʼ n n̤ n̤d̤ n̤d̤ɮ̤ n̤d̤z̤ n̠̤d̠̤ʒ ntlʼ ntsʼ n̠t̠ʃʼ ntʼ ɲ ɲ̤ ɲcʼ ɲ̤ɟ̤ ŋ ŋ̤ɡ̤ ŋkʼ ŋǀ ŋ̤ǀ ŋǁ ŋ̤ǁ ŋǁʼ ŋǃ ŋ̤ǃ ŋǃʼ o ɔ pʰ pʼ s ʃ tʰ tsʰ tsʼ t̠ʃʰ t̠ʃʼ tʼ u v̤ w x z̤
1320	siwu1238	˦ ˧ ˨ a ã b d̠ʒ ɖ e ẽ ɛ ɛ̃ f ɡ ɡb i ĩ j k kp l m n ɲ o õ ɔ ɔ̃ p r s t t̠ʃ u ũ w ʕ
1321	sher1258	a b d d̠ʒ ɛ f ɡ ɡb h i ɪ j k l m n ɲ ŋ ɔ p ɽ s ʃ t t̪ t̠ʃ u ʊ v z ʔ
1322	mman1238	a ã b d d̠ʒ e ẽ ɛ ɛ̃ f ɡ ɡbʷ i ĩ j k m n ɲ ŋ o õ ɔ ɔ̃ p ɽ s ʃ t ts t̠ʃ u ũ v z ʔ
1323	cher1271	˦ ˨ æ æ̃ b ç d̪ dʷ e ẽ f ɡ ɡʲ ɡʷ h hʷ i ĩ kʰ kʲ kp kʷ l̪ l̪ʷ m n̪ ɲ ɲʷ ŋ ŋʷ o õ s̪ t̪ʰ tʷ u ũ w
1324	palo1243	a aː aˑ b ɓ d d̠ʒ ɗ ɗʒ e eː eˑ f ɡ i iː iˑ j k l m mb n nd n̠d̠ʒ ɲ ŋ o oː oˑ p r s t t̠ʃ u uː uˑ ʉ ʌ w x ʔ
1325	fraf1238	˦ ˨ a b d e ɛ f ɡ ɡb h i ɪ j kp l m n ɲ ŋ o ɔ p r s t u v w ʔ
1326	sekp1241	˦ ˧ ˨ ã b d d̠ʒ e ɛ f ɡ ɡb i ĩ j k kp l m n ɲ ŋ õ œ ɔ̃ p s ʃ t t̠ʃ ũ w ʔ
1327	mamp1244	˦ ˨ a aː b d d̠ʒ e eː f ɡ ɡb h i iː j k kp l m n ɲ ŋ ŋm o oː p r s t t̠ʃ u uː v w z
1328	tong1318	˦ ˦˨ ˨ a d̠ʒ e f ɡ h i j k l m mb mp ɱf ɱv n nd n̠d̠ʒ ns n̠ʃ nt n̠t̠ʃ nz ɲ ŋ ŋɡ ŋk o p s ʃ t t̠ʃ u v w z β
1329	bady1239	a ã ãː b ç d d̠ʒ e ẽ ẽː ə ə̃ ə̃ː f h i ĩ ĩː j k l m mb mp n nd nt ɲ ŋ ŋk o õ õː p r s t t̠ʃ u ũ ũː w β
1330	sele1249	˦ ˧ ˨ a ã b ɖ e ɛ ɛ̃ f i ĩ j k kp m ɱ n ɲ ŋ ŋm ŋʷ o ɔ ɔ̃ pʰ s t t̠ʃ u ũ w
1331	tivv1240	˦ ˦˨ ˨ a b d dz d̠ʒ e f ɡ ɡb ɣ h i j k kp l m mb n nd ndz n̠d̠ʒ ɲ ŋ ŋɡ ŋmɡb o ɔ p s ʃ t ts t̠ʃ u v w
1332	bili1260	a b d d̠ʒ e ə f ɡ ɡʷ h ħ i ɨ j k kʷ kʷʼ kʼ l m n ŋ ŋʷ o r s ʃ t t̠ʃ t̠ʃʼ tʼ u w x xʷ z ʔ ʕ
1333	xamt1239	a b d e ə f ɡ ɡʷ h i ɨ k kʷ kʼ o q qʷ r s sʼ ʃ t t̠ʃ t̠ʃʼ tʼ u w z χ χʷ
1334	lika1243	˦ ˨ ˨˦ a b ɓ c d ɗ e ɛ f ɡ ɡb h i ɪ ɟ k kp l ʎ m mb ɱv n nd nz ɲ ɲɟ ɲʒ ŋɡ ŋmɡb o ɔ p s ʃ t u ʊ v w z ʒ
1335	yans1239	˦ ˨ ↓˦ a aː æ æː b d e eː ɛ ɛː f ɡ i iː j k l m n ŋ o ø oː øː œ œː ɔ ɔː p r s t u uː v w y yː z
1336	budu1250	˦ ˨ ˨˦ a b ɓ d dʑ ɗ e ɛ f ɡ ɡb ɡʲ h i ɪ j ʄ k kʲ kp m mb ɱv n nd ɲ ɲɟʑ ŋɡ ŋɡʲ ŋmɡb o ɔ p s t tɕ u ʊ v w
1337	kele1255	˦ ˨ a b d e ɛ f ɡb i j k kp l m mb n nd ɲ ŋ ŋɡ ŋk o ɔ p s t u w χ
1338	leng1258	˦ ˧ ˨ a b ɓ d d̠ʒ ɗ e f ɡ ɡb i j ʄ k kp l m n ɲ o p s t t̠ʃ u v ⱱ ⱱ̟ w
1339	keli1248	˦ ˧ ˨ a b ɓ d d̠ʒ ɖr ɗ e ɛ f ɡ ɡb h i j jˀ k kp l m mb ɱv n nd nz ɲ ɳɖr ŋ ŋɡ ŋmɡb o p r s t t̠ʃ ʈr u v w z ʔ
1340	wong1247	˦ ˨ a b d dz e ɛ i j k m n ɲ ŋ o ɔ p s t ts u ɰ w
1341	mwal1237	a b ɓ d dz d̠ʒ ɗ e f ɡ i j k m n ɲ o p ʃ tr ts u v w
1342	afar1241	a b d ɖ e eː f ɡ h ħ i iː j k l m n o oː r s t u uː ʌ w ʕ
1343	mund1325	˦ ˧ ˨ a ã aː ãː b ɓ d d̠ʒ ɗ e eː ə ɛː f ɡ ɡb h i ĩ iː ĩː ɪ ɪ̃ ɪː ɪ̃ː j jˀ k kp l m mb mˀ n nd n̠d̠ʒ nˀ ŋ ŋɡ ŋmɡb o oː ɔ ɔː ɔ̃ː p r s ʃ t t̠ʃ u uː ũː ʊ ʊː ʊ̃ː v ⱱ w wˀ z ʒ ʔ
1344	mono1269	˦ ˧ ˨ a ã aː ãː b ɓ d d̠ʒ ɗ e ẽ eː ẽː ɛː ɛ̃ː f ɡ ɡb h i ĩ iː ĩː j jˀ k kp l m mb mˀ n nd n̠d̠ʒ nˀ ŋ ŋɡ ŋmɡb o õ oː ɔ ɔː ɔ̃ː p r s t t̠ʃ u ũ uː ũː v ⱱ w wˀ z ʔ
1345	tupu1244	˦ ˧ ˨ ˨˧ a ã aː ãː b ɓ d d̠ʒ ɗ e ẽ eː ẽː ɛː ɛ̃ː f ɡ h i ĩ iː ĩː j k l m mb n nd n̠d̠ʒ ŋ ŋɡ o õ oː ɔ ɔː ɔ̃ː p r s t t̠ʃ u ũ uː ũː v ⱱ w z ʔ
1346	kuoo1238	˦ ˧ ˨ a ã aː ãː b ɓ d ɗ e ẽ eː ẽː ɛː ɛ̃ː f ɡ ɡb h i ĩ iː ĩː j jʔ k kp l m mb n nd n̠d̠ʒ ŋ ŋɡ ŋmɡb o õ oː ɔ ɔː ɔ̃ː p r s t u ũ uː ũː v ⱱ w z
1347	kare1338	˦ ˧ ˨ a ã aː ãː b ɓ d d̠ʒ ɗ e ẽ eː ẽː ɛː ɛ̃ː f ɡ ɡb h i ĩ iː ĩː j k kp l m mb n nd n̠d̠ʒ ŋ ŋɡ ŋmɡb o õ oː ɔ ɔː ɔ̃ː p r s t u ũ uː ũː v ⱱ w z ʔ
1348	ndai1238	˦ ˧ ˨ a ã aː ãː b ɓ d d̠ʒ ɗ e ẽ eː ɛː f ɡ ɡb h i ĩ iː ĩː j k kp l m mb n nd n̠d̠ʒ ŋ ŋɡ ŋmɡb o õ oː ɔ ɔː ɔ̃ː p r s ʃ t t̠ʃ u ũ uː ũː v ⱱ w z ʔ
1349	bamb1262	˦ ˧ ˨ a aː b d e eː ɡ h i iː j k kʼ l m n ŋ o oː p pʼ r s ʃ t tsʼ t̠ʃ tʼ u uː w z ʔ
1350	tigr1271	a b cʼ d d̠ʒ e f ɡ h ħ i ɨ j k l m n ɲ o p pʼ q qʼ ɾ s sʼ ʃ t t̠ʃ tʼ u v ʌ w x z ʒ ʔ ʕ
1351	kara1483	˦ ˦˨ ˧ ˧˨ ˨ ˨˧ a a̤ aː ɑ ɑ̤ ɑː b d ð dz e e̤ eː ɛ ɛ̤ ɛː ɡ ɣ i i̤ iː ɪ ɪ̤ ɪː j k l m n ɲ ŋ o o̤ oː œ œ̤ œː ɔ ɔ̤ ɔː ɵ ɵ̤ ɵː p r s t ts u ṳ uː ʊ ʊ̤ ʊː w y y̤ yː z ʔ
1352	gwan1268	˦ ˦˧ ˦˨ ˧ ˧˨ ˨ ˨˦ ˨˧ a ã b bʷ d d̠ʒ e ẽ ɡ ɡb ɡʲ ɡʷ h hʷ i ĩ j k kʲ kp kʷ l m n o õ p pʲ ɾ s ʃ t t̠ʃ t̠ʃʷ u ũ w z
1353	gwan1268	˦ ˦˧ ˦˨ ˧ ˧˨ ˨ ˨˦ ˨˧ a ã b bʷ ç d d̠ʒ e ẽ ə f ɡ ɡb ɡʲ ɡʷ h hʷ i ĩ ɨ j k kʲ kp kʷ l m n ŋ o õ p ɾ s ʃ t t̠ʃ t̠ʃʷ tʷ u ũ w z ʔ
1354	gwan1268	˦ ˦˧ ˦˨ ˧ ˧˨ ˨ ˨˦ ˨˧ a ã b bʷ d e ẽ ə ə̃ f fʷ ɡ ɡb ɡʲ ɡʷ h i ĩ j k kʲ kp kʷ l m mʷ n o õ p ɾ s sʷ ʃ t u ũ w z ʒ
1355	gwan1268	˦ ˦˧ ˦˨ ˧ ˧˨ ˨ ˨˦ ˨˧ a ã aː ãː b bʲ bʷ d d̠ʒ e eː ẽː ə əː ə̃ː f fʷ ɡ ɡb ɡʲ ɡʷ h i ĩ iː ĩː ɨ j k kʲ kp kʷ l m mʷ n ŋ o õ oː p pʷ ɾ s ʃ t ts tsʷ t̠ʃ u ũ uː w x xʷ z
1356	gwan1268	˦ ˦˧ ˦˨ ˧ ˧˨ ˨ ˨˦ ˨˧ a ã b d d̠ʒ e ẽ ə ə̃ f ɡ ɡb ɡʲ ɡʷ h i ĩ j k kʲ kp kʷ l m mʷ n o õ p ɾ s ʃ t ts tsʷ t̠ʃ u ũ w z
1357	gwan1268	˦ ˦˧ ˦˨ ˧ ˧˨ ˨ ˨˦ ˨˧ a ã b bʲ bʷ ç d d̠ʒ e ẽ ə ə̃ f fʲ fʷ ɡ ɡb ɡʲ ɡᶣ ɡʷ ɣ i ĩ ɨ ɨ̃ j k kʲ kp kᶣ kʷ l m mʷ n ŋ o õ p pʷ rᶣ ɾ s ʃ t ts tsʷ t̠ʃ t̠ʃʷ tʷ u ũ ɥ w x xʷ ʔ
1358	avik1243	˦ ˦˨ ˨ a b ɓ d d̠ʒ e f ɡ ɡb ɣ i kp l m n ɲ ŋ ŋm o ɔ p r s ʃ t t̠ʃ u v w z ʒ
1359	shil1265	˦ ˧ ˨ a aː aɪ au ɑ ɑː b b̪ d ð e e̥ eː e̥ː eɪ ɛ ɛː f ɡ ɣ h i iː ɪ ɪː j ɟʝ k l m m̪ n ɲ ŋ o oː ɔ ɔː ɔɪ p p̪ ɹ t tç u uː ʊ ʊː w x θ
1360	haio1238	a b d d̠ʒ e ɡ h ħ i j k kǀ kǁ kǂ kǃ l m n o p r s t t̠ʃ u w x z ʔ
1361	pero1241	˦ ˨ a aː b ɓ c d ɗ e eː ɡ i iː j ɟ k l m n ŋ o oː p r t u uː w ʔ
1362	bora1271	a aː b c cʼ d ᶑʼ e eː f ɡ h i iː j ɟ k kʼ l m n ɲ o oː p pʼ r s ʃ t tʼ u uː w z ʔ
1363	hadi1240	a aː b bː c cː cʼ cʼː d dː ᶑʼ ᶑʼː e eː f fː ɡ ɡː h hː i iː j jː ɟ ɟː k kː kʼ kʼː l lː m mː n nː o oː pʼ pʼː r rː s sː ʃ ʃː t tː tʼ tʼː u uː w wː ʔ ʔː
1364	wola1242	a aː bʷ c cː cʼ cʼː d dː ᶑʼ e eː fʷ ɡʷ h hː hʷ i iː ɟ ɟː k kː kʷ kʷʼ kʼ kʼː mʷ o oː p pː pʼ pʼː s sː ʃ ʃː t tː tʼ tʼː u uː z zː ʔ ʔː
1365	kuny1238	˦ ˦˨ ˨ ˨˦ a bʲ bʷ d dʷ d̠ʒ e f ɡ ɡʷ h i ɪ j k kʷ m mb mbʷ mʲ mp mʷ n nd ndʷ n̠d̠ʒ ns nt n̠t̠ʃ n̠t̠ʃʷ ntʷ ɲ ŋɡ ŋɡʷ ŋk o p r rʲ rʷ s sʷ ʃ ʃʷ t t̠ʃ tʷ u ʊ w β
1366	otuh1238	˦ ˧ ˨ a aː b d e eː ɛ ɛː f ɡ ɣ h ɦ i iː ɪ ɪː j jː ɟ k l lː m n nː ɲ ŋ o oː ɔ ɔː p ɸ r ɺ ɾ s t̪ t̠ʃ u uː ʊ ʊː v ʌ ʌː w wː x ʔ β θ
1367	masa1299	a ã aː b d d̠ʒ e eː ɛ̃ f fʷ ɡ ɡʷ h i iː j k kʲ kʷ l m mb mʲ mp mʷ ɱf ɱv n nd nʲ ns nsʷ nt nz ɲ ɲʷ ŋ ŋɡ ŋk ŋkʷ o oː p pʷ r rʲ rʷ s sʲ sʷ t tʲ t̠ʃ t̠ʃʲ tʷ u uː v vʲ vʷ w z
1368	kamw1239	˦ ˨ a b ɓ d dz ɗ e ɛ ɘ f ɡ ɣ i j k l ɬ ɮ m n ŋ o p r s t ts u v w x z ʔ
1369	many1261	˦ ˨ a b d̠ʒ ɖ e ɛ f ɡ ɡb i j k l m n ɲ o ɔ p s t u v w z
1370	saya1246	˦ ˧ ˨ a aː b ɓ d dz d̠ʒ ɗ e eː ə ɘː f ɡ ɡʲ i iː j k kʲ l ɬ ɮ m m̩ mb n n̩ nd ndz n̠d̠ʒ ɳ ŋ ŋ̩ ŋɡ ŋɡʲ o oː p r s ʃ t ts t̠ʃ u uː v w z ʒ
1371	njeb1242	˦ ˨ a b d e ə ɛ f i j k l m mb ɱv n nd nz ɲ ŋ ŋɡ o ɔ p pf ɾ s ʃ t ts u x β
1372	tada1238	a aː b bː d dː d̠ʒ d̠ʒː dˤ dˤː e eː ə f ɡ ɡː ɣ h ħ hː i iː j jː k kː l lː lˤ lˤː m mː n nː nˤ nˤː ŋ ŋː o oː q qː r rˤ ɾ ɾˤ s sˤ sˤː ʃ ʃː t tː t̠ʃ t̠ʃː tˤ tˤː u uː w wː x xː z zː zˤ zˤː ʒ ʒː ʕ
1373	kamb1316	a aː b bː d dː d̠ʒ d̠ʒː e eː f fː ɡ ɡː h i iː j jː k kː kʼ kʼː l lː lʼ lʼː m mː n nː ɲ o oː pʼ pʼː r rː rʼ rʼː s sː ʃ t tː t̠ʃ t̠ʃː t̠ʃʼ t̠ʃʼː tʼ tʼː u uː w wː z zː ʒ ʔ
1374	otor1240	a ai au b c d d̪ ð dr ɗ e̝ ei ə ɛ ɜ ɡ ɡʷ i j ɟ k kʷ l lː m n ɲ ŋ ŋʷ o ou ɔ ɔi p r rː ɽ t t̪ tr u v w β
1375	tira1254	a ai au b c d d̪ ð dr e e̝ ei ə ɛ ɜ ɡ i j ɟ k l m n ɲ ŋ o oi ou ɔ ɔi p r ɽ ʂ t t̪ tr ʈ u v w θ
1376	nyam1285	˦ ˦˨ ˨ a aː b ɓ d dʲ d̠ʒ ɗ e eː ɛ ɛː f ɡ ɡb ɡɓ ɡʷ h hʷ i iː j k kʲ kp kʷ l m mb mɓ n nd n̠d̠ʒ nɗ nz ɲ ŋ ŋɡ ŋɡʷ o oː ɔ ɔː p r ʃ t t̠ʃ u uː w x ʔ
1377	fali1285	˦ ˦˨ ˨ ˨˦ ↓ a b ɓ c d dz d̠ʒ ɗ e ə f ɡ ɣ h i j k kʼ l ɬ ɮ m n ɲ ŋ o p r ɽ s ʃ t ts t̠ʃ u v w x z ʒ ʔ ˀl ˀm ˀw ˀy
1378	mawa1270	˦ ˧ ˨ a b ɓ c d ɗ e ɘ f ɡ h i j ɟ k l m n ɲ ŋ o p ɾ s t u w z ʔ ʔw
1379	huaa1248	˦ ˧ ˨ a ã a̤ a̰ aᴱ aˤ b d d̪ dʱ d̪ʱ dx d̪x dʼkxʼ d̪ʼkxʼ e ẽ e̤ ḛ eˤ f ɡ ɡʱ ɡʼkxʼ ɡǀ ɡǀkʰ ɡǀkxʼ ɡǀx ɡǁ ɡǁkʰ ɡǁkxʼ ɡǁx ɡǂ ɡǂkʰ ɡǂkxʼ ɡǂx ɡǃ ɡǃkʰ ɡǃkxʼ ɡǃx ɡʘ ɡʘkʰ ɡʘkxʼ ɡʘx ɢ ɢʱ ɢǀ ɢǀqʰ ɢǁ ɢǁqʰ ɢǂ ɢǃ ɢǃqʰ ɢʘ h i ĩ i̤ ḭ iˤ ɟ k kʰ kxʼ kʼ kǀ kǀh kǀʰ kǀkxʼ kǀx kǀʔ kǁ kǁh kǁʰ kǁkxʼ kǁx kǁʔ kǂ kǂh kǂʰ kǂkxʼ kǂx kǂʔ kǃ kǃh kǃʰ kǃkxʼ kǃx kǃʔ kʘ kʘh kʘʰ kʘkxʼ kʘx kʘʔ l m n̪ ɲ ŋǀ ŋ̊ǀ ŋǁ ŋ̊ǁ ŋǂ ŋ̊ǂ ŋǃ ŋ̊ǃ ŋʘ ŋ̊ʘ o õ o̤ o̰ oᴱ oˤ p pʰ pʼkxʼ ɸ q qʰ qʼ qǀ qǀʼ qǁ qǁʼ qǂ qǂʼ qǃ qǃʼ qʘ qʘʼ s t t̪ tʰ t̪ʰ tx t̪x tʼ t̪ʼ tʼkxʼ t̪ʼkxʼ u ũ ṳ ṵ uᴱ uˤ x ʔ ʔŋǀ ʔŋǁ ʔŋǂ ʔŋǃ ʔŋʘ ˀm ˀn
1380	koal1240	a aː ɐ ɐː b c d̪ ɗ e eː ɛ ɛː f ɡ i iː j ɟ k kʷ l̪ m mb n̪ n̪d̪ ɲ ɲɟ ɳɖ ŋ ŋɡ ŋɡʷ ŋʷ o oː ɔ ɔː p r̪ ɽ ʃ t̪ ʈ u uː w
1381	kagu1239	a b d d̠ʒ e f ɡ h i j k l m m̥ mb n n̥ nd n̠d̠ʒ ɲ ŋ ŋ̥ ŋɡ o p s ʃ t t̠ʃ u w
1382	okoo1245	˦ ˧ ˧˨ ˨ ˨˦ a b d d̠ʒ e ɛ f ɡb h i j kp l m n o ɔ p r s t t̠ʃ u v w
1383	kung1261	˦ ˧ ˨ ˩ a ã a̰ ã̰ aˤ ãˤ b bʱ ç d dʱ dx d̠ʒ d̠ʒː d̠ʒʰ d̠ʒxʼ d̠ʒʼ dʼ e ḛ ɡ ɡ‼ ɡ‼ʱ ɡ‼x ɡ‼xʼ ɡʱ ɡʼ ɡǀ ɡǀʱ ɡǀx ɡǀxʼ ɡǁ ɡǁx ɡǁxʼ ɡǃ ɡǃʱ ɡǃx ɡǃxʼ ɦ i ĩ ḭ j k k‼ k‼ʰ k‼ʰʼ k‼x k‼xʼ k‼ʼ kʰ kxʼ kǀ kǀʰ kǀʰʼ kǀx kǀxʼ kǀʼ kǁ kǁʰ kǁʰʼ kǁx kǁxʼ kǁʼ kǃ kǃʰ kǃʰʼ kǃx kǃxʼ kǃʼ l m mb mʱ n nd nʱ ɲ ŋ ŋ‼ ŋ‼ʱ ŋɡ ŋǀ ŋǀʱ ŋǁ ŋǃ ŋǃʱ o o̰ õ̰ oˤ õˤ p pʰ qm qn t tʰ tʰʼ t̠ʃ t̠ʃʰ t̠ʃx t̠ʃʼ tx u ũ ṵ uˤ ũˤ w x ʔ ʼm ʼn ʼŋǀ ʼŋǃ
1384	ghom1247	˦ ˦˨ ˧ ˨ ˨˦ a aː ɐ ɐː b bv bβ ɕ d d̪ð dz d̠ʒ e ə ɛ ɛː f ɡ ɣ h i iː j k l m n ɲ ŋ o oː ɔ ɔː p pf pɸ s ʃ t ts t̠ʃ t̪θ u uː ʉ ʉː ɥ v w x z ʒ ʔ χ
1385	defa1248	˦ ˦˨ ˨ ˨˦ ↓˦ a ã aː b ɓ d d̠ʒ e ẽ eː ɛ ɛː f ɡ ɡb i ĩ iː j k kp l m o õ oː ɔ ɔː p ɾ s t u ũ uː v w
1386	teee1242	˦ ˧ ˨ a ã b d e ẽ ɛ ɡ ɡb ɡʷ i ĩ j j̥ k kp kʷ l l̥ n n̥ ɲ ŋʷ o õ ɔ p ɹ s t u ũ w ʍ z
1387	kips1239	˦ ˦˨ ˨ ˨˦ a aː ɑ ɑː ç e eː ɛ ɛː h i ɪ ɪː kʰ l m n ɲ ŋ o oː ɔ ɔː p r s tʰ t̠ʃ u uː ʊ ʊː w
1388	pang1287	a aː ɓ ɗ e eː ə əː f h i iː j k l m mb n nd n̠d̠ʒ ɲ ŋ ŋɡ o oː pʰ s ʃ tɕ tʰ t̠ʃ u uː x β
1389	holo1240	˦ ˨ a b d d̠ʒ e f ɡ i ɪ j k l̪ m n̪ ɲ ŋ o p ɸ ʃ t̪ u ʊ w
1390	buli1254	˦ ˦˧ ˦˨ ˧ ˧˦˧ ˧˨ ˧˨˧ ˨ ˨˦ ˨˧ a aː b d d̠ʒ e eː ɘ f ɡ ɡb i iː j k kp l m n ɲ ŋ ŋm o ø oː øː p r s t t̠ʃ u uː v w z
1391	bala1302	˦ ˧ ˨ a aː b d̠ʒ ɗ e eː ɛ ɛː f ɡ ɡb i iː j k kp l m mb ɱf n nd n̠d̠ʒ ns nt nθ ɲ ŋ ŋɡ ŋʱ ŋmɡb ŋʷ o oː ɔ ɔː p r ʃ tʰ t̠ʃ u uː w ʔ θ
1392	nyam1277	˦ ˦˨ ˨ a aː b d d̠ʒ e eː f ɡ h i iː j k m ɱ n ɲ ŋ o oː p r s t t̠ʃ u uː w z
1393	dann1241	˥ ˥˨˧ ˦ ˧ ˧˥˨ ˧˨ ˨ ˩ a ã aː ãː æ æ̃ æː æ̃ː ɒ ɒ̃ ɒː ɒ̃ː b bʲ ɓ ɓʲ d dʲ ɗ ɗʲ ᶑ e eː ə ə̃ əː ə̃ː ɛ ɛ̃ ɛː ɛ̃ː f fʲ ɡ ɡb ɡbʲ ɡʲ ɡʷ i ĩ iː ĩː ɨ ɨː j k kʲ kp kpʲ kʷ l m mʲ n nʲ nʷ ɲ ŋ o oː ɔ ɔ̃ ɔː ɔ̃ː ɵ ɵː p pʲ s sʲ sʷ t tʲ u ũ uː ũː v vʲ w wʲ z zʲ zʷ
1394	poko1263	˦ ˧ ˨ a a̤ aː b d e e̤ eː ə ɛ ɛː ɡ i i̤ iː j k l m n ɲ ŋ o o̤ oː ɔ ɔː p r s t t̪ʃ|t̠ʃ u uː w x
1395	afri1274	a aː ai b d eɘ ɛ ɛː ɘi f ɦ i iː ɪ̝ ɪ̝ː j k l m n ŋ œ œː œi œu oɘ øɘ ɔ ɔː p r s t u uː v x y yː
1396	argo1244	a aː b d d̠ʒ e f ɡ ɡʷ h hʷ i ɨ j kʰ kʷ kʷʼ kʼ l m n ɲ o pʰ pʼ ɽ s ʃ tʰ t̠ʃ t̠ʃʼ tʼ u ʌ w z ʒ ʔ
1397	hara1271	a aː cç cçʼ d e eː f ɡ ɣ hʼ i iː j ɟʝ k l m n ɲ o oː p q r s ʃ t tʼ u w x z ʔ
1398	dink1262	˦ ˧ ˨ a a̤ aː a̤ː b c d d̪ e e̤ eː e̤ː ɛ ɛ̤ ɛː ɛ̤ː ɡ ɣ i i̤ iː i̤ː j ɟ k l m n n̪ ɲ ŋ o o̤ oː o̤ː ɔ ɔ̤ ɔː ɔ̤ː p ɾ t t̪ u uː w
1399	nzim1238	˦ ˨ a ã b cç cçʷ d̪ e ɛ f ɡ ɡʷ h i ĩ ɪ ɪ̃ j ɟʝ ɟʝʷ k kp l m n ɲ ɲʷ ŋ o ɔ s ʃ ʃʷ t̪ u ũ ʊ ʊ̃ w
1400	ahan1243	˦ ˨ a ã b cç cçʷ d̪ e ɛ f ɡ ɡʷ h i ĩ ɪ ɪ̃ j ɟʝ ɟʝʷ k kp l m n ɲ ɲʷ ŋ o ɔ s ʃ ʃʷ t̪ u ũ ʊ ʊ̃ w
1401	besl1239	˦ ˨ a aː b bʷ ɓ d dz ɗ ɛ ɛː ɘ f ɡ ɡʷ h i j k kʷ l ɬ ɮ m mb mp ɱv n nd ndz nt nts ŋ ŋɡ ŋɡʷ ŋk ŋkʷ ɔ p r s t ts u uː v w z ʔ
1402	buwa1243	˦ ˧ ˨ ɑ b ɓ d dz ɗ ə f ɡ ɡb ɡʷ ɣ ɣʷ j k kp kʷ l ɬ ɮ m mb n nd ndz ŋ ŋɡ ŋɡʷ ŋmɡb ŋʷ p r s t ts v w x xʷ z
1403	hdii1240	a b ɓ d dz ɗ ə f fʷ ɡ i j k l ɬ ɮ m mb n nd ndz nz ŋɡ ŋɡʷ p r ʁ ʁʷ s sʷ t ts u v vʷ w z zʷ ʔ χ χʷ
1404	lama1288	a b ɓ d ð dz ɗ e f ɡ ɡʷ ɣ ɣʷ i j k kʷ l m mb n nd ndz nz ŋ ŋɡ ŋɡʷ ŋʷ p r s t ts u v w x xʷ z ʔ θ
1405	ikwe1242	˦ ˦˨ ˨ ˨˦ ↓˦ a ã b b͉ d d̠ʒ e ẽ ɛ ɛ̃ f ɡ ɡʷ ɣ h hʷ i ĩ ɪ ɪ̃ j k kʷ l o õ ɔ ɔ̃ p ɹ s t t̠ʃ u ũ ʊ ʊ̃ v w z ˀb͉
1406	lagw1237	˦ ˨ a b ɓ d d̠ʒ ɗ e f ɡ ɡʷ i j k kʷ kʷʼ kʼ l ɬ ɬʼ ɮ m n o p ɾ ʁ ʁʷ s sʼ ʃ t t̠ʃ u v w x xʷ z ʔ
1407	gbay1281	˦ ˧ ˨ a b ɓ d ɗ e ɛ f ɡ ɡb h i j k kp l m mb n nd nz ɲ ŋ ŋɡ ŋmɡb o ɔ p r s t u v w z
1408	mbuk1243	˦ ˧ ˨ a b ɓ d dz ɗ e ə f ɡ ɡʷ h hʷ i j k kp kʷ l ɬ ɮ m mb n nd ndz ŋɡ ŋɡʷ ŋmɡb o œ p r s t ts u v w y z ʔ
1409	molo1266	˦ ˦˨ ˦˨˦ ˨ ˨˦ ˨˦˨ a æ b ɓ d dz ɗ ɛ ɘ f ɡ ɡʷ h hʷ i ɪ j k kʷ l ɬ ɮ m mb n nd nz ŋɡ ŋɡʷ œ ɔ p r s t ts u ʊ v w z
1410	muya1243	˦ ˦˨ ˧ ˨ ˨˦ a b ɓ d dz ɗ e ə ɛ f ɡ i ɪ j k l ɬ ɮ m mb n nd ndz ŋɡ o ø œ ɔ p r s t ts u ʊ v w x y ʏ z
1411	ngom1272	˦ ˨ a ɛ f ɣ i ɨ j k l m n ŋ ɔ p pf q̚ ʁ s t ts u v w z ʔ
1412	keme1240	˥˩ ˦ ˧ ˧˨ ˨ ˨˧ b d dz e ə ɛ ɜ f ɡ ɡb h i j k kp kpʷ l m n ɲ ŋ o ɔ s t ts u w
1413	nate1242	˦ ˧ ˨ a ã aː ãː b c d e eː ɛ ɛ̃ ɛː ɛ̃ː f h i ĩ iː ĩː j ɟ k kp o oː ɔ ɔ̃ ɔː ɔ̃ː p s t u ũ uː ũː w
1414	silt1240	aː b bː d dː d̠ʒ d̠ʒː e eː ə f fː ɡ ɡː h i iː j jː k kː kʼ kʼː l lː m mː n nː ɲ ɲː o oː r rː s sː ʃ ʃː t tː t̠ʃ t̠ʃː t̠ʃʼ t̠ʃʼː tʼ tʼː u uː w wː z zː ʒ ʒː ʔ
1415	wehh1238	˦ ˦˨ ˨ a b bv d dz d̠ʒ e f ɡ ɡb ɡɣ i ɨ j k kp kx l m mb mbv n nd ndz n̠d̠ʒ ɲ ŋ ŋɡ ŋmɡb o ɔ pf ɹ ɾ s ʃ t ts t̠ʃ u v w z ʒ
1416	tuli1249	˦ ˧ ˨ a aː b bː ɓ ɓː c ɗ ɗː e eː ə əː ɛ ɛː f fː h i iː ɪ ɪː j jː ɟ ɟː ʄ k kː l lː m mː n nː ɲ ɲː ŋː o oː ɔ ɔː r rː s sː t̪ t̪ː ʈ ʈː u ʊ ʊː w wː ʔː
1417	keig1242	˦ ˨ a aː b bː c cː ɗ ɗː e eː ə əː ɛ ɛː f fː i iː ɪ ɪː j jː ɟ ɟː ʄ k kː l lː m mː n nː ɲ ɲː ŋ ŋː o oː ɔ ɔː p pː r rː s sː t̪ t̪ː ʈ ʈː u uː ʊ ʊː w wː
1418	kron1241	˦ ˨ a aː b bː ɓ ɓː c cː ɗ ɗː e eː ə əː ɛ ɛː f fː i iː ɪ ɪː j jː ʄ k kː l lː m mː n nː ɲ ɲː ŋ ŋː o oː ɔ ɔː p pː r rː s sː ʃ t̪ t̪ː ʈ ʈː u uː ʊ ʊː w wː ʔ ʔː
1419	kang1288	˦ ˨ a aː b bː ɓ ɓː c cː d̪ d̪ː ɖ ɖː ɗ ɗː e eː ə əː ɛ ɛː f fː ɡ ɡː i iː ɪ ɪː j ɟ ɟː ʄ k kː l lː m mː n nː ɲ ɲː ŋ ŋː o oː ɔ ɔː p pː r rː s sː ʃ ʃː t̪ t̪ː ʈ ʈː u uː ʊ ʊː v vː w wː z zː ʒ ʒː ʔ ʔː
1420	kang1288	˦ ˨ a aː b bː ɓ ɓː d̪ d̪ː ɖ ɖː ɗ ɗː e eː ə əː ɛ ɛː f fː ɡ ɡː i iː ɪ ɪː j jː ɟ ɟː ʄ k kː l lː m mː n nː ɲ ɲː ŋ ŋː o oː ɔ ɔː p pː r rː s sː ʃ ʃː t̪ t̪ː ʈ ʈː u uː ʊ ʊː v vː w wː z zː ʒ ʒː ʔ ʔː
1421	katc1249	˦ ˧ ˨ a aː b bː ɓ ɓː ɗ ɗː e eː ə əː ɛ ɛː f fː i iː ɪ ɪː j jː ɟ ɟː ʄ k kː l lː m mː n nː ɲ ɲː ŋ ŋː o oː ɔ ɔː p pː r rː s sː t̪ t̪ː ʈ ʈː u uː ʊ ʊː w wː ʔ ʔː
1422	katc1249	˦ ˨ a aː b bː ɓ ɓː c cː ɗ ɗː e eː ə əː ɛ ɛː f fː i iː ɪ ɪː j jː ɟ ɟː ʄ k kː l lː m mː n nː ɲ ɲː ŋ ŋː o oː ɔ ɔː r rː s sː t̪ t̪ː ʈ ʈː u uː ʊ ʊː w wː z zː ʔ ʔː
1423	katc1249	˦ ˨ a aː b ɓ ɓː c cː ɗ ɗː e eː ə əː ɛ ɛː f fː i iː ɪ ɪː j jː ɟ ʄ k kː l lː m mː n nː ɲ ɲː ŋ ŋː o oː ɔ ɔː p pː r rː s sː t̪ t̪ː ʈ ʈː u uː ʊ ʊː w wː ʔ ʔː
1424	moro1284	˦ ˨ ɑ b ɓ c d dr ɗ e ə ɛ f ɡ ɡb ɡbr h hʷ i ɪ j ɟ ʄ k kp kpr l m mb ɱv n nd ndr nz ɲ ɲɟ ŋ ŋɡ ŋmɡb ɔ ɵ p r ɾ s t tr tʷ u ʊ v w z ʔ
1425	arin1244	˦ ˦˨ ˧ ˨ ˨˦ a b ɓ d̪ dɾ dz ɗ e ɛ f ɡ ɡb i ɪ k kp l m mb ɱv n nd ndɾ ndz ɲ ŋ ŋɡ ŋm ŋmɡb o ɔ p ɾ s t̪ tɾ ts u ʊ v z ʔ ˀj ˀw
1426	tese1238	˦ ˦˨ ˧ ˨ ˨˦ a aː ɓ ɖ ɗ e ə əː ɛ ɛː i iː ɪ ɪː j ɟ k kʷ l lː m mː n nː ɲ ŋ ŋʷ o ɔ ɔː p r s sː t tː ʈ u uː ʊ ʊː w
1427	lumu1239	˦ ˨ a aː c ə əː ɛ ɛː i iː ɪ ɪː j k kʷ l m n ɲ ŋ ŋʷ ɔ ɔː p r ɽ ɾ t t̪ u uː ʊ ʊː w
1428	ache1245	a aː c e eː ə əː ɛ ɛː i iː ɪ ɪː j k kʷ l m n ɲ ɲː ŋ ŋʷ o oː ɔ ɔː p r s t t̪ ts u uː ʊ ʊː w
1429	toch1257	˦ ˨ a c e ə ɛ i ɪ j k l m n ɲ ŋ ŋʷ o ɔ p r ɾ t t̪ u ʊ w
1430	dagi1241	a e ə ɛ i ɪ j k l m n ŋ o ɔ p ɸ r ɽ ɾ s t t̪ u ʊ w x
1431	didi1258	˦ ˦˨ ˨ ˨˦ a aː b ɓ d d̪ ð ðː d̠ʒ ɗ e eː ɛ ɛː ɡ ɠ ɣ i iː ɪ ɪː j ʝ ʄ k l lː m mː n nː ɲ ɲː ŋ ŋː o oː ɔ ɔː p r ɾ t̪ t̺ t̠ʃ ʈ u uː ʊ ʊː v w ʒ β
1432	luwo1239	˦ ˧ ˨ ɑ b c d d̪ eː ə ɛ ɡ i ɪ j ɟ k l m n n̪ ɲ ŋ oː ɔ p ɾ t t̪ u ʊ w
1433	acol1236	˦ ˧ ˨ ɑ b c d d̪ e ə ɛ ɡ ɪ j ɟ k l m n ɲ ŋ o ɔ p ɾ t u ʊ w
1434	bela1256	˦ ˧ ˨ ɑ b c d d̪ ɗ e ə ɛ f ɡ ɡb i ɪ j ɟ k kp l m mb n n̪ nd ɲ ɲɟ ŋ ŋmɡb o ɔ ɾ t u ʊ w
1435	bela1255	˦ ˦˨ ˧ ˨ ˨˦ ɑ ɓ c d d̠ʒ ɗ e ɛ ɘ f ɡ ɡb i ɪ j ɟ k kp l m ɱv n nd nz ɲɟ ŋ ŋɡ ŋmɡb o ɔ r s t u ʊ v w z
1436	ndog1248	˦ ˦˨ ˧ ˨ a b ɓ c d ɗ ɛ f ɡ ɡb ɪ j ɟ k kp l m mb n nd nɡ ɲɟ ŋmɡb ɔ p r ɾ s t ʊ v ⱱ w z
1437	bade1248	˦ ˦˨ ˨ ˨˦ a aː b ɓ d d̠ʒ ɗ ɗʲ eː f ɡ ɡʷ ħ ħʷ i iː ɨ j ʄ k kʷ l ɬ ɮ m n ɲ ŋ oː p r s ʃ t t̠ʃ u uː v w z ʕ ʕʷ
1438	fern1234	˦ ˨ a b d d̠ʒ e ɛ f ɡ h i j k l m n ɲ ŋ o ɔ p ʁ s ʃ t t̠ʃ u v w
1439	jita1239	˦ ˨ a aː d d̠ʒ e eː f ɡ i iː k l m mb n nd ɲɟ ŋɡ o oː p s t t̠ʃ u uː β
1440	dime1235	˦ ˨ a aː ai b bː d dː d̠ʒ ɗ e eː ei ə ɛ f fː ɡ ɡː ɣ h i iː ɨ j jː k kː kʼ kʼː l lː m mː n nː ŋ o oː oi ɔ p pː pʼ pʼː ɾ ʁ s sː ʃ ʃː t tː ts t̠ʃ t̠ʃː t̠ʃʼ t̠ʃʼː tʼ tʼː u uː ui w wː x z zː ʒ ʒː ʔ χ
1441	tsot1241	˦ ˨ a aː ç e eː f h i iː k l m n ɲ ŋ o oː p r ɺ s ʃ t ts t̠ʃ u uː x β
1442	jams1239	˦ ˨ a aː ãː b bː d dː d̠ʒ d̠ʒː e eː ẽː ɛ ɛː ɛ̃ː f ɡ ɡː h i iː ĩː j j̃ jː k kː l lː m mː n nː ɲ ŋ ŋː o oː õː ɔ ɔː ɔ̃ː p pː r r̃ rː s ʃ tː t̠ʃ t̠ʃː u uː ũː w w̃ ʔ
1443	kamb1297	˥ ˦ ˨ ˩ a aː ð e eː ɛ ɛː i iː j k l m n ɲ ŋ o oː ɔ ɔː s t u uː ɥ w β
1444	bafi1243	˦ ˦˨ ˨ ˨˦ a aː b ɓ d d̠ʒ ɗ e eː ə əː ɛ ɛː ɜ ɜː f ɡ ɡb ɣ h i iː ɨ ɨː j k kp l m n ɲ ŋ o oː ɔ ɔː p r s t t̠ʃ u uː v w z ʔ
1445	lang1324	˦ ˨ a aː æ æː b d d̠ʒ e eː ɛ ɛː ɡ i iː ɪ ɪː j k l m n ɲ ŋ o oː ɔ ɔː p r s t̪ t̠ʃ u uː ʊ ʊː w z
1446	kisa1263	˦ ˦˨ ˨ ˨˦ a aː e eː f h i iː j k l m mb n nd n̠d̠ʒ nz ɲ ŋ ŋɡ o oː p r s ʃ t ts t̠ʃ u uː w x β
1447	nyol1238	˦ ˨ a aː b d d̠ʒ e eː ɡ i iː j k l m mb n nd n̠d̠ʒ ɲ ŋ ŋɡ o oː p ɸ r s t t̠ʃ u uː w x β
1448	mwan1247	a b d d̠ʒ e f ɡ i j k l m n ɲ ŋɡ o p r s ʃ t t̠ʃ u v w z
1449	kgal1244	˦ ˨ a b c cʰ cʷ cʷʰ d d̠ʒ e ɛ ɡ h i ɪ j ɟ k kʰ kǀ kʘ l m n ɲ ŋ ɔ p pʰ q qʰ r s ʃ ʃʷ t tʰ ts tsʰ tsʷ tsʷʰ t̠ʃ t̠ʃʰ t̠ʃʷ t̠ʃʷʰ u ʊ w z ʒ ʒʷ χ
1450	tiey1235	˦ ˧ ˨ a ã b d e ẽ ɛ ɛ̃ f ɡ h i ĩ j ɟ kʰ l m n ɲ ŋ o õ ɔ ɔ̃ pʰ ɾ s tʰ u ũ w x
1451	alab1254	a aː b bː d dː d̠ʒ d̠ʒː ɛ ɛː f fː ɡ ɡː h hː iː ɪ j jː k kː kʼ kʼː l lː m mː n nː ɲ ɲː ɔ ɔː p pː pʼ pʼː r rː s sː ʃ ʃː t tː t̠ʃ t̠ʃː t̠ʃʼ t̠ʃʼː tʼ tʼː uː ɰ ʊ wː z zː ʒ ʒː ʔ ʔː
1452	dege1246	˦ ˨ a b ɓ d d̠ʒ ɗ e ə ɛ f ɡ ɡb h i ɪ j k kp l m n ɲ ŋ ŋʷ o ɔ p r s t u ʊ w β
1453	ntch1242	˦ ˧ ˨ a b d d̠ʒ e f ɡ ɡb h i j kʰ kp l m n ɲ ŋ ŋm o ɔ pʰ s tʰ t̠ʃʰ u w
1454	prin1242	˦ ˨ a ɓ ɗ e ɛ f ɡ ɡb i j k kp l ʎ m n ɲ o ɔ p r s t t̠ʃ u v w z ʒ
1455	nkon1248	ɑ ɑ̃ b ɖ e ẽ ɛ ɛ̃ f ɦ i ĩ j ʝ ɟ k kp l m n nʷ ɲ ŋ o õ ɔ ɔ̃ p s t ts u ũ w
1456	sodd1242	a b bʷ d e f fʷ ɡ ɡʲ ɡʷ ɣ h hʲ hʷ i j k kʲ kʲʼ kʷ kʷʼ kʼ l m mʷ n ɲ o œ r s ʃ t t̠ʃ t̠ʃʼ tʼ u ʌ w z ʒ
1457	kist1241	a b bʷ d e f fʷ ɡ ɡʲ ɡʷ ɣ h hʲ hʷ i j k kʲ kʲʼ kʷ kʷʼ kʼ l m mʷ n ɲ o œ r s ʃ t t̠ʃ t̠ʃʼ tʼ u ʌ w z ʒ
1458	mesq1240	a b bʷ d e f fʷ ɡ ɡʲ ɡʷ ɣ h hʲ hʷ i j k kʲ kʲʼ kʷ kʷʼ kʼ l m mʷ n ɲ o œ r s ʃ t t̠ʃ t̠ʃʼ tʼ u ʌ w z ʒ
1459	seba1251	a b bʷ d e f fʷ ɡ ɡʲ ɡʷ ɣ h hʲ hʷ i j k kʲ kʲʼ kʷ kʷʼ kʼ l m mʷ n ɲ o œ ɔ r s ʃ t t̠ʃ t̠ʃʼ tʼ u ʌ w z ʒ
1460	ezha1238	a b bʷ d e f fʷ ɡ ɡʲ ɡʷ ɣ h hʲ hʷ i j k kʲ kʲʼ kʷ kʷʼ kʼ l m mʷ n o r s ʃ t t̠ʃ t̠ʃʼ tʼ u ʌ w z ʒ
1461	chah1248	a b bʷ d e f fʷ ɡ ɡʲ ɡʷ ɣ h hʲ hʷ i j k kʲ kʲʼ kʷ kʷʼ kʼ l m mʷ n o œ ɔ p pʷ r s ʃ t t̠ʃ t̠ʃʼ tʼ u ʌ w z ʒ β
1462	gume1239	a b bʷ d e f fʷ ɡ ɡʲ ɡʷ ɣ h hʲ hʷ i j k kʲ kʲʼ kʷ kʷʼ kʼ l m mʷ n o œ p pʷ r s ʃ t t̠ʃ t̠ʃʼ tʼ u ʌ w z ʒ
1463	seba1251	a b bʷ d e f fʷ ɡ ɡʲ ɡʷ ɣ h hʲ hʷ i j k kʲ kʲʼ kʷ kʷʼ kʼ l m mʷ n o p pʷ r s ʃ t t̠ʃ t̠ʃʼ tʼ u ʌ w z ʒ β
1464	seba1251	a b bʷ d e f fʷ ɡ ɡʲ ɡʷ ɣ h hʲ hʷ i j k kʲ kʲʼ kʷ kʷʼ kʼ l m mʷ n o p pʷ r r̃ s ʃ t t̠ʃ t̠ʃʼ tʼ u ʌ w w̃ z ʒ β β̃
1465	inor1238	a b bʷ d e f fʷ ɡ ɡʲ ɡʷ ɣ h hʲ hʷ i j k kʲ kʲʼ kʷ kʷʼ kʼ l m mʷ n ɲ o œ r r̃ s ʃ t t̠ʃ t̠ʃʼ tʼ u ʌ w w̃ z ʒ ʔ ʔʷ β β̃
1466	inor1238	a b bʷ d e f fʷ ɡ ɡʲ ɡʷ ɣ h hʲ hʷ i j k kʲ kʲʼ kʷ kʷʼ kʼ l m mʷ n ɲ o r r̃ s ʃ t t̠ʃ t̠ʃʼ tʼ u ʌ w w̃ z ʒ ʔ ʔʷ β̃
1467	inor1238	a b bʷ d e f fʷ ɡ ɡʲ ɡʷ ɣ h hʲ hʷ i j k kʲ kʲʼ kʷ kʷʼ kʼ l m mʷ n ɲ o r r̃ s ʃ t t̠ʃ t̠ʃʼ tʼ u ʌ w w̃ z ʒ ʔ ʔʷ β̃
1468	dzuu1241	˦ ˧ ˨ a ã aː ãː b c d dz e eː ẽː ɛ ɛ̃ ɛː ɛ̃ː f ɡ ɡb i ĩ iː ĩː j ɟ k kp l m n ɲ ŋ ŋm o oː õː ɔ ɔ̃ ɔː ɔ̃ː p s ʃ t ts u ũ uː ũː v w x ʒ
1469	bagi1246	˦ ˧ ˨ a aː b ɓ c d̪ ɖ ᶑ e eː ɛ ɘ f ɡ h i iː ɪ j ɟ ʄ k l m n̪ ɲ ŋ o oː ɔ p ɸ r s ʃ t̪ ʈ u uː ʊ v ʌ w z ʔ
1470	ngit1239	˦ ˦˨ ˧ ˧˨ ˨ ˨˥˩ ˨˧ a b bv ɓ ɓ̥ c d dz ɖɽ ɗ ɗ̥ e f ɡ ɡb h i j ɟ ʄ ʄ̥ k kp l m mb ɱv n nd nz ɲ ɲɟ ɳɖɽ ŋɡ ŋmɡb o p pf r s t ts ʈɽ u v w z ʔ β
1471	ndal1241	˦ ˦˨ ˨ ˨˦ a aː e eː f ɡ ɣ h i iː j k l m n ɲ ŋ o oː s ʃ t̠ʃ u uː ʋ w z
1472	meen1242	a aː b ɓ cç cçʼ d ɗ e eː ɛ ɛː ɡ h i iː j ɟʝ k kʼ l m n ɲ ŋ o oː ɔ ɔː p r s ʃ t tʼ u uː w z ʔ
1473	ngas1238	a ɓ d̪ e ɛ ɡ h i ɪ j jː ʄ k l̪ m n̪ ɲ ŋ o ɔ p r̪ r̪ː ɽ s̪ ʃ t̪ u ʊ w wː
1474	mbay1241	˦ ˧ ˨ a ã aː b ɓ d d̠ʒ ɗ e ẽ eː ə əː ɡ h i ĩ iː j k l m mb n nd n̠d̠ʒ ŋɡ o õ oː ɔ ɔː p r ɺ s t u ũ uː w
1475	gumu1244	a aː b ɓ cç cçʼ d ᶑ e eː f ɡ ɠ h i iː j ɟʝ k kʼ l m n ɲ ŋ o oː p pʼ r s ʃ t ts tsʼ t̠ʃ t̠ʃʼ tʼ u uː w z ʒ ʔ
1476	sooo1256	a ɓ ɗ e ɛ ɠ i ɪ j ʄ k l m n ɲ ŋ o ɔ p r s t t̠ʃ u ʊ ʌ w ʔ
1477	benc1235	˥ ˦ ˧ ˨ ˩ a b bʲ bʷ d dʲ e ɡ ɡʲ ɡʷ h i j k kʲ kʲʼ kʼ l m mʲ n nʲ o pʰ pʲ pʷ pʼ r s sʲ sʷ ʂ ʃ t tʲ tʲʼ ts tsʼ t̠ʃ t̠ʃʼ tʼ ʈʂ ʈʂʼ u z zʲ ʐ ʒ ʔ ʔʲ ʔʷ
1478	benc1235	˥ ˦ ˧ ˧˨ ˨ ˨˧ a b cç cçʼ d e ɡ h i j k kʼ l m n o p pʼ r s ʂ ʃ t ts tsʼ tʼ ʈʂ ʈʂʼ u w z ʐ ʒ ʔ
1479	yems1235	˦ ˧ ˨ ˨˧ ˩˥ a aː b d d̠ʒ e eː ɡ h i iː j k kʼ l m n ɲ ŋ o oː p pʼ ɾ s ʃ t t̠ʃ t̠ʃʼ tʼ u uː w z ʔ
1480	zays1236	a b ɓ d̪ dz d̠ʒ ɗ e ɡ h i j kʰ kʼ l m n o pʰ r s ʃ t̪ʰ tsʰ tsʼ t̠ʃʰ t̠ʃʼ u w z ʒ ʔ
1481	gamo1243	a aː b ɓ̥ d̪ d̠ʒ ɗ ɛ̝ ɛ̝ː f ɡ h i̞ i̞ː j kʰ kʼ l m n ɔ̝ ɔ̝ː pʰ ɾ s ʃ t̪ʰ tsʰ tsʼ t̠ʃʰ t̠ʃʼ u̞ u̞ː w z ʔ
1482	koor1239	a aː b bː ɓ d dː dz dzː d̠ʒ d̠ʒː ɗ ɛ ɛː ɡ ɡː h i iː j jː kː kʰ kʼ kʼː l lː m mː n nː ŋ ŋː ɔ ɔː pʼ ɸː ɸʰ ɾ s sː ʃ ʃː tʰ tsː tsʰ tsʼ tsʼː t̠ʃː t̠ʃʰ t̠ʃʼ t̠ʃʼː tʼ u uː w z zː ʒ ʒː ʔ
1483	aari1239	a aː b ɓ̥ d̪ d̠ʒ ɗ e̞ː ɛ f ɡ ɦ i̞ iː j k l m n o̞ː ɔ̝ q r s ʃ t̪ ts tsʼ t̠ʃ t̠ʃʼ u uː w z ʒ ʔ
1484	komo1258	a b ɓ d ɗ e ɡ ɠ h i j k kʼ l m n o p pʼ r s sʼ ʃ t tʼ u w ʔ
1485	uduk1239	a b ɓ d d̠ʒ ɗ e ɡ h i j k kʼ l m n o p pʼ r s ʃ t t̠ʃʼ tʼ u w ʔ
1486	opuu1239	a ɓ d d̠ʒ e ɡ h i j k kʼ l m n o p r s ʃ t t̠ʃʼ tʼ u w ʔ
1487	kwam1249	a b d e ɡ h i j k kʼ l m n o p pʼ r s sʼ ʃ t tʼ u w ʔ
1488	mayo1261	˦ ˧ ˨ a b ɓ d d̠ʒ ɗ ɗʲ e ɛ f ɡ ɡb ɦ i ɪ ɨ j k kp l m mb ɱv n nd n̠d̠ʒ ɲ ŋɡ ŋmɡb o ɔ p r s t t̠ʃ u ʊ v w x z ʔ
1489	saam1283	˦ ˦˨ ˨ ˨˦ a aː b d d̠ʒ e eː f ɡ h i iː j k l m n ɲ ŋ o oː r s t t̠ʃ u uː w x β
1490	sout2795	˦ ˧ ˨ ˨˦ a ã b bʷ c cʷ d dʷ e ə ə̃ ɛ ɛ̃ f fʷ ɡ ɡʷ h i ĩ ɪ ɪ̃ j jʷ ɟ ɟʷ k kʷ l lʷ m mʷ n ɲ ɲʷ ŋ ŋʷ o ɔ p pʷ ɹ s sʷ t tʷ u ũ ʉ ʊ ʊ̃ v vʷ w z zʷ
1491	nort2795	˦ ˨ ɑ b d d̠ʒ e f ɡ ɡǀ ɡǁ ɡǃ ɣ h ɦ i j kʰ kx kʼ kǀ kǀʰ kǁ kǁʰ kǃ kǃʰ l ɬ ɮ m mb mp ɱf ɱv n nd n̠d̠ʒ nɬ nɮ ns nt ntsʼ n̠t̠ʃʼ nz ɲ ŋ ŋɡ ŋk ŋkx ŋǀ ŋǁ ŋǃ o pʰ pʼ s tʰ tsʰ tsʼ t̠ʃʰ t̠ʃʼ tʼ u v w z ʒ β
1492	saxw1241	˦ ˨ a ã b d̪ d̠ʒ ɖ e ɛ ɛ̃ f ɡ ɡb ɦ ɦʷ i ĩ j k kp ɭ m ɲ ɳ o ɔ ɔ̃ s t̪ t̠ʃ u ũ v w x xʷ z
1493	nari1240	˦ ˦˨ ˨ a b c d̪ ð ɖ e ɛ ɡ ɡʷ h i ɪ j ɟ k kʷ l m n ɲ ŋ o ɔ p r t̪ u ʊ v w
1494	bidy1244	a b d e ɛ ɡ ɡb i j ɟ k kp m n ɲ ŋ o ɔ p r s t ʈ u w
1495	domp1238	˦ ˨ a b c d e ɛ f ɡ h i j ɟ k l m n ŋ o ɔ p r s ʃ t u v w z ʒ
1496	bamb1269	˦ ˨ a ã aː ãː b bʷ c d e ẽ eː ɛ ɛ̃ ɛː f fʷ ɡ ɡʷ h i ĩ iː j ɟ k kʷ l m mʲ mp mpʲ nt ɲ ɲc ɲʷ ŋ ŋk ŋʷ o õ oː ɔ ɔ̃ ɔː ɔ̃ː p r s t u ũ uː ũː v w z
1497	heib1243	a b ɓ c d d̪ ɗ e ɘ f ɡ h i j ɟ k l m n ɲ ŋ o ɔ p r ɽ s t t̪ u v w x z
1498	koya1253	˦ ˨˦ a ã b c d e ɛ ɛ̃ f ɡ ɡb ɣ h ɦ i ĩ j ɟ k kp l m n ɲ ŋ ŋm o ɔ ɔ̃ p r s ʃ t u ũ v w w̃ z ʒ
1499	shwa1239	˦ ˦˨ ˨ a b c d̪ ð ɗ e ə ɛ f ɡ i ɪ j ɟ k l m n ɲ ŋ o ɔ p r ɽ s ʃ t̪ ʈ u ʊ v w x
1500	gaaa1245	˦ ˧ ˨ a b ɓ d d̠ʒ ɗ e ɛ f ɡ ɡb ɡm i ɟ k km kp l m n o œ ɔ p s t u v ⱱ w y
1501	kuan1247	˦ ˨ a d d̠ʒ ɛ f fʲ i j k l lʲ m m̥ mb n n̥ nd ndʲ n̠d̠ʒ ɲ ŋ̥ ŋɡ ɔ p ʃ t u v w x ʒ
1502	mbal1255	˦ ˨ a ɛ f h i k l lʲ m m̥ mb n n̥ nd n̠d̠ʒ ɲ ɲ̥ ŋ̥ ŋɡ ɔ p s ʃ t u v w y z
1503	kwam1251	˦ ˨ a ð ɛ ɣ h i k m mb m̥p ɱv n n̥ nd n̠d̠ʒ ɲ ɲʒ ŋɡ ŋk ɔ p r rʲ s ʃ t ts t̠ʃ u v w x y z θ
1504	ngan1300	˦ ˨ a ð ɛ ɣ i j k l lʲ m m̥ mb n n̥ nd ndʲ n̠d̠ʒ ɲ ɲ̥ ɲʒ ŋ̥ ŋɡ ɔ p s ʃ t ts t̠ʃ u v w z ʒ θ
1505	ndon1254	˦ ˨ a ð ɛ ɣ i j k l lʲ m m̥ mb n n̥ nd ndʲ n̠d̠ʒ ɲ ɲ̥ ŋ ŋɡ ɔ p s ʃ t ts t̠ʃ u v w z ʒ θ
1506	ndon1254	˦ ˨ a ð dʲ ɛ ɣ i j k l m m̥ mb n n̥ nd ndʲ n̠d̠ʒ ɲ ɲ̥ ŋ ŋɡ ɔ p s ʃ t ts t̠ʃ u v w z ʒ θ
1507	ndon1254	˦ ˨ a ð dʲ ɛ ɣ i j k l m mb m̥ʰ n n̥ nd ndʲ n̠d̠ʒ ɲ ɲ̥ ɲʒ ŋ ŋɡ ɔ p s ʃ t ts t̠ʃ u v w z θ
1508	konk1269	˦ ˧ ˨ a å aː b c d eː f ɡ ɡb i iː ɨ j ɟ k kp l m n ŋ ŋm o oː ɔ ɔː p r s t u uː ʌː w ʔ
1509	zagh1240	˦ ˧ ˨ a b c d e ɛ f ɡ h i ɪ j ɟ k l m n ɲ ŋ o ɔ p r s ʃ t u ʊ w ʔ
1510	zayy1238	a aː b d d̠ʒ e eː ə əː f ɡ h i iː ɨ ɨː j k l m n ɲ o oː q r s ʃ t t̠ʃˀ tˀ u uː w z ʒ ʔ
1511	bomi1238	˦ ˨ a ã b d e ɛ f ɡ ɡb i ĩ j k kp m n o õ p s t u ũ v w z
1512	nort2819	˦ ˧ ˨ a ã b d̪ e ẽ ə ɛ f ɡ ɡb ɣ h i ĩ j ɟ k kp l̪ m n̪ ɲ ŋ ŋʷ o õ ɔ p r̪ t̪ u ũ w
1513	bena1262	˦ ˨ a aː b d eː ɛ f ɡ h i iː j kʰ l m mb n nd ns ɲ ŋ ŋɡ o oː pʰ s tʰ ts u uː v w
1514	guin1254	˦ ˧ ˨ a ã b ɓ d dz e ɛ ɛ̃ ɡ ɡb ɡʷ ɣ h hv i ĩ j k kp kʷ l m n ɲ ŋ ŋʷ o ɔ ɔ̃ p t u ũ v w
1515	kaka1265	˦ ˨ a aː b d d̠ʒ e eː ɛ ɛː f ɡ ɡb h i iː j k l m n nd n̠d̠ʒ ɲ ŋ o oː ɔ ɔː p r s t t̠ʃ u uː w
1516	lele1266	˦ ˨ a ɓ d̠ʒ ɗ e ɛ f ɡ h i j k kp l m n ɲ o ɔ p r s t u v w
1517	loma1260	˦ ˨ a ã aː ãː b ɓ d e ẽ eː ẽː ɛ ɛ̃ ɛː ɛ̃ː f ɡ ɡb ɣ i ĩ iː ĩː j kʰ kp l m n ŋ o õ oː õː ɔ ɔ̃ ɔː ɔ̃ː pʰ s tʰ u ũ uː ũː v ʋ w z
1518	mann1248	˦ ˧ ˨ a ã b ɓ d e ẽ ɛ ɛ̃ f ɡb ɡʷ i ĩ j kɡ kp kʷ l m n ɲ ŋ ŋʷ o õ ɔ ɔ̃ p s t u ũ v w z
1519	kyen1242	˦ ˧ ˨ a ã b d e ɛ ɛ̃ f ɡ ɡb h i ĩ j k kp l m n ɲ ŋ o ɔ ɔ̃ p r s t u ũ v w z ʔ
1520	shan1282	˦ ˧ ˨ a ã b d e ɛ ɛ̃ f ɡ ɡb h i ĩ j k kp l m n ɲ ŋ o ɔ ɔ̃ p r s t u ũ v w z ʔ
1521	abur1243	˦ ˦˨ ˨ ˨˦ a ã b c d e ɛ f ɡb h i ĩ ɪ ɪ̃ j ɟ k kp l m n ɲ ŋ o ɔ p s t u ũ ʊ ʊ̃ v w
1522	bank1256	˦ ˦˨ ˨ ˨˦ a bʷ ɓ d d̠ʒ e ɛ f i j k kp kʷ l m mbʷ mʷ n nd n̠d̠ʒ ɲ ŋ ŋɡ ŋɡʷ o ɔ p r s t t̠ʃ u w
1523	efut1241	˦ ˨ ɑ ɑ̃ b ɕ d dᶣ dʑ dʑᶣ e ẽ ɛ ɛ̃ f ɡ h i ĩ ɪ ɪ̃ j k l m ɱ n ɲ ɲᶣ ŋ ŋʷ o õ ɔ ɔ̃ p r s t tɕ tɕᶣ ts u ũ ɥ ʊ ʊ̃ w ʑ ʔ
1524	aghe1239	˦ ˨ a aː ɒ ɒː b bv d dz d̠ʒ e eː ɛ ɛː f ɡ ɡb ɣ i iː ɪ ɪː j kʰ kp l m n ɲ ŋ ŋm o oː ɔ ɔː pf pʰ ʃ tʰ ts t̠ʃ u uː ʊ v w ʒ ʔ
1525	arbo1245	a aː b bː ɓ̥ ɓ̥ː d̪ d̪ː d̠ʒ d̠ʒː ɗ ɗː ɛ̝ ɛ̝ː f fː ɡ ɡː h i̞ i̞ː j jː kʰ kʰː kʼ kʼː l lː m mː n nː ɲ ɲː ŋ ɔ̝ ɔ̝ː pʰ ɾ ɾː s sː ʃ t̪ʰ t̪ʰː t̠ʃʰ t̠ʃʰː t̠ʃʼ t̠ʃʼː t̪ʼ t̪ʼː u̞ u̞ː w wː z zː ʔ
1526	abid1235	˦ ˨ a ã b cç d e f ɡ ɡb h i ĩ ɪ ɪ̃ j ɟʝ k kp l m n ɲ o õ ɔ ɔ̃ p r s t u ũ ʊ ʊ̃ w ʔ
1527	adio1239	˦ ˧ ˨ ˨˦ a b d d̠ʒ e ɛ f ɡ ɡb h i j k kp l m n ɲ ŋ o ɔ p r s t t̠ʃ u w
1528	tiag1235	a b ɓ c d e ɛ f ɡ ɡb i ɪ j ɟ k kp l m n ɲ ŋ o ɔ p s ʃ t ʊ v w z ʒ
1529	alla1248	˦ ˨ a ã b c d e ẽ ɛ f ɡ ɡb i ɪ j ɟ k kp l m n ɲ o õ ɔ p s ʃ t u ɥ v w z ʒ
1530	ashe1269	˦ ˧ ˨ a b c d e ɛ f ɡ ɡb ɣ h i ɪ j ɟ k kp m n ɲ ŋ o ɔ p r ɽ s ʃ t u ʊ w z
1531	ngaz1238	˦ ˨ a b ɓ d̪ dz d̠ʒ ɖ ɗ e f ɡ h i j k l m mb mɓ n nd ndz n̠d̠ʒ nɗ nt nts n̠t̠ʃ ɲ ŋɡ ŋk o p r s ʃ t̪ ts t̠ʃ ʈ u v w z ʒ ʔ β
1532	akpe1248	˦ ˧ ˨ a ã b d dz e ɛ ɛ̃ f ɡ ɡb h i j k kp l m n ŋ o ɔ ɔ̃ r s ʃ t ts u w x
1533	eten1239	˦ ˦˨ ˧ ˨ ˨˦ a b bʲ d dʷ dʷʲ dz dzʷ d̠ʒ d̠ʒʷ e ɛ f ɡ ɡb ɡbʲ ɡʲ ɡʷ ɡʷʲ h hʲ hʷ hʷʲ i j jʷ k kʲ kp kpʲ l lʲ lʷ lʷʲ m mʷ n nʲ nʷ nʷʲ ɲ ŋ o p pf pʲ ɸ ɸʲ ɾ ɾʲ ɾʷ ɾʷʲ s ʃ ʃʷ t tʲ ts tsʷ t̠ʃ t̠ʃʷ tʷ u v ⱱ w z ʒ β
1534	nuer1246	a a̤ aː a̤ː æ̤ æ̤ː b c d ð e̤ e̤ː ɛ ɛ̤ ɛː ɛ̤ː ɡ ɦ i i̤ iː i̤ː j ɟ k l m ɱ n ɲ ŋ o o̤ oː o̤ː ɔ ɔ̤ ɔː ɔ̤ː p r t ṳ ṳː ʊ̤ ʊ̤ː w θ
1535	kagf1238	˥˩ ˦ ˧ ˨ a aː b bʲ d d̠ʒ d̠ʒʷ e eː ɛ ɛː ɘ ɘː f ɡ ɡʲ ɡʷ h hʲ i iː j k kʲ kʷ m mʲ n nʲ o oː ɔ ɔː p pʲ r rʲ rʷ s sʷ ʃ t t̠ʃ t̠ʃʷ u uː v vʲ w z zʷ ʔ
1536	idom1241	˦ ˦˨ ˧ ˨ ˨˦ a ã aː b bv bvʷ c d dz d̠ʒʷ e ẽ eː ɛ ɛ̃ ɛː f ɡ ɡb ɡʷʲ ɣ ɣʷ h hʷ i ĩ iː ɪ j ɟ k kʲ kp l m mpf n nd ndz ŋ ŋɡ ŋmɡb ŋʷ o õ oː ɔ ɔ̃ ɔː p pf r ɽ s ʃ t ts u ũ uː ɥ ʊ v w wʲ x xʷ z zʲ ʒ
1537	irig1241	˦ ˧ ˨ ˩ a ã b bʲ ʙ c cʲ cʷ d ð ðʲ d̠ʒ d̠ʒʷ e ẽ ɛ ɛ̃ f fʲ ɡ ɡb ɡʷ h hʲ i ĩ j jʷ j̥ʷ ɟ ɟʲ ɟʷ k kp kʷ ɬ m mʲ mʷ ɱ n ɲ ɲː ɲʷ ŋ ŋm ŋʷ ŋʷʲ ɔ ɔ̃ p pʲ ps r rʲ rʷ ɾ ɾʲ ɾʷ s ʃ ʃʷ t tɕ tɕʷ ts tsʲ t̠ʃ t̠ʃʷ u ũ v vʲ w wʲ ʍ ʍʲ z ʒ ʒʷ ˀb ˀc ˀɡb ˀɡʷ ˀj ˀk ˀkp ˀs ˀʃʷ ˀʍ ˀʍʲ
1538	izer1241	˦ ˦˨ ˧ ˨ ˨˦ a b c d e ɛ f ɡ ɡb h i j ɟ k kp l n ɲ ŋ ŋm o ɔ p ɸ r s ʃ t ts u v w z ʒ
1539	jere1244	˥ ˦ ˧ ˨ a aː b d d̠ʒ e eː ə əː ɛ ɛː f ɡ ɡb h i iː j k l m n ɲ ŋ o oː ɔ ɔː p r s ʃ t t̠ʃ u uː v w z ʒ
1540	legb1242	˦ ˧ ˨ a aː b bː d dː dzː d̠ʒː e eː ɛ ɛː fː ɡ ɡː ɡb ɡbː i j jː k kː kp kpː l lː m mː n nː ɲː ŋ ŋː o oː ɔ ɔː p pː sː t tː t̠ʃ t̠ʃː u v vː w wː z
1541	logb1245	˦ ˨ ˨˦ a b d dz ɖ e ɛ f ɡ ɡb ɦ i j k kp l m n ɲ ŋ o ɔ p r s t ts u v w x z
1542	awng1244	˦ ˦˨ ˨ a b d dz d̠ʒ e f ɡ ɡʷ h i ɨ j k kʷ l m n ŋ ŋʷ o p q qʷ r ʁ ʁʷ s st ʃ ʃt t ts t̠ʃ u w
1543	glav1244	˦ ˨ a aː b ɓ c ç d dz d̠ʒ ɗ e ə f ɡ ɣ iː j ʝ ɟ k l ɬ ɮ m n ɲ ŋ p r s ʃ t ts t̠ʃ u uː v w x z ʒ
1544	ahan1244	˦ ˧ ˨ a ã b d d̠ʒ e ẽ ɛ ɛ̃ f ɡ ɡb h i ĩ j jʷ k kp l m n ɲ ŋ o õ ɔ ɔ̃ p r s ʃ t t̠ʃ u ũ v w z ʒ
1545	ayer1245	˦ ˧ ˨ a ã b d d̠ʒ e ẽ ɛ ɛ̃ f ɡ ɡb h i ĩ j jʷ k kp l m n ɲ ŋ o õ ɔ ɔ̃ p r s ʃ t t̠ʃ u ũ v w z ʒ
1546	rong1268	a b bv bzʷ ɓ d dlʷ dz d̠ʒ ɖʐ ɖʐʷ ɗ e f ɡ ɡʷ ɡ̤ʷ ɡǂ ɦ i j k kʰ kʷ kʷʰ l lʷ ɬ ɬʷ m m̤ n n̤ nʷ n̤ʷ ɲ ɲʷ ŋʷ o p pf pfʰ pʰ psʷ psʷʰ r s sʷ ʃ ʃʷ t tʰ ts tsʰ t̠ʃ t̠ʃʰ tʷ ʈʂ ʈʂʰ ʈʂʷ u v v̤ w w̤ z ʐ ʐʷ ʒ
1547	ndzw1235	˦ ˨ a b d dz d̠ʒ ɖ e f ɡ h i j k l m mb n ndr ndz n̠d̠ʒ ɲ ŋɡ o p r s ʃ t ts t̠ʃ ʈ u v w z ʒ ʕ
1548	sout2790	a ã aː b bˀ d d̠ʒ e ẽ eː ɛ ɛ̃ ɛː f ɡ ɡb h i ĩ iː ɪ ɪ̃ ɪː j jˀ k kp l lˀ m n ɲ ŋm o õ oː ɔ ɔ̃ ɔː p s t t̠ʃ u ũ uː ʊ ʊ̃ ʊː v w wˀ
1549	kuwa1246	˥ ˦ ˧ ˨ a aː b e eː f h i iː j ɟ k l̪ m n ɲ ŋ o oː p r s ʃ t̪ u uː v w z ʒ
1550	atti1239	˥ ˥˧ ˥˨ ˦ ˧ ˧˨ ˨ ˨˧ a ã b c d dz d̠ʒ e ɛ ɛ̃ f ɡ ɡb h i ĩ j ɟ k kp l m o ø œ œ̃ ɔ ɔ̃ p r s ʃ t ts t̠ʃ u ũ v w
1551	ango1258	˦ ˨ a ã ɓ d d̠ʒ e ẽ ɛ f ɡ i ĩ j k l m n ɲ ŋ o õ ɔ p r s ʃ t t̠ʃ u ũ v w z ʒ
1552	east2652	˦ ˨ a aː b bː d d̪ dː d̪ː d̠ʒ d̠ʒː e eː f fː ɡ ɡː h i iː j jː kː kʼ kʼː l lː m mː n nː ɲ ɲː o oː pʼ pʼː r rː s sː ʃ ʃː t̪ t̪ː t̠ʃ t̠ʃː t̠ʃʼ t̠ʃʼː tʼ tʼː u uː w x xː z zː ʔ
1553	uppe1455	a b c d e f ɡ i j ɟ k l lʲ m n ɲ ŋ o p ɾ s ʃ t u v w z ʒ
1554	akoo1248	˦ ˨ aː ɑ b c d e ə ɛ ɡ h i iː j ɟ k l m n ɲ o ø ɔ ɔː p s t uː w z ʔ
1555	baka1273	˦ ˨ a aː b d e eː ɛ ɛː ɡ h i iː j ɟ k l m n ɲ ŋ o oː ɔ ɔː p s ʃ t u w z ʔ
1556	baka1273	˦ ˨ a aː b d e eː ɛ ɛː f ɡ h i iː j ɟ m n ŋ o oː ɔ ɔː p s t u uː w z
1557	baka1273	˦ ˨ a aː b d e eː ɛ ɛː ɡ h i iː j ɟ k l m n ɲ ŋ o oː ɔ ɔː p s t u uː w
1558	mboc1235	˦ ˨ a ɑ b d e eː ə əː ɛ ɡ h i iː ɟ k l m n ɲ ŋ ø ɔ p s ʃ t u uː ʊ w z ʒ ʔ
1559	bass1260	˦ ˨ a ɑ b d ə əː ɛ ɡ ɡb h i iː j ɟ k kp l m n ɲ ŋ o ɔ ɔː p s t u uː w z ʔ
1560	mboc1235	˦ ˨ a b d e ə əː ɛ ɛː f ɡ i iː j jˀ ɟ k l m n ɲ ŋ o ø ɔ p s ʃ t u uː w z ʒ ʔ
1561	libe1240	a ã b d d̠ʒ e ɛ ɛ̃ f ɡ ɡb i ĩ j k kp l m n ɲ ŋ o ɔ ɔ̃ p r s ʃ t t̠ʃ u ũ v w z ʒ
1562	gagu1242	˦ ˧˨ ˨ ˨˧ a ã b c d e ɛ ɛ̃ ɡ ɡb ɡʷ i ĩ j ɟ k kp kʷ l m n o ɔ ɔ̃ ɸ s t u ũ w z β
1563	eton1253	˦ ˨ a aː b d d̠ʒ e eː ə ɛ ɛː ɡ ɡb i iː j k kp l m n ɲ ŋ ŋm o oː ɔ ɔː p s t t̠ʃ u uː v w z
1564	reun1238	a ã b bː d̺ d̺ː e ë ẽ f fː ɡ ɡː i ï iː j j̃ k kː l̪ lː m mː n nː o õ p pː ʁ s s̺ sː t̺ t̺ː u uː v vː z z̺
1565	nucl1440	˦ ˦˨ ˨ ˨˦ a b d̪|d d̠ʒ e ə ɛ f ɡ h i ɨ j k kː kǀ kǃ l̪|l lː m mː n̪|n ɲ ŋ o ɔ p r̪|r rː s̪|s ʃ t̪|t t̠ʃ u ɥ v ʌ w x z̪|z ʔ
1566	saot1239	a ã ɓ d̠ʒ ɗ e ẽ ə ɛ f ɡ i ĩ ɪ̃ j k l ʎ m n ɲ o õ p t t̠ʃ u ũ v w z ʒ
1567	nucl1696	˦ ˨ a aː b bʷ ɓ ɓʷ d d̪̚ dʷ d̠ʒ ɗ ɗʷ e eː ɛ ɛː ɡ ɡʷ h i iː ɪ ɪː j jʷ k kʷ l m mb n nd n̠d̠ʒ ŋ ŋɡ o oː ɔ ɔː p r rʷ s sʷ ʃ ʃʷ t tʷ u uː ʊ ʊː w z zʷ ʒ ʒʷ ʔ
1568	suku1261	˦ ˦˨ ˧ ˨ ˨˦ a aː cʰ d e eː ɛ ɛː f ɡ h i iː j ɟ kʰ l m mb m̤ʱ m̤pʰ ɱ̤f ɱv n nd n̤ʱ n̤s n̠ʃ n̤tʰ nz ɲ ɲ̤cʰ ɲ̤ʱ ɲɟ ŋ ŋɡ ŋ̤ʱ ŋ̤kʰ o oː ɔ ɔː pʰ s ʃ tʰ u uː v w z β
1569	mori1278	a æ̃ ɑ b d̪ d̠ʒ e ə f ɡ i j j̃ k l m n ŋ o ɔ p r s t̪ t̰ t̠ʃ u v w z
1570	krio1253	˦ ˧ ˨ a b c d̪ e ɛ f ɡ ɡb h i j ɟ k kp l̪ m n̪ ɲ o ɔ p ʁ s ʃ t̪ u v w z ʒ θ
1571	kitu1246	˦ ˨ a b d e f ɡ i j k l m n o p s t u v w z
1572	akas1242	˦ ˧ ˨ a ã aː æ æ̃ b c d e ẽ eː ɛ ɛ̃ ɛː f ɡ ɡb i ĩ iː ɪ ɪ̃ ɪː j ɟ k kp l m n ɲ ŋ ŋmɡb o õ oː ɔ ɔ̃ ɔː p s t u ũ uː ʊ ʊ̃ ʊː w
1573	tuki1240	˦ ˦˨ ˨ ˨˦ a aː b d d̠ʒ e ə ɡ ɡb h i j k kp m mb n nd n̠d̠ʒ ɲ ŋ ŋɡ ŋmɡb o oː ɔ ɔː p r s t t̠ʃ u w β
1574	baka1272	˦ ˧ ˨ a b ɓ d d̠ʒ ɗ e ɛ ɡ ɡb h i j k kp l m mb n nd n̠d̠ʒ ɲ ŋɡ ŋmɡb o ɔ ɸ s t u w ʔ
1575	bumm1238	˦ ˦˨ ˨ a b bʷ d dʲ d̠ʒ d̠ʒʲ d̠ʒʷ ə ɛ f fʷ ɡ ɡb ɡʷ ɣ h i ɨ j jʷ k kp kʷ l lʷ m mʷ n nʷ ɲ ɔ s ʃ ʃʲ ʃʷ t tʲ t̠ʃ t̠ʃʲ t̠ʃʷ tʷ u w
1576	nucl1683	˦ ˦˨ ˧ ˨ a b ɓ d d̠ʒ ɗ ɛ f ɡ ɡb ɡʷ i ɨ j k kp kʷ l ɬ ɮ m mb n nd n̠d̠ʒ ŋɡ ŋɡmb ŋɡʷ ɔ p r s t t̠ʃ u v ⱱ w x z ʔ ʔʷ
1577	gava1241	˦ ˧ ˨ ɑ b ɓ d dz d̠ʒ ɗ e ə f ɡ ɡb ɡʷ ɣ ɣʷ i j k kp kʷ l ɬ ɮ m mb n nd ndz n̠d̠ʒ ŋ ŋɡ ŋɡʷ ŋmɡb ŋʷ p pt r s ʃ t ts t̠ʃ u v ⱱ w x xʷ z ʒ ʔ ʔʷ
1578	gude1246	˦ ˨ a aː b ɓ d dz ɗ ə əː f ɡ ɣ k l ɬ m mb ɱv n nd ndz ŋ ŋɡ ŋɣ p ɾ s t ts v ⱱ x z ʔ
1579	lang1322	˦ ˦˨ ˦↓˦ ˨ ˨˦ ↓˦ a b d dʑ e ə ɛ ɡ i ɪ j k l m n ɲ ŋ o ɔ p ɾ t tɕ u ʊ w
1580	igoo1238	˦ ˧ ˨ a b c d ɖ e ɛ f ɡ ɡb h i j ɟ k kp l m n ɲ ŋ o ɔ p s t u v w z
1581	kako1242	˦ ˨ a ã b ɓ d d̠ʒ ɗ e ɛ ɛ̃ f ɡ ɡb ɡʷ h i ĩ j ʄ k kp kʷ l m mb n nd n̠d̠ʒ ɲ ŋ ŋɡ ŋɡʷ ŋmɡb o ɔ ɔ̃ p r s t t̠ʃ u ũ v w
1582	kwan1276	˥ ˦ ˨ ˩ a aː b d d̠ʒ e eː ə əː ɛ f ɡ ɡb h i iː ɨ ɨː j k kp l m n ɲ ŋ o oː ɔ ɔː p s t t̠ʃ u uː v w y
1583	came1252	˥ ˦ ˨ ˩ a aː b bv d d̠ʒ e eː f ɡ h i iː j k l m n ɲ ŋ o oː ɔ p s t t̠ʃ u uː v w
1584	mere1246	˦ ˧ ˨ a b ɓ d dz ɗ ə ɛ f ɡ ɡʷ h hʷ i j k kʷ l ɬ ɮ m mb n nd ndz ŋ ŋɡ ŋɡʷ œ ɔ p r s t ts u v w y z ʔ
1585	wand1278	˦ ˨ a aː b ɓ d dz d̠ʒ ɗ e f ɡ ɡʲ ɡʷ h hʷ iː j ʄ k kʲ kʷ l ɬ ɬʲ ɮ ɮʲ m mb n nd ndz n̠d̠ʒ ɳ ŋ ŋɡ ŋɡʲ ŋɡʷ ŋʷ p r s ʃ t ts t̠ʃ uː v w z ʒ
1586	chon1287	˦ ˨ a b d d̪ ð dz d̠ʒ e f ɡ ɡb h ɦ i j k kp l m mb n nd n̪d̪ ndz n̠d̠ʒ ɲ ŋ ŋɡ ŋm ŋmɡb o p r s ʃ t t̪ ts t̠ʃ u v w z ʔ β
1587	digo1243	˦ ˨ a b d d̪ ð dz d̠ʒ e f ɡ ɡb h ɦ i j k kp l m mb n nd n̪d̪ ndz n̠d̠ʒ ɲ ŋ ŋɡ ŋm ŋmɡb o p r s ʃ t t̪ ts t̠ʃ u v w z ʒ ʔ β
1588	duru1249	˦ ˨ a b d d̪ ð dz d̠ʒ e f ɡ ɡb h ɦ i j k kp l m mb n nd n̪d̪ ndz n̠d̠ʒ ɲ ŋ ŋɡ ŋm ŋmɡb o p r s ʃ t t̪ ts t̠ʃ u v w z ʔ β
1589	giry1241	˦ ˨ a b d d̪ ð dz d̠ʒ e f ɡ ɡb h ɦ i j k kp l m mb n nd n̪d̪ ndz n̠d̠ʒ ɲ ŋ ŋɡ ŋm ŋmɡb o p r s ʃ t t̪ ts t̠ʃ u v w z ʔ β
1590	giry1241	˦ ˨ a b d d̪ ð dz d̠ʒ e f ɡ ɡb h ɦ i j k kp l m mb n nd n̪d̪ ndz n̠d̠ʒ ɲ ŋ ŋɡ ŋm ŋmɡb o p r s ʃ t t̪ ts t̠ʃ u v w z ʔ β
1591	kamb1298	˦ ˨ a b d d̪ ð dz d̠ʒ e f ɡ ɡb h ɦ i j k kp l m mb n nd n̪d̪ ndz n̠d̠ʒ ɲ ŋ ŋɡ ŋm ŋmɡb o p r s ʃ t t̪ ts t̠ʃ u v w z ʔ β
1592	kaum1238	˦ ˨ a b d d̪ ð dz d̠ʒ e f ɡ ɡb h ɦ i j k kp l m mb n nd n̪d̪ ndz n̠d̠ʒ ɲ ŋ ŋɡ ŋm ŋmɡb o p r s ʃ t t̪ ts t̠ʃ u v w z ʔ β
1593	giry1241	˦ ˨ a b d d̪ ð dz d̠ʒ e f ɡ ɡb h ɦ i j k kp l m mb n nd n̪d̪ ndz n̠d̠ʒ ɲ ŋ ŋɡ ŋm ŋmɡb o p r s ʃ t t̪ ts t̠ʃ u v w z ʔ β
1594	giry1241	˦ ˨ a b d d̪ ð dz d̠ʒ e f ɡ ɡb h ɦ i j k kp l m mb n nd n̪d̪ ndz n̠d̠ʒ ɲ ŋ ŋɡ ŋm ŋmɡb o p r s ʃ t t̪ ts t̠ʃ u v w z ʔ β
1595	vame1236	˦ ˧ ˨ a b ɓ d dz d̠ʒ ɗ e ə ɡ ɡʷ ɣ ɣʷ h hʷ i j k kʷ l ɬ ɮ m mb n nd n̠d̠ʒ nz ŋ ŋɡ ŋɡʷ ŋʷ p r s ʃ t ts t̠ʃ u w z ʒ
1596	mmaa1238	˦ ˨ a b d e ɛ f ɡ i ɪ j k l m mb mpʰ ɱf n nd ntʰ ɲ ŋ ŋɡ ŋkʰ o ɔ p s t t̠ʃ u ʊ w
1597	mpad1242	˦ ˦˨ ˧ ˨ a b ɓ d d̠ʒ ɗ e f ɡ ɡʷ h i ɨ j k kʷ kʷʼ kʼ l m mb n nd ŋɡ o p r s ʃ t tsʼ t̠ʃ t̠ʃʼ u w z
1598	mofu1248	a aː b ɓ d d̠ʒ ɗ e eː ə f ɡ ɡb ɡʷ h hʷ j k kp kʷ l ɬ ɮ mb n nd n̠d̠ʒ ŋ ŋɡʷ ŋmɡb p r s t t̠ʃ v ⱱ w z ʔ
1599	mbee1250	˦ ˨ a b bʲ bʷ d dʷ dz dzʷ d̠ʒ d̠ʒʷ e ɛ f fʷ ɡ ɡb ɡʲ ɡʷ i j jʷ k kʲ kp kʷ l lʲ lʷ m mʲ mʷ ɲ ɲʷ ŋ ŋʷ o ɔ p pʲ pʷ r rʲ rʷ s sʷ ʃ ʃʷ t ts tsʷ t̠ʃ t̠ʃʷ tʷ u w
1600	ncan1245	˦ ˦˧ ˧ ˧˨ ˨ ˨˧ a ã aː b d d̠ʒ e ɛ ɛ̃ ɛː f ɡ i ĩ iː j k l m n ɲ ŋ o õ oː ɔ ɔ̃ ɔː s ʃ tʰ t̠ʃ u ũ w
1601	mfum1238	˥˩ ˦˨ ˧ ˨ ˨˦ a b bˠ bʱ bʲ d dz d̠ʒ e ə f fʷ ɡ ɡb ɡʲ ɡʷ ɣ h hʲ hᶣ hʷ i j k kʲ kp kʷ l m mb mbˠ mbʲ mp mpʲ ɱf ɱfʲ ɱv n nd ndz n̠d̠ʒ ns n̠ʃ nt nts ɲ ɲʷ ŋ ŋɡʲ ŋɡʷ ŋɣ ŋɣʲ ŋɣᶣ ŋɣʷ ŋh ŋhʲ ŋhᶣ ŋhʷ ŋkʲ ŋkʷ ŋmɡb ŋmkp ŋʷ o ø ɔ p pʲ pʷ ɾ s ʃ t ts t̠ʃ u ɥ ɯ v w x y z ʒ
1602	njye1238	˦ ˨ ɑ ɑː b d dz e eː ɛ ɛː f ɡ ɡb i iː ɪ ɪː j k kp l m n ɲ o oː œ œː ɔ ɔː p s ʃ t ts u uː ʊ ʊː v w
1603	buam1238	˦ ˧ ˨ a ã b ɓ c d̪ e f ɡ h i ĩ k l̪ m n̪ ɲ o p s̪ t̪ u ũ v z̪
1604	kwam1250	˦ ˨ a aː b ɓ d d̠ʒ ɗ e eː f ɡ ɡʷ h i iː j k kʷ l m mb n nd ŋɡ ŋɡʷ ɔ ɔː p r s ʃ t t̠ʃ u uː w z ʔ
1605	guro1248	˦ ˧ ˨ a ã aː ãː b bʷ d̪ dʲ e eː ɛ ɛ̃ ɛː ɛ̃ː f ɡ ɡb ɡʲ i ĩ iː ĩː ɪ ɪː j k kʲ kp l̪ m n̪ nʲ o oː ɔ ɔ̃ ɔː ɔ̃ː p pʷ ɽ s̪ sʲ sʷ t̪ u ũ uː ũː ʊ ʊː v w z̪
1606	kabu1256	a b c d e ɛ f ɡ i ɟ k l ʎ m n ɲ ŋ̞ o ɔ p r s ʃ t u v z ʒ
1607	boun1243	˦ ˨ a ã b d e ẽ ɛ ɛ̃ f ɡ ɡb h i ĩ ɪ ɪ̃ j ɟ k kp l m n ɲ ŋ ŋm o õ ɔ ɔ̃ p r s ʃ t u ũ ʊ v w x z ʒ ʔ
1608	tsam1247	˦ ˨ a aː b bː ɓ ɓː c cː cʼː d dː d̠ʒː ɗ e eː ɡ ɡː ɠ ɠː h ħ hː ħː i iː j jː k kː l lː m mː n nː ɲ ɲː o oː p pː qʼ qʼː r rː s sː ʃ ʃː t tː tsʼ tsʼː u uː w wː x xː z zː ʒ ʔ ʔː ʕ ʕː
1609	cent2194	a b d dˀ f ɡ ɡʷ ɣ ɣʷ ɣˀ h ħ i j k kʷ l lˀ m n q qʷ r rˀ s sˀ ʃ ʃˀ t tˀ u w x xʷ z zˀ ʒ ʒˀ ʕ
1610	siwi1239	a æ b d d̠ʒ e ɛ f ɡ h ħ i ɪ ɪː j k l m n ŋ o ɔ p r rː ʀ s sː ʃ t t̠ʃ u ʊ ʌ w z ʕ ʕː
1611	ndam1239	a b d d̠ʒ e f ɡ ɣ h i j k l m n ŋ o p s t t̠ʃ u v w
1612	bare1279	˦ ˧ ˨ a aː b bː d dː e eː ɡ ɡː i iː j ɟ ɟː k kː l lː m mː n nː ɲ ɲː ŋ o oː p pː r s sː t tː u uː w
1613	bare1279	˦ ˧ ˨ a aː b d e eː ɡ i iː j ɟ k l m n ɲ ŋ o oː p r s t u uː w
1614	bare1279	˦ ˧ ˨ a aː b bː d dː e eː ɡ ɡː i iː j jː ɟ ɟː k kː l lː m mː n nː ɲ ɲː ŋ ŋː o oː p pː r rː s sː t tː u uː w
1615	bare1279	˦ ˨ a aː b bː d dː ɗ ɗː e eː ɡ ɡː h i iː j jː ɟ ɟː k kː l lː m mː n nː ɲ ɲː ŋ o oː p pː r s sː t tː u uː w
1616	gaam1241	˦ ˧ ˨ a aː b bː c d d̞ d̪ dː d̪ː ə əː ɛ ɛː f fː ɡ ɡː i iː j ɟ ɟː k l lː m mː n nː ɲ ɲː ŋ ŋː ɔ ɔː p r ɾ s sː t t̪ u uː w
1617	abar1238	˥ ˦ ˧ ˨ a b ɕ d̪ d̪z̪ dʑ e ə ɛ f ɡ ɡb h i j k kp l̪ m n̪ ɲ ŋ o ɔ p s̪ t̪ tɕ t̪s̪ u ɥ w
1618	mund1328	˥ ˦ ˧ ˨ a ɒ b d̪ d̪z̪ d̠ʒ e ə ɛ f ɡ ɡb i ɪ ɨ j k kp l̪ m n̪ ɲ ŋ o ɔ s̪ ʃ t̪ t̪s̪ t̠ʃ u ɥ ʊ w
1619	mbuu1238	˦ ˧ ˨ a b d̪ d̪z̪ d̠ʒ e ə ɛ f ɡ ɡb ɣ i ɨ j k kp l̪ n̪ ɲ ŋ o ɔ s̪ ʃ t̪ t̪s̪ t̠ʃ u ɥ v w y z̪ ʒ ʔ
1620	kosh1246	˦ ˧ ˨ a æ b d̪ d̪z̪ d̠ʒ e ə ɛ f ɡ ɡb i i̜ ɨ̜ j k kp l̪ m n̪ ɲ ŋ ɔ s̪ ʃ t̪ t̪s̪ t̠ʃ u u̜ w z̪ ʒ
1621	fang1248	˦ ˧ ˨ a b d̪ d̠ʒ e ə ɛ f ɡ ɡb i i̜ j k kp l̪ m ɱ n̪ ɲ ŋ o ɔ p s̪ t̪ t̪s̪ t̠ʃ u u̜ v w ʒ
1622	kura1250	a ã aː ãː b c d e ẽ eː ẽː ɛ ɛ̃ ɛː ɛ̃ː f ɡ ɡb h i ĩ iː ĩː j k l m mb mp ɱf n nd nt ɲ ŋ ŋk ŋmɡb o õ oː õː ɔ ɔ̃ ɔː ɔ̃ː p ɹ s t u ũ uː ũː w
1623	niel1243	˦ ˧ ˨ a ã aː ãː b ɓ c d ɗ e ẽ eː ə ə̃ əː ə̃ː ɡ h i ĩ iː ĩː ia iã iaː i̯ãː j ɟ k l m mb n nd ɲ ɲɟ ŋɡ ŋm o õ oː õː p r s t u ũ uː ũː ua uã uaː uãː w ʔ
1624	nort3047	˥˩ ˦ ˧ ˨ ˩˥ a b ɓ d d̠ʒ ɗ e f ɡ ɡʷ h j k kʷ l ɬ ɮ mb n nd ndz ŋ ŋɡ o r s t t̠ʃ v w z ʔ
1625	mogh1246	˦ ˧ ˨ a ã b d dʷ d̠ʒ d̠ʒʷ e ẽ ə ə̃ f fʲ ɡ ɡʲ ɡʷ ɣ i ĩ k kʲ kʷ m mb n nd n̠d̠ʒ nʷ ŋ ŋɡ ŋʷ o õ ɔ ɔ̃ p s sʷ t t̠ʃ t̠ʃʷ tʷ u ũ w z zʷ
1626	mokp1239	˦ ˨ a b d̠ʒ e ɛ ɡb hʷ i j k kp l m mb n nd n̠d̠ʒ ɲ ŋɡ ŋmɡb o ɔ p ɸ t u w ʒ β
1627	siam1242	˥˩ ˦ ˦˥ ˧ ˨ a ã b c d e ə ɛ ɛ̃ f ɡb h i ĩ j ɟ k kp l m n ɲ ŋm o ɔ ɔ̃ p r s ʃ t u ɯ v w y
1628	ngie1241	˥˩ ˦ ˨ ˩˥ a b d e ɛ f ɡ i j k m n ŋ o ɔ p pf s t ts u ɥ ɰ v w z
1629	nugu1242	˥˩ ˦ ˨ ˩˥ a b d e ɛ f ɡ h i j k l m mb mp n nd nt n̠t̠ʃ ɲ ŋ ŋɡ ŋk o ɔ p s t t̠ʃ u w
1630	tigo1236	˥˩ ˦ ˧ ˨ ˩˥ a ɑ b bʲ bɾ bʷ d dɾ dʷ d̠ʒ d̠ʒɾ d̠ʒʷ e eː ɛ ɛː f fʲ fɾ fʷ ɡ ɡb ɡbɾ ɡɾ ɡʷ h i j k kʲ kp kpʲ kpɾ kpʷ kɾ kʷ kʷɾ l m mb mbʲ mbɾ mbʷ mʲ mp mpɾ mpʷ mɾ mʷ ɱf ɱfɾ ɱv ɱvʲ ɱvɾ n nd ndɾ ndʷ n̠d̠ʒ nɡɾ nɾ ns nsɾ n̠ʃ nt ntɾ n̠t̠ʃ n̠t̠ʃɾ nʷ nz nzɾ ɲ ŋ ŋɡ ŋɡʷ ŋk ŋkɾ ŋkʷ ŋmɡb ŋmkp ŋmkpɾ ŋɾ ŋʷ o ɔ ɔː p pʲ pɾ pʷ ɾ s sɾ sʷ ʃ t tɾ t̠ʃ t̠ʃɾ t̠ʃʷ tʷ u uː v vʲ vɾ vʷ w z zɾ ʒ
1631	orma1241	a aː b d d̠ʒ ɗ e eː f ɡ h i iː j k kʼ l m n nʲ o oː p pʼ ɾ s t t̠ʃ t̠ʃʼ tʼ u uː w
1632	piny1238	˥˩ ˦ ˧ ˨ ˩˥ a aː b bʲ d dʲ dʷ ə əː ɛ f ɡ ɡʲ ɡᶣ ɡʷ i iː iə iɛ ɨ ɨː ɨə j k kʲ kᶣ kʷ m mʲ n nʲ nʷ ɲ ɲʷ ŋ ŋʷ ɔ ɔː pʷ s sʷ ʃ ʃʷ t tʲ ts tsʷ t̠ʃ t̠ʃʷ tʷ u uː uə ɥ w y yə z zʷ ʒ ʒʷ
1633	pana1294	˥˩ ˦ ˨ ˩˥ a ã aː ãː b ɓ d ɗ e ẽ eː ẽː ɛ ɛ̃ ɛː ɛ̃ː f ɡ ɡb h hʲ hʷ i ĩ iː ĩː j k kp l m mb n nd ndz ɲ ŋ ŋɡ ŋmɡb ŋʷ o õ oː õː ɔ ɔ̃ ɔː ɔ̃ː p ɾ s sʷ t ts u ũ uː ũː v ⱱ w z
1634	reel1238	˦ ˨ ˩˥ a a̤ aː a̤ː aˑ a̤ˑ b c d d̪ e e̤ eː e̤ː eˑ e̤ˑ ɛ ɛ̤ ɛː ɛ̤ː ɛˑ ɛ̤ˑ ɡ i i̤ iː i̤ː iˑ i̤ˑ j ɟ k lʲ m n n̪ ɲ ŋ o o̤ oː oˑ ɔ ɔ̤ ɔː ɔ̤ː ɔˑ ɔ̤ˑ p r t t̪ u ṳ uː ṳː uˑ ṳˑ w ʔ
1635	wuzl1236	˦ ˧ ˨ a b ɓ d dz ɗ e ə f ɡ ɡʷ ɣ ɣʷ hʷ i j k kʷ l ɬ ɮ m mb n nd nz ŋ ŋɡ ŋɡʷ p r s t ts u v w z χ
1636	lese1243	˦ ˧ ˨ a b bv ɓ d dʷ d̠ʒ e ɛ f ɡ ɡb ɠɓ h i ɪ j k ɭ ɭʷ m n o œ ɔ p pf ɾ ɾʲ ɾʷ s sʷ t t̠ʃ ʈ u ʊ w ʔ
1637	tour1242	˥˩ ˦ ˦˥ ˨ a ã b ɓ d e ɛ ɛ̃ f ɡ ɡb ɡʷ i ĩ ɪː j k kp kʷ l m n ŋ o ɔ ɔ̃ p s t u ũ ʊː v w z
1638	gwen1239	a b c d e f ɡ ɣ h i j ɟ k kʲ l m n ɲ ŋ o p pf r ʃ t u w β θ
1639	sumb1240	˦ ˨ a aː b d d̠ʒ e eː f ɡ h i iː j k l m n o oː p s ʃ t t̠ʃ u uː v w z β
1640	zinz1238	a aː b c d e eː f ɡ h i iː j ɟ k l m n ɲ o oː p s ʃ t u uː v w z
1641	meru1245	a aː b d e eː f i iː j k l m n ɲ ŋ o oː p r s ʃ t u uː w β
1642	kahe1238	ɑ ɑː b c d ɛ ɛː f ɡ ɣ h i iː j ɟ k l m n ɲ ŋ ɔ ɔː p r s ʃ t u uː v w
1643	hang1260	˦ ˨ a aː c d e eː f ɡ h i iː j ɟ k m n ɲ o oː p pf r s ʃ t ts u uː v w z ʒ β
1644	moch1256	a b c d e f ɡ h i j ɟ k l m n ɲ o p pf s ʃ t ts u w
1645	suba1252	˦ ˨ a aː c d e eː ɛ ɛː f ɡ ɣ h i iː j ɟ k l m n ɲ ŋ o oː ɔ ɔː p r s ʃ t u uː v w z β
1646	kway1241	˦ ˨ a aː b d e eː f ɡ i iː j ɟ k l m n ɲ o oː p s t t̠ʃ u uː w β
1647	wawa1246	˦ ˧ ˨ a aː b d d̠ʒ e eː ə əː ɛ ɛː f ɡ ɡb ɡʷ h i iː j k kp kʷ l m mb ɱv n nd n̠d̠ʒ ɲ ŋ ŋɡ ŋɡʷ ŋm ŋmɡb o oː ɔ ɔː p s t t̠ʃ u uː w
1648	tach1250	a b d̪ dˤ ə f ɡ ɡʷ ɣ ɣʷ h ħ i j k kʷ l̪ lˤ m n̪ q qʷ rˤ ɾ̪ s̪ sˤ ʃ t̪ tˤ u w x xʷ z̪ zˤ ʒ ʕ
1649	tuni1251	˦ ˧ ˨ a ã b ɓ c d ɗ e ə ɛ ɛ̃ ɡ h i ĩ j ɟ k l m mb n nd ɲ ɲɟ ŋɡ o ɔ ɔ̃ r s t u ũ w ʔ ˀɲ
1650	ceba1235	˦ ˧ ˨ a ã aː ãː b d d̠ʒ e ɛ ɛ̃ ɛː ɛ̃ː f ɡ ɡb i j k kp l m n ŋ o ɔ ɔ̃ ɔː ɔ̃ː p r s ʃ t t̠ʃ u v w z ʒ ʔ
1651	fuli1240	˦ ˨ a aː b d d̠ʒ e eː f ɡ h i iː j k l m mb n nd ɲ ŋɡ o oː p r s ʃ t u uː v w z ʒ
1652	sand1273	˥˩ ˦ ˧ ˨ ˩˥ a aː ãː b d dɮ d̠ʒ e eː ẽː f ɡ ɡǀ ɡǁ ɡǃ h i iː ĩː j k kʰ kʼ kǀ kǀʰ kǀʼ kǁ kǁʰ kǁʼ kǃ kǃʰ kǃʼ l ɬ m n ŋǀ ŋǁ ŋǃ o oː õː p pʰ ɾ s t tʰ tɬ tɬʼ tsʼ t̠ʃ t̠ʃʰ u uː ũː w x ʔ
1653	tsuv1239	˦ ˨ ˩˥ a ã aː ãː b ɓ d ɗ e ẽ eː ẽː f ɡ h i ĩ iː ĩː j ɟ k kː l lː m mː n nː ɲ o õ oː õː ɔ ɔ̃ ɔː ɔ̃ː p s ʃ t tː u ũ uː ũː v w z ʒ ʔ
1654	ejag1239	˦ ˧ ˨ a b d d̠ʒ ə ɛ f ɡ ɡb i j k kp m n ɲ ŋ ɔ p ɾ s t t̠ʃ u w y
1655	yemb1246	˥˩ ˦ ˨ a b d e ɛ f ɡ i j k m n ŋ o ɔ pf s t ts u v w z ʔ
1656	bafa1249	˦ ˧ ˨ a ã aː ɐ ɐ̃ ɐː d̠ʒ e ẽ eː ə ə̃ əː ɛ ɛ̃ ɛː f ɣ i ĩ iː j kʰ kʷ l m mb ɱ n nd n̠d̠ʒ ɲ ŋ ŋɡ ŋɡʷ ŋʷ o õ oː ɔ ɔ̃ ɔː p pʰ s t tʰ t̠ʃ u ũ uː ɯ ɯ̃ ɯː w z
1657	burj1242	a aː b c d d̠ʒ ᶑ e eː f ɡ h i iː j kʼ l m n ɲ o oː p pʼ r s ʃ t t̠ʃ t̠ʃʼ tʼ u uː w z ʔ
1658	anii1245	˦ ˨ a b d d̠ʒ e ə ɛ f ɡ ɡb h i ɪ ɨ j k kp l m n ɲ ŋ ŋm o ɔ p r s ʃ t t̠ʃ u ʊ w
1659	fipa1238	˦ a aː b d e eː f ɡ i iː ɪ ɪː j k l m n ɲ ŋ o oː p s ʃ t t̠ʃ u uː ʊ ʊː v w z ʒ
1660	nawu1242	˦ ˨ a b bʷ d d̠ʒ e ɛ f fʷ ɡ ɡb h i ɪ j k kp kʷ l m mʷ n ɲ ŋ ŋm o ɔ p pʷ r s sʷ t t̠ʃ t̠ʃʷ u u̞ w
1661	anfi1235	a aː b bː d dː dz e eː ɡ ɡː h i iː j jː k kː kʼ kʼː l lː m mː n nː o oː p pː pʼ pʼː r sʼ sʼː ʃ t tː ts tsː tsʼ tʼ tʼː u uː w wː ʔ
1662	ntom1248	a b e ɛ f ɡ h i j k l m mb mp n nd n̠d̠ʒ ns nt ɲ ŋɡ ŋk o ɔ p s t ts u w
1663	tumt1243	˦ ˨ a aː ɓ ɓː d̪ d̪ː ɖ ɖː ɗ ɗː e eː f ɡ ɡː i iː ɪ ɪː j jː ɟ l lː m mː mb n nː n̪d̪ nɗ ɲ ɲː ɲɟ ɳɖ ŋ ŋː ŋɡ ɔ ɔː pf r rː s sː ʃ u uː ʊ ʊː w wː ʔ
1664	iyiv1238	˥˩ ˦ ˨ ˩˥ a b bʷ d dʲ dz dzʷ d̠ʒ ə ɛ f fʷ ɡ ɡb ɡʲ ɡʷ h hʲ hʷ i j k kp kʷ lʲ lʷ m mb mbʷ mʷ n nd ndz ndzʷ n̠d̠ʒ nz ɲ ŋ ŋɡ ŋɡʲ ŋɡʷ ŋmɡb o ɔ p pʷ s sʷ ʃ ʃʷ t tʲ ts tsʷ t̠ʃ t̠ʃʷ tʷ u v w
1665	bata1293	a b d d̠ʒ e ə ɡ h i k l m n ŋ o p r s t t̠ʃ u ɯ w y
1666	taga1270	a b c d e f ɡ h i j ɟ k l m n ŋ o p r s t u w ʔ
1667	sout2918	a b d e ə ɡ h i j ɟ k l m n ɲ ŋ o p s t u w ʔ
1668	kima1244	a b ɓ d d̠ʒ ɗ e ɤ ɡ i j k l m n ŋ p ɾ s t u w ʔ
1669	bela1260	a b c d e ɡ h i iə j ɟ k l m n ɲ ŋ o p ʁ s t u w ʔ
1670	ilok1237	a b d e ɛ ɡ h i j k l m n ŋ ɔ p r s t ts u w ʔ
1671	east2563	a ɓ c cʰ ɗ e ə ɛ h i ɨ j k kʰ l m n ɲ ŋ o ɔ p pʰ r s t tʰ u w ʔ
1672	mokl1243	a aː au̯ ay b d e eː ə əː əy ɛ ɛː ɛo ɡ h i iː ia k kʰ l m n ɲ ŋ o oː ɔ ɔː p pʰ t tʰ t̠ʃ t̠ʃʰ u uː uə uy ɯ ɯː ɯə w y ʔ
1673	moke1242	a aː b d d̠ʒ e eː ea ə ɛ ɛː ɡ h i iː k kʰ l m n ɲ ŋ o oː oa ɔ ɔː p pʰ t tʰ t̠ʃ t̠ʃʰ u uː w y ʔ
1674	nias1242	a b d dr d̠ʒ e ɤ f ɡ h i j k m n o s t t̠ʃ u v ʋ w x ʔ
1675	java1254	a b d d̠ʒ ɖ e ə ɛ f ɡ h i k l m n ɲ ŋ o ɔ p r s ʃ t t̠ʃ ʈ u w x y z ʔ
1676	buol1237	a b d d̠ʒ e ɡ h i k l m n ŋ o p r s t̪ u w y ʔ β
1677	maka1311	a b c d e ɡ h i j ɟ k l m n ɲ ŋ o p r s t u w
1678	mori1268	a b d e ɡ h i k l m mb mp n nd ns nt ŋ ŋɡ ŋk o p r s t u ʔ β
1679	kamb1299	a aː ai au ɓ d̠ʒ ɗ e h i iː j k l m mb n nd n̠d̠ʒ ɲj ŋ ŋɡ o p r t u uː w
1680	tetu1245	a b d e f h i k l m n o r s t u w ʔ
1681	leti1246	a aː d e eː ɛ i iː k l m n o oː ɔ p r s t u uː β
1682	east2440	a b d d̠ʒ e f ɡ i j k l m n ŋ o p r s t t̠ʃ u w ʔ
1683	biak1248	a b d e ɡ i j k m n o p ɸ r s t u w β
1684	ambo1250	a b c d e f ɡ i j ɟ k l m n ɲ ŋ o p r s t u w
1685	band1353	a b c d e f ɡ i j ɟ k l m n ɲ ŋ o p r s t u w
1686	mala1481	a b c d e ə f ɡ i j ɟ k l m n ɲ ŋ o p r s t u w ʔ
1687	kupa1239	a b c d e ə f ɡ i j ɟ k l m n ɲ ŋ o p r s t u w ʔ
1688	lara1260	a b c d e ə f ɡ i j ɟ k l m n ɲ ŋ o p r s t u w ʔ
1689	nort2828	a b c d e ə f ɡ i j ɟ k l m n ɲ ŋ o p r s ʃ t u w x ʔ
1690	indo1316	a b d d̠ʒ e ə ɛ f ɡ h i k l m n ɲ ŋ o p r s ʃ t t̠ʃ u v w x y z ʔ
1691	nucl1460	a b c cʰ d̪ ɖ ə ɛ ɤ f ɡ h i ɨ j ɟ k kʰ l m n ɲ ŋ ɔ p pʰ r s t̪ t̪ʰ ʈ ʈʰ u w ʔ
1692	cebu1242	a b d d̠ʒ ɡ h i j k l m n ŋ p r s t t̠ʃ u w ʔ
1693	bali1278	a b d d̠ʒ e ə ɡ h i j k l m n ɲ ŋ o p r s t t̠ʃ u w
1694	bugi1244	a b d d̠ʒ e ə ɡ h i j k l m n ɲ ŋ o p r s t t̠ʃ u w ʔ
1695	cent2087	a b d dz e f ɡ i j k l ʎ m n ɲ ŋ o p r s ʃ t ts u v w z ʔ
1696	hili1240	a b d d̠ʒ e f ɡ h i j k l m n ŋ o p r s t t̠ʃ u v w ʔ
1697	pamp1243	a b d d̠ʒ e ɡ h i k l m n ŋ o p r s t t̠ʃ u w ʔ
1698	mina1268	a ai̯ au b d d̠ʒ e f ɡ h i iə j k l m n ɲ ŋ o p r s ʃ t t̠ʃ u uə ui̯ w x z ʔ
1699	pang1290	a b d d̠ʒ e ɡ i j k l m n ŋ o p s t t̠ʃ u w ʔ
1700	teng1272	ɑ ɑ̤ ɒ ɒ̤ e e̤ ə ə̤ ɛ ɛ̤ h i i̤ ɪ ɪ̤ j k l m mp n nt n̠t̠ʃ ɲ ɳʈ ŋ ŋk o o̤ ɔ ɔ̤ p r t t̠ʃ ʈ u ṳ ʊ ʊ̤ w ʔ
1701	abuj1237	a aː aˑ b cç d̪ ɖ e eː eˑ ə ɡ h i iː iˑ ɨ j ɟʝ k l m n ɲ ɳ ŋ o oː oˑ p r r̠ʲ s t̪ ʈ u uː uˑ w
1702	apuc1241	a b c d̪ ɖ e ə ɛ i ɪ j ɟ k̙ l m n ɲ ɳ ŋ o ɔ p r ɾ s t̪ tʰ t̪ʰ ʈ ʈʰ u ɯ w θ χ
1703	anga1288	˥ ˧ ˧˥ ˨˩ ˩ a b bv ç cç d dz e ə f ɡ h i j j̤ ʝ ɟʝ k kʰ l l̤ m m̤ ɱ n n̤ ɲ ɲ̤ ŋ o p pf pʰ r r̤ s t tʰ ts u v w w̤ z
1704	aona1235	˥˩ ˧ ˩˥ a b ç cç d e ə ɡ i j ɟʝ k kʰ l l̤ m n ŋ o ɔ p pʰ ɾ s t tʰ ts u ɯ w z ʔ
1705	apat1240	˥˩ ˧ ˩˥ a æ b bʲ cç d e ə ɛ ɡ ɡʲ h i ɨ j ɟʝ k l lʲ m mʲ n nʲ ɲ ŋ o p pʲ ɾ s t u ũː ɯ ʊ̃ ʌ β
1706	assa1263	a æ̞̃ b b̤ d̪ d̪̤ e ẽ̞ ɛ ɡ ɡʱ ɦ i ɪ̃ j k kʰ l m n̪ ŋ o õ̞ ɔ p pʰ r s t̪ t̪ʰ u u̞ ũː ʊ̃ ʌ̃ w z
1707	awad1243	æ ɑ b b̤ cç cçʰ d̪ d̪̤ ɖ ɖ̤ e ɛ ɡ ɡʱ h ɦ i j ɟʝ ɟ̤ʝ k kʰ l l̤ m m̤ n ɲ ɳ ŋ o ɔ p pʰ r r̤ ɽ ɽ̤ s t̪ t̪ʰ ʈ ʈʰ u w
1708	bada1257	a aː b c d̪ ɖ e eː ə ɛ ɡ i ɨ j ʝ ɟ k l ɭ m n ɲ ɳ ŋ o oː p r s ʂ t̪ ʈ u uː v ʌ w x
1709	balt1258	a aː aˑ b ç cç cçʰ d d̪ ð e eː eˑ ɛ f ɡ h i iː iˑ j ʝ ɟʝ k kʰ l ɮ n ɲ ŋ o oː oˑ ɔ p pʰ q ɽ ʁ s t t̪ tʰ t̪ʰ ts tsʰ u uː uˑ ʌ w z χ
1710	lamb1269	ɑ ɑː b ç cç d̪ dz ɖ e ɡ h i iː j ɟʝ k l ɭ n ɲ ɳ ŋ o oː p ɾ s ʂ ts ʈ u uː ʌ w
1711	beng1280	a æ æ̞̃ ɑ̃ b b̤ ç cç cçʰ d̪ d̪̤ ɖ ɖ̤ e ɛ̃ ɡ ɡʱ h ɦ i ɪ̃ j ɟʝ ɟ̤ʝ k kʰ l m n ŋ o õ̞ ɔ p pʰ r ɽ ɽ̤ ɾ s t̪ t̪ʰ ʈ ʈʰ u ũː ʊ̃ w
1712	bhil1251	a aː aˑ b b̤ ç cç d̪ d̪̤ dz ɖ ɖ̤ e ẽ̞ eː eˑ ə əː əˑ ɛ ɛː ɡ ɡʱ h ɦ i iː iˑ ɨ ɨː ɨˑ j ɟʝ ɟ̤ʝ k kʰ l l̤ ɭ m m̤ n̪ n̪̤ o õ oː oˑ p pʰ ɾ s t̪ t̪ʰ ts ʈ ʈʰ u uː ũː uˑ ʊ̃ w
1713	mund1320	a aː æ̞̃ b b̤ cç cçʰ d̪ d̪̤ ɖ ɖ̤ e e̞ eː ɡ ɡʱ i iː ɪ ɪ̃ j ɟʝ ɟ̤ʝ k kʰ l m n n̪ ɲ ɳ ŋ o õ̞ oː ɔ p pʰ ɽ ɾ s t̪ t̪ʰ ʈ ʈʰ u u̞ uː ũː ʊ ʊ̃ ʌ w ʔ
1714	boro1277	˥˦ ˧˩ a b d̪ dz e e̞ ə ɛ ɡ ɣ i j k kʰ l m n̪ ŋ o p pʰ ɸ ɾ s t̪ t̪ʰ u w x z
1715	brok1247	a aː aˑ b ç cç cçʰ d d̪ ɖ e eː ɛ f ɡ h i iː iˑ j ʝ ɟʝ k k̙ kʰ l ɭ m n n̪ ɲ ɳ ŋ o oː oˑ p pʰ r ʁ s ʂ t t̪ tʰ t̪ʰ ts ʈ u uː uˑ v w z ʐ χ
1716	bund1253	ã æ ɑ ɑ̃ ɑː b b̤ cç cçʰ d̪ d̪̤ ɖ ɖ̤ e eː ɛ̃ ɡ ɡʱ h ɦ i iː j ɟʝ ɟ̤ʝ k kʰ l l̤ m m̤ n n̤ ɲ ɳ ŋ o oː ɔ p pʰ r r̤ ɽ ɽ̤ s t̪ t̪ʰ ʈ ʈʰ u uː ũː ʊ̃ v
1717	chau1259	ɑ b b̤ ç cç cçʰ d̪ d̪̤ ɖ ɖ̤ e ə ɛ ɡ ɡʱ i j ɟʝ ɟ̤ʝ k kʰ ɭ ɭ̤ m n̪ ɲ ŋ o ɔ p pʰ r s t̪ t̪ʰ ts ʈ ʈʰ u w x z
1718	chok1243	b ç cç cçʰ d̪ dz e ə f ɡ h ɦ i j ʝ ɟʝ k kʰ l l̤ m m̤ n̪ n̪̤ ŋ o p pʰ ɾ ɾ̤ s t̪ t̪ʰ ts tsʰ u v w z
1719	darm1243	ɑ b b̤ ç cç cçʰ d̪ d̪̤ ɖ ɖ̤ e ə ɛ ɡ ɡʱ i j ɟʝ ɟ̤ʝ k kʰ l m n̪ ɲ ɳ ŋ o ɔ p pʰ r ɽ ɽ̤ s t̪ t̪ʰ ʈ ʈʰ u w x
1720	gata1239	a æ æ̞̃ b cç d ɖ e ə ɛ ɡ h i ɪ j ɟʝ k l m n n̪ ɲ ɳ ŋ o õ̞ ɔ p r ɽ s t ʈ u ũː ʊ w ʔ
1721	gade1236	a æ æ̞̃ b b̤ cç cçʰ d̪ d̪̤ ɖ ɖ̤ e ẽ̞ ə ə̃ ɛ ɡ ɡʱ h i ĩ ɪ ɪ̃ j ɟʝ ɟ̤ʝ k kʰ l ɭ m n̪ ɳ o õ õ̞ p pʰ r ɽ s t̪ t̪ʰ ʈ ʈʰ u ũː ʊ ʊ̃ w
1722	galo1242	a aː b cç d̪ e ə ɡ h i iː ɨ j ɟʝ k l m n̪ ɲ ŋ o ɔ ɔː p ɾ s t̪ u uː
1723	garo1247	a b d̪ dz e ɡ h i k m n̪ ŋ o p ɾ s t̪ ts u z ʔ
1724	guja1253	˥ ˧ ˩ a æ̞̃ ɑ̃ b ç cç cçʰ d̪ ɖ e ẽ̞ ə ə̃ ɛ f ɡ ɡ̙ ɣ h i ĩ ɪ ɪ̃ j ɟʝ k kʰ l ɭ m n̪ ɲ ɳ ŋ o õ̞ ɔ p pʰ q r ɽ s t̪ t̪ʰ ʈ ʈʰ u ũː ʊ ʊ̃ w x z
1725	guja1252	a ã ɑ̃ ɑ̤ b b̤ ç cç cçʰ d̪ d̪̤ ɖ ɖ̤ e ẽ̞ e̤ ə ə̤ ɛ ɛ̤ ɡ h i i̤ː ɪ j ɟʝ ɟ̤ʝ k kʰ l ɭ m n̪ ɲ ɳ ŋ o õ o̤ õː ɔ ɔ̤ p pʰ ɽ ɾ s ʂ t̪ t̪ʰ ʈ ʈʰ u ũ ũː ṳː ʊ v w
1726	bodo1267	a a̰ æ̞̃ b b̰ cç d̪ ɖ e ḛ ɡ i ɪ ɪ̃ ɟʝ k l ɭ m n ɳ o õ̞ o̰ ɔ p r ɽ s t̪ t̪̰ ʈ u ṵ ũː ɯ̰ ʊ ʊ̃ ʌ ʔ
1727	halb1244	a æ b b̤ ç cç d d̤ e ɛ ɘ f ɡ ɡʱ h i ɪ ɨ j ɟʝ k kʰ l m n ŋ o ø p pʰ r s t tʰ ts u ʊ v ʌ w z ʔ
1728	hind1269	a æ æ̞̃ ɑ̃ b b̤ ç cç cçʰ d̪ d̪̤ ɖ ɖ̤ e ẽ̞ ə ə̃ ɛ f ɡ ɡʱ h i ĩ ɪ ɪ̃ j ʝ ɟʝ ɟ̤ʝ k kʰ l m n̪ ɲ ɳ ŋ o õ õ̞ ɔ p pʰ ɽ ɽ̤ ɾ s t̪ t̪ʰ ʈ ʈʰ u ũː ʊ ʊ̃ w z
1729	hooo1248	a aː æ̞̃ b cç d̪ ɖ e e̞ eː ɡ h i ĩ iː ɪ ɪ̃ j ɟʝ k l m n n̪ ɲ ɳ ŋ o õ̞ oː p ɽ ɾ s t̪ ʈ u u̞ uː ʊ ʌ w ʔ
1730	irul1243	a ä æ b cç d d̪ ð ɖ e ë e̞ ë̞ ɛ ɡ ɣ i ï ɪ ɨ j ɟʝ k l ɭ m n n̪ ɲ ɳ ŋ o ö ö̞ p r ɽ ɾ s ʂ t t̪ ʈ u u̞ üː ʊ ʊ̈ v ʌ w β
1731	jaun1243	a aː æ̞̃ ɑ̃ b b̤ ç cç cçʰ d̪ d̪̤ ɖ ɖ̤ e ẽ̞ ə̃ː ɛ ɡ ɡʱ h ɦ i iː j ɟʝ ɟ̤ʝ k kʰ l m n ɲ ɳ ŋ o õ̞ õː ɔ p pʰ r ɽ s t̪ t̪ʰ ʈ ʈʰ u uː ʊ̃ w
1732	juan1238	a æ̞̃ b c cç d d̪ ɖ e ɛ ɡ i ɪ̃ ɟ ɟʝ k l m n n̪ ɲ ɳ ŋ o õ̞ ɔ p ɽ ɽ̃ ɽ̩ s t ʈ u ũː ʊ̃
1733	kang1280	aː ɐ b c c̤ d̪ ɖ e ɛː ɘ ɜ ɡ iː ɪ j ɟ k kʰ l ɭ m n ɲ ɳ ŋ o ɔː p pʰ r ɽ ɽ̃ ɽ̩ s t̪ t̪ʰ ʈ ʈʰ uː ʊ w
1734	nucl1305	a aː æ b b̤ ç cç cçʰ d̪ d̪̤ ɖ ɖ̤ e eː f ɡ ɡʱ h i iː j ɟʝ ɟ̤ʝ k kʰ l ɭ m n n̪ ɳ ŋ o oː p pʰ ɾ s ʂ t̪ t̪ʰ ʈ ʈʰ u uː v w
1735	saur1248	a aː b b̤ cç cçʰ d̪ d̪̤ ɖ ɖ̤ e eː ɡ ɡʱ h i iː j ɟʝ ɟ̤ʝ k kʰ l ɭ m m̤ n ɳ o oː p pʰ r s t̪ t̪ʰ ʈ ʈʰ u uː w z
1736	karb1241	˥ ˧ ˩ a b b̤ cç cçʰ d d̤ dz e e̞ ə ɛ ɡ ɡʱ ɦ i ɪ j ɟʝ k kʰ l m n ŋ o ɔ p pʰ r t tʰ ts tsʰ u ʊ w x ʔ
1737	irul1243	a b cç d̪ ɖ e ə ɡ i ɨ j ɟʝ k l ɭ m n n̪ ɳ o p r ɽ s ʂ t̪ ʈ u w x
1738	kash1277	a ã aː æ̞̃ ɑ̃ ɑ̃ː b ç cç cçʰ d̪ ɖ e eː ẽː ə əː ə̃ː ɡ ɦ i iː ĩː ɪ̃ ɨ ɨː ɨ̃ː j ɟʝ k kʰ l m n ŋ o õ̞ oː õː ɔ ɔː p pʰ r s t̪ t̪ʰ ts tsʰ ʈ ʈʰ u ũ uː w z
1739	jenn1240	a b cç d̪ dz ɖ e ə ɡ i ɨ j ɟʝ k l ɭ m n n̪ ɲ ŋ o p r ɾ s ʂ t̪ ts ʈ u w z
1740	khar1287	a æ̞̃ b b̤ cç cçʰ d d̤ ɖ ɖ̤ e eː ɡ ɡʱ ɦ i iː ɪ̃ j ɟʝ k kʰ l m n ɲ ŋ o õ̞ oː p pʰ ɽ ɾ s t tʰ ʈ ʈʰ u uː ũː ʊ̃ w ʔ
1741	khas1269	a aː b b̤ ç d d̤ e eː ɛ ɡ ɡʱ h i iː ɨ j ɟʝ ɟ̤ʝ k kʰ l m n ɲ ŋ o oː ɔ p pʰ r ɾ s t tʰ u uː w ʔ
1742	khez1235	˥ ˧ ˩ ɑ b bv ç cç cçʰ d̪ dz e e̞ ə f ɡ h ɦ i ɨ j ʝ ɟʝ k kʰ l l̤ m m̤ n n̪ n̪̤ n̤ ɲ ɲ̤ ŋ o p pf pfʰ pʰ ɾ ɾ̤ s t̪ t̪ʰ ts tsʰ u v w w̤ z
1743	koda1255	a aː ɑ ɑː b ç cç d̪ ð ɖ e ë e̞ eː ëː ə ɛ ɛː ɡ h i iː ɪ ɨ j ɟʝ k l ɭ m n n̪ ɲ ɳ ŋ o oː ɔ p r ɽ s ʂ t̪ ʈ u u̞ uː ɯ ʊ ʌ w
1744	nort2699	a aː b cç d̪ ɖ e eː ə əː ɡ i iː ɨː j ɟʝ k l ɭ m n̪ ŋ o oː p r s t̪ ts ʈ u uː v z
1745	kond1295	a aː æ̞̃ ɑ̃ː b d̪ ɖ e eː ə̃ː ɡ h i iː ĩː ɪ̃ j k l m n ɳ ŋ o õ̞ oː õː p r r̥ ɽ ɾ s t̪ ʈ u ũ uː ũː ʊ̃ w z ʔ
1746	mudh1235	a aː æ̞̃ b cç d ɖ ə̃ː ɡ i iː j ɟʝ k l m n ɳ ŋ õː p r s t ʈ u ũ uː ũː ʊ̃ w
1747	konk1267	a aː b b̤ ç cç cçʰ d̪ d̪̤ dz d̤z ɖ ɖ̤ e eː ɡ ɡʱ i iː j ɟʝ ɟ̤ʝ k kʰ l ɭ m n̪ ɳ o ɔ p pʰ ɾ s ʂ t̪ t̪ʰ ts tsʰ ʈ ʈʰ u uː w
1748	korr1238	a aː b ç cç d̪ ɖ e eː ɛ ɛː ɡ i iː ɨ j ɟʝ k l m n̪ ɲ ɳ ŋ o oː p r s t̪ ʈ u uː w
1749	kork1243	a æ̞̃ b b̤ c c̤ d d̤ e ɡ ɡʱ i ɪ̃ ɨ j ɟ ɟ̤ k kʰ l m n ŋ o õ̞ p pʰ ɽ ɾ s t tʰ u ũː ʊ̃ w ʔ
1750	kota1263	a aː b cç d d̪ ɖ e e̞ eː ɡ i iː ɪ j ɟʝ k l ɭ m n n̪ ɲ ɳ ŋ o oː ɔ p r ɽ s ʂ t t̪ ʈ u uː ʊ ʌ w
1751	koya1251	a aː b cç d̪ dz ɖ e eː ɡ h i iː j ɟʝ k l m n ɳ o oː p ɾ s t̪ ts ʈ u uː w
1752	kuii1252	a aː ãː æ̞̃ ɑ̃ b d̪ ɖ e eː ə̃ː ɡ h i iː ĩː ɪ̃ ɟʝ k l m n ɲ ɳ ŋ ɔ ɔː p ɽ s t̪ ʈ u ũ uː ũː ʊ̃ v ʔ
1753	kuma1273	a b b̤ ç cç cçʰ d̪ d̪̤ ɖ ɖ̤ e ə ɛ ɡ ɡʱ i ɪ j ɟʝ ɟ̤ʝ k kʰ l ɭ m n̪ ɳ ŋ o ɔ p pʰ ɽ ɾ t̪ t̪ʰ ʈ ʈʰ u ʊ ʌ w
1754	kuru1302	ã ɑ ɑ̃ː b b̤ cç cçʰ d d̤ ɖ ɖ̤ e ẽ e̞ ə̃ ɡ ɡʱ h i ĩ ĩː ɪ ɪ̃ ɟʝ ɟ̤ʝ k kʰ l m n ɲ ŋ o õ̞ oː õː ɔ̃ ɔ̃ː p pʰ r ɽ s t tʰ ʈ ʈʰ u u̞ ũː ʊ ʊ̃ ʌ ʌ̃ x ʔ
1755	kuvi1243	aː æ̞̃ ɑ̃ː b ç cç d̪ dz ɖ e eː ə̃ː ɡ h i iː ĩː ɪ̃ ɟʝ k l ɭ m n n̪ ɲ ɳ ŋ o õ̞ oː õː p ɽ ɾ s ʂ t̪ ts ʈ u ũ uː ũː ʊ̃ v ʔ
1756	lada1244	a b ç cç cçʰ d̪ dz ɖ e e̞ ə ɡ ɣ h ɦ i j ʝ ɟʝ k kʰ l l̤ m n ɲ ŋ o p pʰ r̥ s ʂ t̪ t̪ʰ ts tsʰ ʈ ʈʰ u u̞ w z ʐ β
1757	lamb1269	a æ̞̃ b ç cç d̪ dz ɖ e eː ə əː ɡ h i iː ĩː ɪ̃ ɨː ɨ̃ː j ɟʝ k l ɭ m n n̪ ɲ ɳ ŋ o õ̞ p ɽ ɾ s s̪ ʂ t̪ ts ʈ u ũ ũː ʊ̃ v w
1758	lepc1244	ɑ b ç cç d̪ dz ɖ e e̞ f ɡ h i j ʝ ɟʝ k l m n ɲ ŋ o ö ɔ p ɾ s t̪ ts ʈ u üː v ʌ z
1759	loth1237	˥˩ ˧ ˩˥ a bv ç cç cçʰ d̪ e ə f ɡ ɦ i ɪ j ʝ k kʰ l l̤ m m̤ n̪ n̪̤ ɲ ɲ̤ ŋ ŋ̤ o p pf pʰ r r̤ s t̪ t̪ʰ ts tsʰ u ʊ v w z
1760	lush1249	˥ ˥˩ ˧˩ ˩˥ a b cç cçʰ d̪ e f ɡ h ʱl ʱm ʱn̪ ʱŋ ʱɾ i j k kʰ l m n̪ ŋ o ɔ p pʰ ɾ ɾ̪̊ ɾ̪̊ʰ s t̪ t̪ʰ t̪ɬ̪ t̪ɬ̪ʰ u v w z ʔ
1761	mait1250	a æ b b̤ ç cç cçʰ d̪ d̪̤ ɖ ɖ̤ e ə ɡ ɡʱ h i j ɟʝ ɟ̤ʝ k kʰ m n ɲ ɳ ŋ o ɔ p pʰ ɽ ɽ̤ ɾ s ʂ t̪ t̪ʰ ʈ ʈʰ u w
1762	mala1464	a aː æ b c ç d d̪ ɖ e eː f ɡ h i iː ɨ j ɟ k l l̠˞ ɭ m n n̪ ɲ ɳ ŋ o oː p r ɾ s ʂ t t̪ ʈ u uː ʊ w
1763	saur1249	a aː b c d̪ ɖ e eː ɡ ɢ h i iː j ɟ k l m n ɲ ŋ o oː p q r ɽ s t̪ ʈ u uː w θ
1764	mani1292	˥˩ ˧ ˩˥ a aː b b̤ ç cç cçʰ d̪ d̪̤ eː ɡ h i iː j ɟʝ ɟ̤ʝ k kʰ l m n̪ ŋ oː p pʰ r s t̪ t̪ʰ ʈ u uː w ʔ
1765	maon1238	˥ ˧ ˨ ˩ a b bv ç d̪ dz e ə f ɡ i j ʝ k l m n o p pf r t̪ ts u v w
1766	mara1378	a æ b b̤ ç cç cçʰ d̪ d̪̤ dz d̤z ɖ ɖ̤ e ə əː f ɡ ɡʱ h i iː ɨ ɨː j ɟʝ ɟ̤ʝ k kʰ l l̤ m m̤ n̪ n̪̤ ɳ ɳ̤ o ɔ p pʰ ɾ ɾ̤ s ʂ t̪ t̪ʰ ts tsʰ ʈ ʈʰ u uː w w̤
1767	miju1243	˥˩ ˧ ˩˥ ˩˧˩ ã ɑ ɑː b bʷ ç cç cçʰ d̪ d̪ʲ dz e eː ɡ h i iː ɪ̃ ɨ j ɟʝ k k̰ kʰ l lʲ m n ɲ ŋ o õ̞ oː p p̰ pʰ pʷ r s t̪ t̪ʰ t̪ʲ ts tsʰ u uː ɯ ʌ w z
1768	miny1240	˥˩ ˧ ˩˥ a b b̤ b̰ d d̪ d̤ e ɛ ɡ ɡ̰ ɡʱ h i ɪ j ɟʝ k kʰ l m n n̪ ɲ ŋ ɔ p pʰ r ɽ ɾ s t t̪ t̪̰ tʰ ts u ɯ ʊ w z z̤
1769	moyo1238	˥˩ ˧ ˩˥ a æ b b̤ ç cç d̤ e ə ɛ ɘ f ɡʱ h i ɨ j kʰ l m m̩ n̩ ŋ̩ o ɔ p pʰ r s tʰ ts u ʊ v ʌ w ʔ
1770	mund1320	a aː æ̞̃ ɑ̃ b cç d̪ ɖ e ẽ̞ eː ə ɛ ɡ i iː j ɟʝ k m n̪ ɲ ɳ ŋ o oː ɔ p ɽ ɾ s t̪ ʈ u uː ũː ʊ̃ w ʔ
1771	naik1250	a b b̤ d̪ d̪̤ dz d̤z ɖ ɖ̤ e ɛ ɡ ɡʱ i ɪ j k kʰ l ɭ m n̪ ɳ ŋ o p pʰ r r̠ r̠ʲ s ʂ t t̪ t̪ʰ ts tsʰ ʈ ʈʰ u u̞ ʊ v ʌ w x
1772	nepa1254	a aː b b̤ ç cç cçʰ d̪ d̪̤ ɖ ɖ̤ e eː ɛ ɡ ɡʱ h i iː j ɟʝ ɟ̤ʝ k kʰ l l̤ m n ɲ ŋ o oː p pʰ r ɽ ɽ̤ s ʂ t̪ t̪ʰ ʈ ʈʰ u uː ʌ w
1773	cent1990	æ ɑ ɑː cç d e eː ə əː ɛ ɛː f h i iː ɨː k l m n̪ ɲ ŋ o oː ɔ ɔː p r ɾ s t ʈ u uː ɯ
1774	pott1240	a aː æ̞̃ b cç d̪ dz ɖ e eː ɡ i iː ɟʝ k l m n̪ ɲ ɳ ŋ o õ̞ oː p r s t̪ ts ʈ u uː v z
1775	oriy1255	æ̃ ɑ̃ b b̤ cç cçʰ d̪ d̪̤ ɖ ɖ̤ e ɛ̞ ɡ ɡʱ h i ɪ̃ j ɟʝ ɟ̤ʝ k kʰ l ɭ m n̪ ɳ ŋ o õ̞ ɔ p pʰ ɾ s t̪ t̪ʰ ʈ ʈʰ u ũː ʊ̃ w
1776	pait1244	˥ ˦˥ ˨ ˩ ˩˨ a e f ɡ h i j k l m n o ɔ p pʰ s t t̪ tʰ u v w x z ʔ
1777	duru1236	a aː b cç d̪ ɖ e eː ɡ h i iː j ɟʝ k l m n ɲ ŋ o oː p ɽ ɾ s t̪ ʈ u uː w
1778	patt1248	ɑ b ç cç cçʰ d̪ dz ɖ e ə ɡ i j ɟʝ k kʰ l l̤ ɭ m m̤ n n̤ ɲ ɳ ŋ o p pʰ r r̤ ɽ ɽ̤ s ʂ t̪ t̪ʰ ts tsʰ ʈ ʈʰ u w z
1779	peng1244	a aː b cç d̪ ɖ e eː ɡ h i iː j ɟʝ k l m n ɳ ŋ o oː p ɽ ɾ s t̪ ʈ u uː v z
1780	panj1256	˥ ˧ ˩ a æ̞̃ ɑ̃ b ç cç cçʰ d̪ ɖ e ẽ̞ ə ə̃ ɛ f ɡ ɣ h ɦ i ĩ ɪ ɪ̃ j ɟʝ k kʰ l ɭ m n̪ ɳ o õ̞ ɔ p pʰ r ɽ s t̪ t̪ʰ ʈ ʈʰ u ũː ʊ ʊ̃ w x z
1781	bond1245	a æ̞̃ b cç d ɖ e ə ɛ ɡ i ɪ j ɟʝ k kʰ l m n ɲ ŋ o õ̞ ɔ p pʰ r ɽ s ʂ t tʰ ʈ ʈʰ u ũː ʊ̃ w z ʔ
1782	sans1269	a aː b b̤ ç cç cçʰ d̪ d̪̤ ɖ ɖ̤ eː ɡ ɡʱ h ɦ i iː j ɟʝ ɟ̤ʝ k kʰ l ɭ m n ɲ ɳ ŋ oː p pʰ r ɽ ɽ̤ s ʂ t̪ t̪ʰ ʈ ʈʰ u uː w
1783	sant1410	ã ɑ b b̤ b̰ cç cçʰ d̪ d̪̤ ɖ ɖ̤ e ə ɡ ɡʱ h i ɪ̃ j ɟʝ ɟ̤ʝ k k̰ kʰ l m n̪ ɲ ŋ õ õ̞ p p̰ pʰ r ɽ s t̪ t̪̰ t̪ʰ ʈ ʈʰ u ũː ʊ̃ w
1784	sumi1235	˥ ˧ ˩ a b ç cç cçʰ d̪ e e̞ ə f ɡ ɣ h i ɨ j ʝ k kʰ l l̤ m m̤ n n̪ n̤ ɲ ɲ̤ ŋ o p pʰ s t̪ t̪ʰ ts tsʰ u u̞ ɯ v ʌ w x z ʔ
1785	shin1264	a aː b ç cç cçʰ d ɖ e eː ə ɛ ɛː ɡ ɣ h i iː j ʝ ɟʝ k kʰ l m n ɳ ŋ o oː p pʰ r s t tʰ ts tsʰ ʈ ʈʰ ʈʂ ʈʂʰ u uː w x z ʐ
1786	sind1272	a æ̞̃ ɑ̃ b b̤ ɓ c ç c̤ d̪ d̪̤ ɖ ɖ̤ ᶑ e ẽ̞ ə ə̃ ɛ f ɡ ɡʱ ɠ ɣ i ĩ ɪ ɪ̃ j ɟ ɟ̤ ʄ k kʰ l m n̪ ɲ ɳ ŋ o õ õ̞ ɔ p pʰ q ɽ ɾ s t̪ t̪ʰ ʈ ʈʰ u ũː ʊ ʊ̃ w x z
1787	sora1254	a b d ɖ e ə ɡ i ɪ ɟʝ k l m n n̪ ɲ ɳ ŋ o ø p r̠ʲ ɽ ɾ s t̪ u ʊ y z ʔ
1788	tami1289	a aː b cç d d̪ ð ɖ e eː f ɡ h i iː ɨ j ɟʝ k l l̠˞ ɭ m n n̪ ɲ ɳ ŋ o oː p ɸ ɽ ɾ s ʂ t t̪ ʈ u uː w x
1789	tang1336	a b ç cç d̪ e e̞ ə f ɡ h i ɪ ɨ j ʝ ɟʝ k kʰ l m n ŋ o ɔ p pʰ r ɾ s t̪ t̪ʰ u ɯ ʊ v ʌ w x z
1790	tase1235	ɑː b ç cç d̪ e ə ɡ h ɟʝ k kʰ l m n̪ ŋ o ɔ p pʰ ɸ ɾ s t̪ t̪ʰ ts u x ʔ
1791	telu1262	aː æ ɑ b b̤ ç cç cçʰ d̪ d̪̤ dz ɖ ɖ̤ e eː f ɡ ɡʱ h i iː j ɟʝ ɟ̤ʝ k kʰ l ɭ m n n̪ ɲ ɳ ŋ o oː p pʰ ɽ ɾ s ʂ t̪ t̪ʰ ts ʈ ʈʰ u uː v w
1792	thad1238	˥˩ ˧ ˩˥ a b cç d e ɛ ɡ ɦ i j ɟʝ k kʰ l l̤ m n ŋ o ɔ p pʰ s t tʰ u v ʌ x z ʔ
1793	toda1252	a b ç cç d d̪ dz ɖ e f ɡ i ɪ j ʝ ɟʝ k l l̥ ɭ ɭ̥ m n ɳ o ø øː ɔ p r ɽ ɾ s s̪ ʂ t t̪ ts ʈ u ɯ ɯː ʊ v ʌ w x y yː z z̪ ʐ θ
1794	kokb1239	a b ç cç cçʰ d̪ ɛ ɡ h ɪ j ɟʝ k kʰ l m n̪ ɲ ŋ o ɔ p pʰ r s t̪ t̪ʰ ts tsʰ u ɯ ʊ ʌ w
1795	tulu1258	ɑ ɑː b ç cç d̪ e eː ɛ ɛː ɡ i ɨ j ɟʝ k l ɭ m n̪ ɲ ɳ ŋ o oː p r s ʂ t̪ ʈ u uː w x
1796	ural1274	ä ɑ ɑ̈ ɑ̈ː b c d̪ ð ɖ e ë e̞ ë̞ ɛ ɡ ɣ i ï iː ɪ j ɟ k l ɭ m n n̪ ɳ o p r ɽ s ʂ t̪ ʈ u u̞ uː üː ʊ ʌ w x β
1797	urdu1245	a æ̞̃ ɑ̃ ɑ̃ː b b̤ ç cç cçʰ d̪ d̪̤ ɖ ɖ̤ ẽ̞ ə ə̃ ɛ f ɡ ɡʱ ɣ h i ĩ ĩː ɪ j ʝ ɟʝ ɟ̤ʝ k kʰ m n ŋ õ oː ɔ p pʰ q r ɽ t̪ t̪ʰ ʈ ʈʰ u ũː ʊ ʊ̃ w x z
1798	vaag1238	a aː æ̞̃ b ç cç d̪ ɖ e eː ɡ i iː ɪ̃ ɨ j ɟʝ k l ɭ m n ɲ ɳ ŋ o oː p r s t̪ ʈ u uː ʊ̃ v z
1799	ravu1237	a aː b c cç d̪ ɖ e eː ə ɛ ɛː ɡ i iː ɪ j ɟ k l ɭ m n n̪ ɲ ɳ ŋ o oː ɔ p r s t̪ ʈ u uː ʊ w
1800	yeru1240	a aː æ̞̃ ɑ̃ː b cç d̪ ɖ e eː ə̃ː ɡ i iː ĩː ɪ̃ ɨ j ɟʝ k l ɭ m n ɳ o õ̞ oː p ɾ s ʂ t̪ ʈ u uː ʊ̃ w
1801	qawa1238	a æ cç cʼ e h i j k kʼ l m n o p pʼ q ɾ s t tʼ u w β
1802	mapu1245	a e f ɣ i j k l l̪ ʎ m n n̪ ɲ ŋ o p s ʃ t t̪ t̠ʃ ʈʂ u ɯ w ʐ θ
1803	acha1250	a aː b d e eː h i iː j k kʷ l m n o oː p ɾ s ʃ t ts t̠ʃ u uː w ʒ ʔ
1804	apur1254	a ã aː ãː e ẽ eː ẽː h i ĩ iː ĩː ɨ ɨ̃ ɨː ɨ̃ː j k m n ɲ o õ oː õː p ɾ s ʃ t ts t̠ʃ ɰ
1805	araw1276	a b d e h i ɨ j k kʰ l m n o ɸ ɽ ɾ s t tʰ w
1806	asha1243	a aː e eː h i iː j k m n N o oː p ɾ s ʃ t ts t̠ʃ β
1807	ajyi1238	a aː ç h i iː j k m n N ɲ o oː p ɾ ɾʲ s t tʰ ts tsʰ t̠ʃ t̠ʃʰ ɰ ʋ
1808	ashe1272	a aː e eː h i iː ɨ ɨː j k kʲ m n N ɲ o oː p ɾ ɾʲ s ʃ t ts tsʰ t̠ʃ w
1809	pich1237	a aː e eː h i iː j k kʲ m mʲ n N ɲ o oː p pʲ ɾ ɾʲ s ʃ t tʰ t̠ʃ t̠ʃʰ ɰ w wʲ
1810	ucay1237	a aː e eː h i iː j k kʲ m mʲ n N ɲ o oː p pʲ ɾ ɾʲ s ʃ t tʰ ts tsʰ t̠ʃ t̠ʃʰ ɰ β βʲ
1811	bani1255	a aː b d dz e eː h i iː k m n ɲ p ɺ ɻ t t̪ ts t̠ʃ u uː w
1812	bani1255	a aː b d dz e eː ɡ h i iː j k m n p r ɺ ɾ ʂ t ts u uː w ʐ
1813	bare1276	a b d e h ʱm ʱn ʱw i j k kʰ m n p pʰ ɻ s t tʰ t̠ʃ u w
1814	cabi1241	a e h i j k m n o p ɾ t t̪ t̠ʃ u w ʔ
1815	caqu1242	a aː e eː ɣ h i iː j k m n N ɲ ŋ o oː p ɾ ɾʲ s ʃ t tʲ ts t̠ʃ β
1816	cham1318	a aː e eː h i iː j k l ʎ m n ɲ o oː p ɾ s ʂ ʃ t ts t̠ʃ ʈʂ u uː w ʔ
1817	curr1243	a b d dz e h ʱm ʱn ʱɾ i j k kʰ m n p pʰ ɸ ɺ ɾ ʂ ʃ t tʰ ts u w ʔ β
1818	enaw1238	a ã aː d e ẽ eː h i ĩ iː j k l m n ɲ o õ oː ɾ s ʃ t w
1819	inap1243	a ã aː e ẽ eː h i ĩ iː j l m n ɲ o õ oː p ɾ s t t̠ʃ u ũ uː ɯ ɯ̃ ɯː w ʔ
1820	guan1270	a ã e ẽ h i ĩ j k l m n o õ p ɾ s ʃ t u ũ w ʔ
1821	mach1268	a e h i ɨ j k m n o p ɾ s ʃ t ts t̠ʃ w
1822	mach1267	a aː e eː ɡ i iː ɨi j k kʲ m n N ɲ o oː p ɾ ɾʲ s ʃ t tʲ ts t̠ʃ β
1823	mehi1240	a ã e ẽ h i ĩ ɨ ɨ̃ j k l m n p ɾ ʂ t ts t̠ʃ u ũ w
1824	nant1250	a aː b e eː ɡ h i iː ɨi j k m n N ɲ o oː p ɾ ɾʲ s ʃ t tʲ ts t̠ʃ
1825	noma1263	a aː b e eː ɡ h i iː ɨi j k m n N ŋ o oː p ɾ s ʃ t ts t̠ʃ
1826	pali1279	a ã b d e ẽ ɡ ɣ h i ĩ j k m n o õ p s ʃ t u ũ w
1827	para1316	a aː e eː h i iː ɨ ɨː j k l m n ɲ o oː p ɾ ʃ t t̠ʃ u uː w
1828	pare1272	a b e h i j k kʷ l m n o ɸ ɾ t tʲ ts w θ
1829	piap1246	a b d e h i j k m n p ɺ ɾ s t ts u ʔ β
1830	resi1247	a b d dʲ dz d̠ʒ e ɡ h i k kʰ m m̥ n n̥ ɲ ɲ̥ o p pʰ ɸ ɾ s ʃ t tʰ tʲ ts tsʰ t̠ʃ t̠ʃʰ u x ʒ ʔ β
1831	tari1256	a ã aː b d dʱ e ẽ eː h i ĩ iː ɨ j k kʰ l m mʱ n nʱ ɲ ɲʱ o õ p pʰ ɾ s t tʰ t̠ʃ u ũ uː w wʱ
1832	tere1279	a aː ɛ ɛː h i iː j k l m n o oː p ɾ s ʃ t u uː w ʔ
1833	wapi1253	a b d ɖ ɡ i ɨ j k m n ɲ p ɽ s ʃ t t̠ʃ u w ʐ ʔ
1834	guar1293	a aː b d d̠ʒ e eː ɡ h i iː j k m n ɲ p ɺ ʃ t ts t̠ʃ u uː w
1835	waur1244	a ã e ẽ ɣ h i ĩ ɨ ɨ̃ j k l n ɲ p ɾ s t tʲ ts u ũ w ʒ β
1836	wayu1243	a e h i ɨ j k ɭ m n o p r s ʃ t t̠ʃ u w ʔ
1837	xiri1243	a b c d e h i ɨ ɟ k m n ɲ p ɸ ʀ ɾ s t ts u w x ʔ
1838	yane1238	a a̰ aː b bʲ ɡ i ḭ iː j k kʲ ʎ m mʲ n ɲ p pʲ ɾ s ʃ t tʲ ts t̠ʃ ʈʂ u ṵ uː w x ʐ
1839	yavi1244	a b d dz e ɡ h i j k m n ɲ ɺ ɺ̥ ɾ s t ts u w
1840	yawa1261	a h i ɨ j k l ʎ m n ɲ p r̥ ɾ ʂ ʃ t ts t̠ʃ u w
1841	yine1238	a aː ç cç e eː h̃ i iː j k l m n o oː p ɾ s ʃ t ts t̠ʃ ɯ ɯː w
1842	yucu1253	a e h i j k l m n ɲ o p pʰ ɾ s t tʰ t̠ʃ u w ʔ
1843	baur1253	a e h i j k m n o p ɾ s ʃ t t̠ʃ v w ʔ
1844	igna1246	a e h i j k m n ɲ p ɾ s ʃ t ts t̠ʃ u v ʔ
1845	deni1241	a ɓ dz ɗ e h i k kʰ m n p pʰ ɾ t tʰ ts tsʰ u w ʔ β
1846	jama1261	a b d e h i ɟ k m n o ɸ ɾ s t w
1847	jama1261	a aː b e eː h i iː ɟ k m n ɸ ɾ s t ɯ ɯː w
1848	culi1244	a b d dz e h i k kʰ m n o p pʰ ɾ t tʰ ts tsʰ w ʔ
1849	paum1247	a aː b ɓ d d̠ʒ ɗ ɡ h i iː k kʰ m n o oː p ɸ ɽ ɾ s ʃ t tʰ t̠ʃ ʔ β
1850	suru1263	a b d dʲ d̠ʒ ɛ ɡ h i ɨ k m n nʲ o ɾ ɾʲ s ʃ t tʲ w z
1851	cent2142	a aː i iː j k kʰ kʼ l ʎ m n ɲ p pʰ pʼ q qʰ qʼ ɾ s t tʰ t̠ʃ t̠ʃʰ t̠ʃʼ tʼ u uː w x χ
1852	jaqa1244	a aː c ç cʰ cʼ i iː j k kʰ kʼ l ʎ m n ɲ ŋ p pʰ pʼ q qʰ qʼ ɾ s t tʰ tʲ tʲʰ tʲʼ ts tsʰ tsʼ tʼ ʈ ʈʰ ʈʼ u uː w x
1853	awac1239	a ã e ẽ h i ĩ ɨ ɨ̃ j k l m n p ɾ s ʃ t ts t̠ʃ u ũ w z ʒ
1854	chac1249	a b d dʲ e ɡ i j k l ʎ m n ɲ ŋ p ɾ s ʃ t tʲ ts t̠ʃ u ʔ β χ
1855	guam1248	a e i ɨ j k kʷ l ʎ m n ɲ o p ɾ s ʂ ʃ t ts t̠ʃ ʈʂ w ʒ ʔ
1856	colo1256	a ã b d e ẽ h i ĩ j k l m n o õ p ɾ s t ts u ũ w ʔ β
1857	bora1263	a aː e eː h hʲ i iː ɨ ɨː j k kʰ kʲ kʲʰ kʷ m mʲ n ɲ o oː p pʰ pʲ pʲʰ ɾ t tʰ tʲ tʲʰ ts tsʰ t̠ʃ t̠ʃʰ ɯ ɯː ʔ ʔʲ β βʲ
1858	mira1254	a aː aʲ aʲː b d dz d̠ʒ ɛ ɛː ɡ ɡʷ h i iː ɨ ɨː k m n o oː p ɾ t ts t̠ʃ ɯ ɯː ʔ β
1859	muin1242	a b d dʲ d̠ʒ e ɡ i ɨ j k m n ɲ o p ɸ r ɾʲ s ʃ t tʲ t̠ʃ u x ʔ β
1860	jebe1250	a ð̞ ə i j k l ʎ m n ɲ p ɾ s ʃ t t̠ʃ u w ʔ ʔɾ
1861	chay1248	a h i ɨ j k m n p ɾ s ʃ t t̠ʃ u w ʔ β
1862	akur1238	a aː e eː ə əː i iː ɨ ɨː j k m n o oː p ɾ t t̠ʃ u uː w ʔ
1863	apal1257	a ã e ẽ i ĩ ɨ ɨ̃ j k m n o õ p ɾ s ʃ t u ũ w z ʔ
1864	para1310	a e i ɨ j k l m n ŋ o p ɾ t t̠ʃ u w
1865	baka1277	a ã b d e ẽ ə ə̃ ɡ h i ĩ ɨ ɨ̃ j k l m n o õ p ɾ s ʃ t u ũ w z
1866	baka1277	a ã b d e ẽ ə ə̃ ɡ h i ĩ j k l m n o õ p ɾ s ʃ t u ũ w ʔ
1867	gali1262	a e h i ɨ j k ɭ m n o p s t u w ʔ
1868	gali1262	a e i ɨ j k m n o p ɾ s t u w
1869	gali1262	a e i ɨ j k m n o p ɾ s t u w
1870	cari1279	a b d d̠ʒ e ə ɡ h i ɨ k m n ɲ o ɾ s t t̠ʃ u w
1871	hixk1239	a b d dʲ e h ɨ j k m n ɲ o p ɸ ɺ ɾ s ʃ t t̠ʃ u w
1872	ikpe1245	a e ɡ i ɨ j k l m n ŋ o p ɾ t t̠ʃ u w
1873	akaw1239	a aː e eː ɤ i iː j k m n o oː p ɾ s t u ɯ w ʔ
1874	japr1238	a e h i ɨ j k m n o p ʀ ɾ s ʃ t t̠ʃ u ʋ ʔ
1875	kaxu1237	a e h i ɨ j k m n o p ɾ s t t̠ʃ u w ʔ
1876	kuik1246	a ã dʲ e ẽ ɣ h i ĩ ɨ ɨ̃ k l m n ɲ ŋ o õ p s t ts u ũ w
1877	macu1259	a aː e eː i iː ɨ ɨː j k m n o oː p ɾ s t u uː w ʔ
1878	mapo1246	a e ə h i ɨ j k m n ɲ o p ɾ s t u w ʔ
1879	maqu1238	a aː e eː ə əː h i iː ɨ ɨː j k m n ɲ o oː ɾ s t t̠ʃ u uː w ʔ
1880	enap1235	a e ə i ɨ j k m n ɲ o p ɾ s t tʲ t̠ʃ u w ʔ
1881	pemo1248	a aː e eː ə i iː j k m n o oː p ɾ s t u uː w ʔ
1882	pemo1248	a e ɤ i j k m n o p ɾ s t u ɯ w ʔ
1883	pemo1245	a e ə h i ɨ j k m n ɲ o p ɾ s t u w ʔ
1884	trio1238	a aː e eː ə əː h i iː ɨ ɨː j k m n o oː p ɾ s t u uː w
1885	waim1253	a aː b d d̠ʒ e eː ɛ h i ɨ ɨː j m n ɲ o oː p ɾ s ʃ t t̠ʃ u w ʔ
1886	waiw1244	a e h i ɨ j k m n ɲ o ɸ ɺ ɾ s ʃ t t̠ʃ u w
1887	waya1269	a e ə ɤ h i ɨ j k m n p ɽ t ɯ w
1888	yaba1248	a e ə h i ɨ j k m n ɲ o p ɾ s t u w
1889	orow1243	a e i j k m n o ø p ɾ s t t̪ʙ w ʏ ʔ β
1890	wari1268	a e h hʷ i j k kʷ m m̰ n n̰ o ø p ɾ t t̠ʃ w y ʔ
1891	arhu1242	a b d d̠ʒ e ə ɡ i k m n N o p ɾ s t t̠ʃ u z ʔ
1892	bari1297	a ã b d e ẽ h i ĩ ɨ ɨ̃ k m n ɲ o õ r s t u ũ
1893	chib1270	a e ɣ h i ɨ j k kp m n o p ɾ s ʃ t tʲ ts u w β
1894	chim1309	a ã aː ãː e ẽ eː ẽː h i ĩ iː ĩː j k l m mb n nd ŋ ŋɡ o õ oː õː p ɾ s t u ũ uː ũː w ʔ
1895	cofa1242	a ã b d dz d̠ʒ ɛ ɛ̃ f ɡ i ĩ ɨ ɨ̃ j k kʰ m n ɲ o õ p pʰ ɾ s ʃ t tʰ ts tsʰ t̠ʃ t̠ʃʰ ʋ w x ʔ
1896	cogu1240	a ã b bː d dː e ẽ ə ɡ ɡː h i ĩ ɨ ɨ̃ j k kː l m n ŋ o p s ʃ t tː u ũ w x z ʒ ʔ
1897	bord1248	a e i j k kː kʷ kʷː l lː m mː n nː o p pː ɾ s t tː t̠ʃ u w
1898	mala1522	a b d d̠ʒ e ɡ h i ɨ j k l m n o p r ɾ s ʃ t t̠ʃ u ũ w z ʒ
1899	cent2150	a b e h i j k kʷ m n o ɾ s ʃ t u w w̃ ʔ
1900	woun1238	a ã b ç d e ẽ ɤ ɤ̃ ɡ h i ĩ j k kʰ m n o õ p pʰ r ɾ s t tʰ u ũ ɯ ɯ̃ w ʔ
1901	embe1259	a ã b ɓ d ɗ e ẽ h i ĩ ɨ ɨ̃ j k kʰ l m n o õ p pʰ r ɾ s t tʰ t̠ʃ u ũ w β
1902	embe1260	a ã b d d̠ʒ e ẽ h i ĩ kʰ kʼ m n o õ pʰ pʼ r ɾ sʰ sʼ tʰ t̠ʃʰ t̠ʃʼ tʼ u ũ ɯ ɯ̃ w
1903	embe1262	a ã b ɓ d ɗ e ẽ i ĩ j k m n o õ p r ɾ s t t̠ʃ u ũ ɯ ɯ̃ w x
1904	nort2972	a ã b ɓ d ɗ e ẽ ɡ ɠ h i ĩ j k kʰ m n o õ p r ɾ s t ts t̠ʃ u ũ ɯ ɯ̃ w
1905	epen1239	a ã aː b d e ẽ eː ə ə̃ əː ɡ h i ĩ iː ɨ ɨ̃ ɨː j k kʰ o õ oː p pʰ r ɾ s t tʰ t̠ʃ u ũ uː w ʔ
1906	puel1244	a b e ə ɡ h ʱd i ɨ j kʰ kʼ l l̥ ʎ m o p pʼ q r s ʂ ʃ t ts tsʼ t̠ʃ t̠ʃʼ tʼ ʈʂ ʈʂʼ u w x ʔ
1907	onaa1245	a aː e eː h i j k kʼ l m n o oː p pʼ q qʼ ɾ s ʂ ʃ t t̠ʃ tʼ u w x ʔ
1908	tehu1242	a aː b d e eː ɡ ɢ j k kʼ l m n o oː p pʼ q qʼ ɾ s ʃ t t̠ʃ t̠ʃʼ tʼ w x ʔ χ
1909	coca1259	a e i ɨ j k m n p ɾ t ts t̠ʃ u w x
1910	cuib1242	a æ b d e h i ɨ j k kʰ m n ɲ o p pʰ s t tʰ ts t̠ʃ u ʌ w
1911	guah1255	a ã aː b d e ẽ eː h i ĩ iː ɨ ɨ̃ ɨː j k l m n o õ oː p ɸ ɾ s t tʰ ts u ũ uː w x
1912	guay1257	a b d e h i ɨ j k l m n o p ɸ ɾ s t t̠ʃ u w x
1913	maca1259	a b e h i j k kʰ ɭ m n o p pʰ ɾ s t tʰ ts u ɯ w
1914	abip1241	a aː c e eː ə əː ɣ h i iː k l m n ɲ o oː p q ɾ ʁ t
1915	kadi1248	a aː b bː d dː d̠ʒ e eː ɡ ɡː ɢ i iː j jː k l lː m mː n nː o oː p q t t̠ʃ w wː
1916	moco1246	a aː d d̠ʒ e eː ɣ h i iː j k l ʎ m n ɲ o oː p q ɾ ʁ s ʃ t t̠ʃ w ʔ
1917	pila1245	a d e ɡ h i j k l ʎ m n ɲ o p q s t t̠ʃ w ʔ ʕ
1918	toba1269	a aː d̠ʒ e eː ɡ h i iː j k l ʎ m n ɲ o oː p ɾ s ʃ t t̠ʃ w ʔ
1919	toba1269	a aː e eː ɡ h i iː j k l ʎ m n ɲ o oː p q ɾ ʁ s ʃ t t̠ʃ w ʒ ʔ
1920	amar1274	a ã aː ãː e ẽ eː ẽː i ĩ iː ĩː ɨ ɨː j k m mb n nd ŋ ŋɡ o õ oː õː p ɾ s t w x ʔ
1921	chol1284	a i ɪ j k l ʎ m n ɲ ŋ p s t t̠ʃ tx u ʊ w ʔ
1922	ando1256	a ã aː ɑ ɑː ɒ ɒ̃ ɒː b d e ẽ eː ɤ ɤ̃ ɤː h i ĩ iː ɟ k ɲ o õ oː p ɸ ɾ s t u uː ɯ ɯː
1923	abis1238	a ã e h i ĩ ɨ j k kʲ kʷ l m n o õ p ɾ s ʃ t ts t̠ʃ u ũ w ʔ
1924	cams1241	a b d e ɡ i ɨ j k l ʎ m n ɲ o p ɾ s ʂ ʃ t ts t̠ʃ ʈʂ u w x
1925	cand1248	a aː h i iː j k m mp n nt nts n̠t̠ʃ ɳʈʂ ŋk o oː p ɾ s ʂ ʃ t ts t̠ʃ ʈʂ w
1926	cayu1262	a ã æ æ̃ b c d e ẽ i ĩ ɨ ɨ̃ ɟ k m n ɲ o õ ɔ ɔ̃ p ɾ s ʃ t u ũ w x ʒ β
1927	iran1263	a ã aː aʲ ãʲ b bʷ d e ẽ eː h hʷ i ĩ iː ɨ ɨ̃ ɨː j k kʲ l m mʷ n o õ oː oʲ õʲ p pʷ ɾ s ʃ t tʷ u ũ uː w ʔ
1928	iton1250	a b d e h i ɨ j k kʼ l m n o p ɾ s t tʲ t̠ʃ t̠ʃʼ tʼ u w ʔ
1929	leco1242	a b d e h i ɨ j k kʰ kʼ l m n ŋ o p pʰ pʼ ɾ s t tʰ ts t̠ʃ t̠ʃʼ tʼ u w z
1930	olub1238	a e i j k kʼ l ɬ m n o p pʼ s t ts tʼ u w x ʔ
1931	moch1259	a aː e eː i iː j k l lʲ m n ɲ ŋ o oː ɵ ɵː p ɸ ɾ ɾʲ s ʂ ʃ t ts t̠ʃ ʈʂ u uː x
1932	movi1243	a aː b d e eː h i iː j j̰ k kʷ l ɬ m n o oː p ɾ s t t̠ʃ u uː w ʔ β
1933	muni1258	a c ç d e ɡ h i ɨ j k l m n ɲ p ɾ s ʂ ʃ t ts t̠ʃ ʈʂ u w ʔ
1934	paez1247	a ã a̰ aʱ e ẽ ḛ eʱ i ĩ ḭ iʱ j k kʰ kʲ l lʲ m mb mbʲ n nd ndʲ ndz ndzʲ ɲ ŋɡ p pʰ pʲ ɸʲ s sʲ t tʰ tʲʰ ts tsʰ tsʲ tsʲʰ u ũ ṵ uʱ w x xʲ βʲ
1935	puin1248	a ã e ɤ ɤ̃ h i ĩ k m n o õ p s t u ɯ ʔ
1936	taus1253	a h i ɨ j k kʷ n ɲ o ɾ t t̠ʃ u w x ʔ
1937	ticu1245	a ã a̰ b c d e ẽ ḛ ɡ i ĩ ḭ ɟ k m n ɲ ŋ o õ o̰ p ɸ ɾ t u ũ ṵ ɯ ɯ̃ ɯ̰ w
1938	tini1245	a a̰ aː b c d e ḛ eː ɡ h i ḭ iː ɨ ɨ̰ ɨː ɟ k kʰ kʷ m n ɲ o o̰ oː p pʰ ɸ s t tʰ ts t̠ʃ u ṵ uː w z
1939	trum1247	a d e h i ɨ j k kʼ l ɬ m n o p ɸ ɾ s ʃ t t̪ ts tsʼ tʼ t̪ʼ u w x ʔ
1940	urar1246	a b d e fʷ h hʲ i k kʷ l m n ɲ ɽ s ʃ t t̠ʃ u ʉ
1941	vile1241	a b d e ɡ ɢ h i j k kʼ l ɬ m n o p pʼ q qʼ ɾ s t t̠ʃ t̠ʃʼ tʼ u w ʔ
1942	waor1240	a ã aː ãː æ æ̃ æː æ̃ː b d e ẽ eː ẽː ɡ i ĩ iː ĩː j k m n ɲ ŋ o õ oː õː p t w
1943	wara1303	a e h i j k kʷ m n o p ɾ s t u w
1944	yama1264	a e h i j k l m n o p ɾ s ʃ t t̠ʃ u w x ʐ
1945	yura1255	a æ b d e h i ɨ j ɟ k l m n ɲ o p s ʃ t t̠ʃ u w ʐ ʔ
1946	achu1248	a ã aː i ĩ iː ɨ ɨ̃ ɨː j k m n ŋ p ɾ s ʃ t ts t̠ʃ u ũ uː w x ʔ
1947	agua1253	a ã h i ĩ ɨ ɨ̃ k m n p ɾ s ʃ t ts t̠ʃ u ũ ʔ
1948	huam1247	a ã h i ĩ j k m n ŋ p ɾ s ʃ t ts t̠ʃ u ũ ɯ ɯ̃ w ʔ
1949	shua1257	a ã h i ĩ ɨ ɨ̃ j k m n p ɾ s ʃ t ts t̠ʃ u ũ w
1950	cacu1241	a b b̰ d d̰ e f ɡ ɡ̰ h i j j̰ k l m n ɲ p t t̠ʃ u ʉ w w̰ ʔ
1951	nuka1242	a ã b c d ɛ ɛ̃ ɡ h i ĩ ɨ ɨ̃ ɟ k p ɾ t u ũ ʌ ʌ̃ w ʔ
1952	nucl1668	a aː b d d̠ʒ h i iː k l m n ɲ p t t̠ʃ u uː ɯ ɯː
1953	apin1244	a e ẽ ə ə̃ ɛ ɘ f i ĩ ɨ ɨ̃ j k m mb n nd n̠d̠ʒ ɲ ŋ o õ ɔ p ɾ s t t̠ʃ u ũ ʌ w ʔ
1954	arik1265	a ã e ẽ ə ə̃ h i ĩ ɪ ɨ j k m n o õ p ɾ t t̠ʃ u ũ w ʔ
1955	boro1282	a b d d̠ʒ e ɤ ɡ ɡʷ i j k kʷ m n o p ɾ t t̠ʃ u ɯ w
1956	cane1242	a ã e ə ɛ ɛ̃ ɜ h i ĩ ɨ ɨ̃ j k m n ɲ ŋ o ɔ ɔ̃ p ɾ t t̠ʃ u ũ w ʔ
1957	chiq1248	a ã c e ẽ i ĩ ɨ ɨ̃ k m n ɲ o õ p ɾ s ʂ ʃ t t̠ʃ u ũ ʔ β
1958	para1315	a e ẽ ə ə̃ h i ɨ j k kʰ m n o õ p ɾ t t̠ʃ u w
1959	guat1253	a b d d̠ʒ e ɛ f ɡ ɡʷ h i ɨ j k kʷ m n o ɔ p ɾ t t̠ʃ u v
1960	djeo1235	a ã bz d̠ʒ ə ɛ ɛ̃ h i ĩ j k m n o õ p ps ɾ t t̠ʃ u w β
1961	kain1272	a b e i j k m n ɲ o p ɾ ʃ t t̠ʃ u
1962	kara1500	a b d ɗ e ə̃ ɛ ɘ h i ĩ ɪ ɨ ɨ̘ k l o õ ɔ ɾ u ʊ w θ
1963	kaya1330	a ã b d d̠ʒ e ẽ ɛ ɤ ɡ i ĩ j k m n ɲ ŋ o õ ɔ p ɾ t t̠ʃ u ũ ɯ ɯ̃ ʌ ʌ̃ w ʔ
1964	krah1246	a ã aː ãː e eː ɛ ɛ̃ ɛː ɛ̃ː ɤ ɤː h i ĩ iː ĩː j k kʰ l m n ŋ o oː ɔ ɔ̃ ɔː ɔ̃ː p t ts u ũ uː ũː ɯ ɯ̃ ɯː ɯ̃ː ʌ ʌ̃ ʌː ʌ̃ː w
1965	kren1239	a ã b d d̠ʒ ə ɛ ɛ̃ ɡ h i ĩ ɨ j k m m̥ n n̥ ɲ ɲ̥ ŋ ŋ̥ o ɔ ɔ̃ p ɾ t t̠ʃ u ũ w ʒ ʔ
1966	krik1239	a ã e ə ɛ ɛ̃ h i ĩ ɨ ɨ̃ j k kʰ m n o ɔ ɔ̃ p ɾ t t̠ʃ u ũ w
1967	maxa1247	a ã ç e ẽ h i ĩ k m n ɲ ŋ o õ p t ɯ ɯ̃ ʔ
1968	ofay1240	a ã d d̠ʒ e ẽ ə ɛ ɡ h i ĩ j k kʷ n o õ ɾ ʃ t t̠ʃ w ʔ
1969	pana1307	a ã e ẽ ə ɛ h i ĩ ɨ ɨ̃ j k m n o õ ɔ p ɾ s t u ũ w ʔ
1970	para1315	a e ẽ ə ə̃ ɛ ɜ h i ĩ ɨ ɨ̃ j k m n o õ ɔ p ɾ t u ũ w ʔ
1971	puri1262	a b e i ɨ j k m mp n ɲ o p ɾ ʃ t t̠ʃ u
1972	rikb1245	a ã b d e ẽ ə ə̃ h i ĩ ɨ ɨ̃ j k m n o õ p ɽ ɾ ʃ t t̠ʃ u ũ w
1973	suya1243	a ã d̠ʒ e ẽ ə ɛ ɣ i ĩ ɨ ɨ̃ k m n ɲ ŋ o õ ɔ p ɾ s t t̠ʃ u ũ w
1974	suya1243	a ã e ẽ ə ɛ h hʷ i ĩ ɨ ɨ̃ j k kʷ m n ɲ ŋ o õ ɔ ɾ t t̠ʃ tʷ ʈ u ũ ʌ w
1975	umot1240	a e ɛ i ɨ j k l m n o ɔ p ɾ ʃ t u w z ʒ
1976	xava1240	a ɐ̃ b d e ẽ ə ɛ ɣ i ĩ ɨ j o õ ɔ p ɾ s t u w z ʔ
1977	xere1240	a b d e ẽ ə ə̃ ɛ h i ĩ ɨ j k m n o õ ɔ p ɾ s t u ũ w z
1978	xokl1240	a ã ð e ẽ ə ə̃ ɛ ɛ̃ h i ĩ ɨ ɨ̃ j k kʷ l m mb n nd n̠d̠ʒ ɲ ŋɡ ŋɡʷ o õ ɔ ɔ̃ p t t̠ʃ u ũ ʋ ʔ
1979	fuln1247	a aː d d̠ʒ e eː ɛ h i iː j k kʰ l ʎ m n o oː ɔ p pʰ ɸ s ʃ t tʰ ts t̠ʃ t̠ʃʰ u uː w
1980	saop1235	a e ə ə̃ ɛ ɛ̃ h i ĩ ɨ ɨ̃ j k m n ɲ ŋ o õ ɔ p ɸ ɾ t t̠ʃ u w
1981	iyow1239	a e fʷ i j k kʼ l ɬ m n o p s t ts tʼ u w x ʔ
1982	maca1260	a aː e eː f h i iː j k kʼ l ɬ m n o oː p pʼ q qʼ s t ts tsʼ tʼ u uː w x ʔ χ
1983	niva1238	a ɑ e i j k kl kʼ ɬ m n ɲ o p pʼ ɸ s ʃ t ts tsʼ t̠ʃ t̠ʃʼ tʼ u w x ʔ
1984	wich1262	a e h i j k kʲ kʲʼ kʷ kʼ l ɬ m n o p pʼ q qʷ s t ts tsʼ tʼ u w x xʷ
1985	call1235	a aː i iː j k kʰ kʼ l ʎ m n ɲ p pʰ pʼ q qʰ qʼ ɾ s ʃ t tʰ t̠ʃ t̠ʃʰ t̠ʃʼ tʼ u uː w x
1986	mose1249	a ã b d dʲ e ẽ eː ẽː ə ə̃ əː ə̃ː f h i ĩ iː ĩː j k kʰ m n ɲ o õ p pʰ ɾ s ʃ t tʲ ts t̠ʃ t̠ʃʰ ʋ ʔ
1987	mose1249	a ã b d dʲ e ẽ eː ẽː ə ə̃ əː ə̃ː f h i ĩ iː ĩː ɨ ɨ̃ j k kʰ m n ɲ o õ p pʰ ɾ s ʃ t tʲ ts t̠ʃ t̠ʃʰ ʋ ʔ
1988	mose1249	a ã b d dʲ e ẽ eː ẽː ə ə̃ əː ə̃ː f h i ĩ iː ĩː ɨ ɨ̃ j k kʰ m n ɲ o õ p pʰ ɾ s ʃ t tʲ ts t̠ʃ t̠ʃʰ ʋ ʔ
1989	pira1253	a b ɡ h i k o p s t ʔ
1990	daww1239	a ã b c d e ɛ ɛ̃ ɤ ɡ h i ĩ j j̰ ɟ k l m m̰ n n̰ ɲ ɲ̰ ŋ o ɔ ɔ̃ p ʃ t u ũ ɯ ɯ̃ w w̰ x ʔ
1991	hupd1244	a ã æ æ̃ b b̰ c ç d d̰ e ə ɡ ɡ̰ h i ĩ ɨ ɨ̃ j j̰ ɟ̰ k o ɔ ɔ̃ p pʼ t u ũ w w̰ ʔ
1992	nade1244	a ã b d e ɛ ɛ̃ ɤ ɡ h i ĩ j ɟ k m n ɲ ŋ o ɔ ɔ̃ p ɾ ʃ t u ũ ɯ ɯ̃ ʌ ʌ̃ w ʔ
1993	yuhu1238	a ã b b̰ c cˀ d d̰ e ɛ ɛ̃ ɤ ɡ h i ĩ j j̰ ɟ ɟ̰ k kˀ o ɔ ɔ̃ p ʃ t u ũ ɯ ɯ̃ w w̰ ʔ
1994	khit1238	a ã a̰ ã̰ ɗ e ẽ ḛ ḛ̃ h i ĩ ḭ ḭ̃ j k l m n o o̰ p s t u ũ ṵ ṵ̃ w ʔ β
1995	latu1238	a ã a̰ ã̰ e ḛ h i ĩ ḭ ḭ̃ j k l m n o o̰ p s t u ũ ṵ ṵ̃ w ʔ β
1996	mama1278	a ã a̰ ã̰ e ẽ ḛ ḛ̃ h i ĩ ḭ ḭ̃ j k kʰ l m n o õ o̰ õ̰ p pʰ s t tʰ u ũ ṵ ṵ̃ w ʔ
1997	saba1268	a ɓ ɗ e h i k l m n o p s t u ʔ
1998	amah1246	a ã h i ĩ ɨ ɨ̃ j k m n o õ p ɾ s ʃ t ts t̠ʃ w x ʔ
1999	shar1245	a ã b d f i ĩ ɨ ɨ̃ k m n p ɾ s ʂ ʃ t ts t̠ʃ u ũ
2000	capa1241	a aː h i iː ɨ ɨː j k m n p ɾ s ʂ ʃ t ts t̠ʃ u uː w ʔ β
2001	cash1251	a e i ɨ k kʷ m n ɲ o p ɾ s ʂ ʃ t ts t̠ʃ u ʔ β̞
2002	chac1251	a h i j k m n o p s ʂ ʃ t ts t̠ʃ ɯ w ʐ ʔ β
2003	cash1254	a ã b d ɤ ɤ̃ h i ĩ j k m n p s ʂ ʃ t ts t̠ʃ u ũ w
2004	pano1254	a h i ɨ j k m n p ɾ s ʂ ʃ t ts t̠ʃ u w β
2005	kaxa1239	a h i ɨ k l m n o p ɾ s ʂ ʃ t ts t̠ʃ u w β
2006	koru1247	a e i ɨ j k kʷ ɬ m n o p s ʃ t ts t̠ʃ u w β
2007	mati1255	a b d e i ɨ j k m n o p s ʂ ʃ t ts t̠ʃ ʈʂ u w
2008	mats1244	a b d e ɤ i ɨ j k m n p s ʂ ʃ t ts t̠ʃ ʈʂ ɯ w
2009	nuku1263	a ã b f i ĩ j k m n ŋ p ɾ s t u ũ v w x
2010	pano1255	a b i ɨ j k m n p ɾ s ʂ ʃ t ts u w x
2011	poya1241	a ã b d h i ĩ ɨ j k p ɾ s ʃ t ts t̠ʃ u ũ w β
2012	sian1254	a b ə h i j k m n p ɾ s ʃ t ts t̠ʃ u
2013	shal1242	a f h i ɨ j k m n p ɾ s ʂ t ts t̠ʃ u w
2014	shar1245	a ã h i ĩ ɨ ɨ̃ j k m n p ɸ ɾ s ʂ ʃ t ts t̠ʃ u ũ w
2015	ship1255	a aː bβ ɖʐ h i iː ɨ ɨː j k m n p s ʂ ʃ t ts t̠ʃ ʊ ʊː w β
2016	yami1256	a ã h ɪ ɪ̃ j k m n o õ p ɸ s ʂ ʃ t ts t̠ʃ ɯ ɯ̃ ʐ
2017	yawa1260	a h i ɨ j k m n p ɾ s ʂ ʃ t ts t̠ʃ u w β
2018	yora1241	a ã h i ĩ ɨ ɨ̃ j k m n p ɸ ɾ s ʂ ʃ t ts t̠ʃ u ũ
2019	yagu1244	a ã e ẽ h i ĩ ɨ ɨ̃ j k m n o õ p ɾ s t t̠ʃ u ũ w
2020	yame1242	a ã e ẽ i ĩ j k l m n o õ p s ʃ t w
2021	coro1247	a aː h i iː j k l ʎ m n ɲ p q ɾ s ʃ t ts t̠ʃ ʈʂ u uː w
2022	caja1238	a d̠ʒ i j k l m n ɲ p q ɾ s ʂ ʃ t t̠ʃ ʈʂ u w x ʐ
2023	chac1250	a i j k l ʎ m n ɲ p ɾ s ʃ t t̠ʃ ʈʂ u w
2024	cusc1236	a e h i j k kʰ kʼ l ʎ m n ɲ o p pʰ pʼ q qʰ qʼ ɾ s ʃ t tʰ t̠ʃ t̠ʃʰ t̠ʃʼ tʼ u w
2025	lamb1276	a i j k l m n ɲ p q ɾ s ʃ t t̠ʃ ʈʂ u w ʒ
2026	imba1240	a i j k l m n ɲ p ɸ ɾ s ʃ t ts t̠ʃ u w x ʒ
2027	inga1252	a b d ɡ i j k l ʎ m n ɲ p ɾ s ʃ t ts t̠ʃ u w x
2028	jung1240	a i k l ʎ m n ɲ p ɾ s ʃ t t̠ʃ u x
2029	jauj1238	a aː h i iː j k l ʎ m n ɲ p ɾ s ʃ t t̠ʃ ʈʂ u uː w
2030	nort2980	a aː ɡ i iː j k l ʎ m n ɲ ŋ p ɾ s ʃ t t̠ʃ ʈʂ u uː w x χ
2031	nort2980	a aː b ɡ i iː j k l ʎ m n ɲ ŋ p ɾ s ʃ t t̠ʃ ʈʂ u uː w x
2032	ayac1239	a h i k l ʎ m n ɲ p q ɾ s t t̠ʃ u w
2033	nort2976	a h i j k kʰ kʼ l ʎ m n ɲ p pʰ pʼ q qʰ qʼ ɾ s t tʰ t̠ʃ t̠ʃʰ t̠ʃʼ tʼ u w
2034	hual1241	a aː h i iː j k l ʎ m n ɲ p q ɾ s ʃ t t̠ʃ u uː w
2035	nort2979	a aː h i iː j k l ʎ m n ɲ p q ɾ s ʃ t ts t̠ʃ u uː w
2036	sanm1289	a d̠ʒ i j k l m n ɲ p ɾ s ʃ t t̠ʃ u w x
2037	nort2980	a ɡ i j k l ʎ m n ɲ ŋ p ɾ s ʃ t t̠ʃ ʈʂ u w x χ
2038	sant1432	a e ɡ ɢ i j k l m n ɲ o p ɸ q ɾ s ʃ t t̠ʃ u w x ʒ χ
2039	napo1242	a b d ɡ h i j k l ʎ m n ɲ p ɸ ɾ s ʃ t ts t̠ʃ u w
2040	sala1272	a b d ɡ i j k kʰ l m n ɲ p pʰ ɾ s ʃ t tʰ ts t̠ʃ u w x z ʒ
2041	tena1240	a b d dz ɡ i j k l ʎ m n ɲ p q ɾ s ʃ t ts t̠ʃ u w ʒ
2042	piar1243	æ ɑ b d e ɤ h hʷ i ɨ j k kʰ kʷ kʷʼ kʼ m n p pʰ pʼ ɾ s t tʰ tsʼ tʼ u w ʔ
2043	sali1298	a ã b c d e ẽ ɡ ɡʷ h hʷ i ĩ ɟ k kʷ l m n ɲ o õ p ɸ r s t u ũ x
2044	arao1248	a b d d̠ʒ e h i j k kʷ l m n ɲ o p s ʃ t ts t̠ʃ w z
2045	cavi1250	a b c ç cç d e h i j ɟ k kʷ ʎ m n ɲ p ɺ s t ts ʊ w
2046	esee1248	a ɓ̥ ɗ̥ e h i j k kʷ m n ɲ o p s ʃ t t̠ʃ w x ʔ
2047	esee1248	a ɓ ɗ e h i j k kʷ m n ɲ o p s ʃ t ts t̠ʃ w x ʔ
2048	reye1240	a ð e h i j k kʷ l m mb n ɳɖʐ p ɾ s ʃ t t̠ʃ ʈʂ ʊ w
2049	taca1256	a b d ð ɖ e h i j k kʷ m n p ɾ ʂ ʃ t t̠ʃ ʈʂ u w
2050	bara1380	a b c d e ɡ h i ɨ ɟ k o p ɾ t u w
2051	cube1242	a b d ð̞ e h i ɨ j k o p ɾ t t̠ʃ u w
2052	desa1247	a b d e ɡ h i j k o p ɽ ɾ s t u ʉ w
2053	guan1269	a ã b d e ẽ ɡ h i ĩ ɨ ɨ̃ j k kʰ o õ p pʰ ɾ s t tʰ t̠ʃ u ũ w ʔ
2054	cara1272	a ã b d e ẽ ɡ h i ĩ ɨ ɨ̃ j k o õ p ɾ s t u ũ w
2055	kore1283	a ã d̠ʒ e ẽ h i ĩ ɨ ɨ̃ k kʰ m m̥ n ɲ ɲ̥ o õ p pʰ ɸ ɾ s t tʰ u ũ ʔ β
2056	macu1260	a ã b d e ẽ ɡ h i ĩ ɨ ɨ̃ j k o õ ɾ s t u ũ w
2057	orej1242	a b d d̠ʒ e ɡ ɡʷ h i ɨ j k kʷ o p s t t̠ʃ u w
2058	pira1254	a ã b d e ẽ ɡ h i ĩ ɨ ɨ̃ j k o õ p ɾ s t u ũ w ʔ
2059	seco1241	a ã d e ẽ h i ĩ ɨ ɨ̃ j k kʷ m n o õ p s t t̠ʃ u ũ w z ʔ
2060	sion1247	a ã b d e ẽ ɡ ɡʷ h hʷ i ĩ ɨ ɨ̃ j k kʷ m n o õ p s t t̠ʃ u ũ w z ʔ
2061	siri1274	a ã b d e ẽ ɡ h i ĩ ɨ ɨ̃ j k o õ p ɾ s t u ũ w
2062	tani1257	a ã b d e ẽ h i ĩ j k o õ p ɾ s t u ũ w ʔ
2063	tatu1247	a b c d e ɡ h i ɨ j k o p ɾ t u w
2064	tuca1252	a ã b d e ẽ ɡ h i ĩ ɨ ɨ̃ j k kʰ o õ p pʰ ɾ s t tʰ u ũ w ʔ
2065	tuyu1244	a ã b d e ẽ ɡ h i ĩ ɨ ɨ̃ j k o õ p ɾ s t u ũ w
2066	waim1255	a ã b d e ẽ ɡ h i ĩ ɨ ɨ̃ j k o õ p ɾ t u ũ w
2067	yuru1263	a b d e ɡ h i ɨ j k o p ɾ s t u w
2068	ache1246	a ã b d d̠ʒ e ẽ ɡ i ĩ ɨ ɨ̃ j k m mb n nd n̠d̠ʒ ɲ ŋɡ o õ p ɸ ɾ t t̠ʃ u ũ v w ʔ β
2069	akun1241	a ã ɛ ɛ̃ i ĩ ɨ ɨ̃ j k kʷ m n ŋ ɔ p ɾ t u ũ w ʔ
2070	amun1246	a ã e ẽ h i ĩ ɨ ɨ̃ k kʷ m n ɲ ŋ ŋʷ o õ p ɾ t t̠ʃ u ũ ʔ β
2071	apia1248	a ã e ẽ h i ĩ ɨ j k m n ŋ o p ɾ s t u ũ w ʔ
2072	araw1273	a d e ẽ h i ĩ ɨ ɨ̃ j k m n o õ p ɾ t t̠ʃ w ʔ
2073	xing1248	a ã d̠ʒ ɛ ɛ̃ h i ĩ ɨ j k kʷ m n ŋ o õ p ɸ ɾ t t̠ʃ u ũ w ʔ β
2074	toca1235	a e h i ɨ k kʷ m n ŋ o p s t w ʔ
2075	avac1239	a ã e ẽ i ĩ ɨ ɨ̃ j k kʷ m n ŋ o õ p ɾ ʁ t t̠ʃ u ũ w
2076	awet1244	a ã ɛ ɛ̃ ɣ i ĩ ɨ ɨ̃ j k l m n ŋ ɔ ɔ̃ p ɾ t ts u ũ w ʐ ʔ
2077	east2555	a ã e ẽ i ĩ ɨ ɨ̃ ʝ k kʷ m n ŋ o õ p ɾ s t t̠ʃ u ũ β
2078	east2555	a ã e ẽ ɡʷ i ĩ ɨ ɨ̃ ʝ k kʷ mb nd ŋɡ o õ p ɾ s t u ũ β
2079	emer1243	a ã b d d̠ʒ e ẽ ə ə̃ ɡ h i ĩ ɨ ɨ̃ j k kʷ o õ p ɾ s t t̠ʃ u ũ w z ʔ
2080	gavi1246	a ã b cç d dz e ẽ ɡ i ĩ ɨ ɨ̃ j ɟʝ k l m n ɲ ŋ o õ p ɾ t ts ʔ β
2081	guaj1256	a ã e ẽ h i ĩ ɨ ɨ̃ j k kʷ m n o õ p ɾ t t̠ʃ u ũ w ʔ
2082	guaj1255	a ə ɛ h i ɨ j k kʷ m n ŋ ŋʷ ɔ p ɾ t ts u w z ʔ
2083	mbya1239	a ã e ẽ h i ĩ ɨ ɨ̃ k kʷ m n ɲ ŋ ŋʷ o õ p ɾ t t̠ʃ u ũ w ʔ
2084	para1311	a ã d̠ʒ e ẽ ɣ ɣʷ i ĩ ɨ ɨ̃ k kʷ l mb nd ŋɡ ŋɡʷ o õ p ɾ s ʃ t u ũ ʋ x ʔ
2085	guar1292	a ã e ẽ ɡʷ i ĩ ɨ ɨ̃ j k kʷ m n ɲ o õ p ɾ s t t̠ʃ u ũ ʔ β
2086	juma1249	a ã e ẽ ɡ h i ĩ ɨ ɨ̃ j k m n ŋ o õ p ɾ t u ũ w ʔ
2087	juru1256	a ã b d d̠ʒ e ẽ h i ĩ ɨ ɨ̃ j k ɬ m n p ɾ s ʃ t t̠ʃ u ũ w z ʔ
2088	urub1250	a ã e ẽ h i ĩ ɨ j k kʷ m n ŋ ŋʷ o õ p ɾ s ʃ t u ũ w ʔ
2089	kaiw1246	a ã d̠ʒ e ẽ h i ĩ ɨ ɨ̃ j k m ŋ ŋʷ o õ p ɾ s ʃ t u ũ w ʔ
2090	kama1373	a ã e ẽ h hʷ i ĩ ɨ ɨ̃ j k kʷ m n ŋ o õ p ɾ t ts u ũ w ʔ
2091	kari1311	a ã aː ãː e ẽ eː ẽː h i ĩ iː ĩː ɨ ɨ̃ ɨː ɨ̃ː k m n ɲ ŋ o õ oː õː p ɾ s t w
2092	karo1306	a ã b c e ẽ ə ɡ h i ĩ ɨ j k m n ŋ o õ p ɾ t u w ʔ
2093	kaya1329	a ã e ẽ ɡ i ĩ ɨ ɨ̃ j k kʷ m n ŋ o õ p ɸ ɾ s t u ũ w ʔ
2094	kuru1309	a ã b d ð d̠ʒ e ẽ h i ĩ ɨ j k m n ŋ o õ ɔ p ɾ s ʃ t t̠ʃ w ʔ
2095	maku1278	a ã e ẽ i ĩ ɨ ɨ̃ j k m n ŋ o õ p ɾ t t̠ʃ w
2096	mund1330	a ã a̰ ã̰ b d d̠ʒ e ẽ ḛ ḛ̃ ə ə̃ ə̰ ə̰̃ h i ĩ ḭ ḭ̃ j k m n ŋ o õ o̰ õ̰ p ɾ s ʃ t t̠ʃ w ʔ
2097	nhen1239	a b c e ɡ i j j̃ k kʷ m mb n nd ŋɡ p ɾ s ʃ t u w ʔ
2098	omag1248	a i ɪ ɨ j k kʷ m n p ɾ s ʃ t ts t̠ʃ u w
2099	pait1247	a ã e ẽ h i ĩ ɨ ɨ̃ k kʷ m n ɲ ŋ ŋʷ o õ p ɾ s ʃ t u ũ w ʔ
2100	para1312	a e h i ɨ k kʷ m n ŋ o p ɾ t t̠ʃ ʔ β
2101	saki1248	a ã e ẽ ɡ h i ĩ ɨ ɨ̃ j k kʷ m n ɲ ŋ ŋʷ p ɾ s t ts u ũ β
2102	sate1243	a ã aː e ẽ eː h i ĩ iː ɨ ɨː j k m n ŋ o p ɾ s t u ũ uː w ʔ
2103	suru1262	a ã b d d̠ʒ e ẽ ɡ i ĩ ɨ ɨ̃ j k l m n ɲ ŋ o õ p ɾ s ʃ t t̠ʃ w ʔ
2104	tapi1253	a ã d̠ʒ e ẽ h i ĩ ɨ ɨ̃ k kʷ mb nd ŋɡ o õ p ɾ s ʃ t t̠ʃ u ũ w ʔ
2105	tapi1254	a ã e ẽ h i ĩ ɨ ɨ̃ j k kʷ m n ŋ o õ p ɾ t t̠ʃ w ʔ
2106	temb1276	a d e ə h i ɨ k kʷ m n ŋ ŋʷ o p ɾ s t u w ʔ
2107	tenh1241	a ã e ẽ h i ĩ ɨ ɨ̃ k kʷ m n ɲ ŋ ŋʷ o õ p ɾ t t̠ʃ u ũ ʔ β
2108	tupa1250	a ã aː b e ẽ eː h i ĩ iː ɨ ɨ̃ ɨː j k m n ŋ o õ oː p ɾ s t t̠ʃ w ʔ
2109	tupi1273	a ã b e ẽ i ĩ ɨ ɨ̃ j k m n ɲ o õ p ɾ s ʃ t u ũ w ʔ
2110	urue1240	a ã e ẽ h i ĩ ɨ ɨ̃ k kʷ m n ɲ ŋ ŋʷ o õ p ɾ t t̠ʃ u ũ ʔ β
2111	waya1270	a ã e ẽ h i ĩ ɨ ɨ̃ j k kʷ m n ŋ ŋʷ o p ɾ s t u ũ w ʔ
2112	waya1270	a ã e ẽ i ĩ ɨ ɨ̃ j k kʷ m n ŋ ŋʷ o õ p ɾ s t u ũ w ʔ β
2113	xeta1241	a ã d̠ʒ e ẽ h i ĩ ɨ ɨ̃ j k m n ŋ o õ p ɾ t t̠ʃ u w ʔ
2114	xipa1240	a ã b d e h i ĩ ɨ ɨ̃ j k l m n p s ʃ t u ũ w z
2115	zoee1240	a ã b d e ẽ ɡ h i ĩ ɨ ɨ̃ j k kʷ ɔ ɔ̃ p ɾ s t t̠ʃ u ũ w ʔ
2116	siri1273	a ã b e ẽ h i ĩ ɨ ɨ̃ j k kʲ kʷ m n n̥ ɲ ŋ o õ p ɾ s ʃ t t̠ʃ u ũ w
2117	yuqu1240	a ã aː ãː b d e ẽ eː ẽː ɡ ɡʷ i ĩ iː ĩː ʝ k kʲ kʷ m n ɲ o õ oː õː p ɾ s t t̠ʃ u ũ uː ũː x xʲ xʷ ʔ
2118	aika1237	a ã b d ð̞ e ẽ i ĩ j k m n ɲ o p ɾ t ts tx u ũ w y ʔ
2119	mato1253	a ã b d d̠ʒ e ẽ ɛ f ɡ i ĩ ɨ ɨ̃ j k m n ɲ ŋ o õ ɔ p ɾ s ʃ t t̠ʃ u ũ w x
2120	yuwa1244	a ã b c d e ẽ ə̃ː ɘ h ʰc ʰk ʰkʷ ʰt ʱb ʱd ʱj ʱɟ ʱɾ ʱw i ĩ ɨ ɨ̃ j ɟ k kʷ o õ ɾ t u ũ w
2121	kano1245	a ã æ æ̃ e ẽ i ĩ ɨ ɨ̃ j k m n ɲ o õ p ɾ t ts u ũ w x β
2122	kari1255	a b d dz e ɡ h i ɨ k l m n ɲ o œ p ɾ t ts u
2123	kunz1244	a aː b e eː ɣ h i iː j k kʼ l m n o oː p pʼ q qʼ ɾ s t ts t̠ʃ t̠ʃʼ tʼ u uː x ʔ χ
2124	kwaz1243	a ã ɓ c cç ɗ e ẽ ɛ ɛ̃ h i ĩ ɨ ɨ̃ j k l m n ɲ o õ p ɾ s ʃ t ts u ũ ʉ ʉ̃ w ʔ
2125	pume1238	a ã b d d̠ʒ e ɛ ɛ̃ ɤ ɡ ɣ h i ĩ j k kʰ m n ɲ ŋ o ɔ ɔ̃ p pʰ ɾ ɾ̃ t tʰ t̠ʃ t̠ʃʰ u ũ ɯ ɯ̃ ʔ β
2126	chip1262	a aː e eː i iː j k kʰ kʷ kʼ l ɬ ʎ m n ɲ ŋ o oː p pʰ pʼ q qʰ qʷ qʼ ɾ s s̪ ʂ ʃ t tʰ ts tsʰ tsʼ t̠ʃ t̠ʃʰ t̠ʃʼ tʼ ʈʂ ʈʂʰ ʈʂʼ u uː w x xʷ χ χʷ
2127	uruu1244	a aː b c e eː i iː j k kʷ kʼ ʎ m n ɲ o oː p pʼ q qʼ ɾ s ʃ t t̠ʃ t̠ʃʼ tʼ u uː w x
2128	mini1256	a b d d̠ʒ e ɡ i ɨ k m n ɲ ŋ o p ɸ ɾ s t t̠ʃ u x ʔ β
2129	muru1274	a b c d e ɡ i ɨ ɟ k m n ɲ o ɸ ɾ t u β θ
2130	nonu1241	a b d dz d̠ʒ e ɡ h i ɨ k m n ɲ o p ɸ ɾ ʃ t tʲ ts t̠ʃ u ʔ β
2131	ocai1244	a ã b dʲ dz d̠ʒ e ɡ h i ĩ ɨ ɨ̃ k m mː n nː ɲ ɲː o õ p ɸ ɾ s ʃ t tʲ ts t̠ʃ x ʒ ʔ β
2132	nina1238	a e ə h i k m n o p ɾ s ʃ t tʰ ts ɯ w
2133	sanu1240	a ã e ẽ ə h i ĩ ɨ ɨ̃ k l m n o õ p s t tʰ ts u ũ w
2134	yano1262	a e ə f h i ɨ j k m n o p ɾ s ʃ t tʰ u w
2135	yano1261	a e ə h i ɨ j k m n o p ɾ s ʃ t tʰ u w
2136	cham1315	a ã ɑ b d d̠ʒ e ẽ ə ɡ ɣ h i ĩ ɪ ɪ̃ ɨ ɨ̃ k l m n ɔ ɔ̃ p r ɹ s ʃ t t̠ʃ u ũ w z ʒ ʔ
2137	ayor1240	a ã b d e ẽ ɡ h i ĩ j k m m̥ n n̥ ɲ ɲ̥ ŋ o õ p ɾ s t t̠ʃ u ũ w ʔ
2138	ando1255	a aː h i iː ɨ ɨː j k kʷ m n o oː p ɾ s ʃ t ts t̠ʃ u uː w ʔ
2139	arab1268	a aː h hʲ hʷ i iː ɪ ɪː j k kʲ kʷ m mʲ n nʲ o oː p ɾ ɾʲ s ʃ t tʲ u uː w
2140	iqui1243	a aː h i iː ɨ ɨː j k kʷ m n p ɾ s t u uː w
2141	zapa1253	a aː h i iː ɨ ɨː j k kʷ m n p ɾ s ʃ t ts u uː w ʔ
2142	chir1286	a ã d̠ʒ ɛ ɛ̃ ɡ ɡʷ i ĩ ɨ ɨ̃ j k kʷ mb nd ŋɡ ɔ ɔ̃ p ɾ t ts t̠ʃ u ũ ɰ w ʔ
2143	pisa1245	a b d e ɡ h i ɨ ʝ k o p t t̠ʃ u ɰ β
2144	qawa1238	a æ e f h i j k kʼ l ɬ n o p pʼ q ɾ s t t̠ʃ t̠ʃʼ tʼ u w
2145	cent2142	a ç h i j k kʰ kʼ l ʎ m n ɲ ŋ p pʰ pʼ q qʰ qʼ ɾ s t tʰ t̠ʃ t̠ʃʰ t̠ʃʼ tʼ u v w
2146	yano1262	a ã aː e ẽ eː ə ə̃ əː h i iː ĩː ɨ ɨ̃ ɨː j k m n o õ oː p ɾ s ʃ t tʰ u ũ uː w
2147	yano1262	a ã aː e ẽ eː ə ə̃ əː h hʷ i iː ĩː ɨ ɨ̃ ɨː j k m n o õ oː p ɾ s ʃ t tʰ u ũ uː w
2148	sanu1240	a ã aː e ẽ eː ə ə̃ əː h i iː ĩː ɨ ɨ̃ ɨː k l m n o õ oː p s t tʰ u ũ uː w
2149	yano1261	a ã aː e ẽ eː ə ə̃ əː h i iː ĩː ɨ ɨ̃ ɨː j k m n o õ oː p ɾ s ʃ t u ũ uː w
2150	yano1262	a ã aː e ẽ eː ə ə̃ əː h i iː ĩː k m n ɲ o õ oː p ɾ t t̠ʃ u ũ uː w x
2151	yano1261	a ã aː e ẽ eː ə ə̃ əː h i iː ĩː ɨ ɨ̃ ɨː j k m n o õ oː p ɾ s ʃ t tʰ u ũ uː w
2152	paca1246	a h i ɨ j k m n o p ɾ s ʂ ʃ t ts t̠ʃ w ʔ β
2153	yukp1241	a d ɛ ɣ h i ɨ j k m n ɲ ɔ p ɾ ʃ t t̠ʃ u w β
2154	yukp1241	a e i ɨ j k m n o p ɾ s ʃ t t̠ʃ u ʋ ʔ
2155	trin1274	a aː æ æː c ç e eː i iː j k m n ɲ o oː p ɾ s t tʲ ts t̠ʃ u uː w x ʔ β
2156	amha1245	a b bː bʷ bʷː d dː d̠ʒ d̠ʒː e ə f fː fʷ fʷː ɡ ɡː ɡʷ ɡʷː h hː i ɨ j jː k kː kʷ kʷː kʷʼ kʷʼː l lː m mː mʷ mʷː n nː ɲ ŋ ŋː o p pʷʼ pʼ pʼː r rː s sː ʃ ʃː t tː t̠ʃ t̠ʃː t̠ʃʼ t̠ʃʼː tʼ tʼː u w wː z zː ʒ ʒː
2157	stan1318	a aː ai au b d̪ ð̪ d̪ʒ d̙ˤ ð̪̙ˤ f ɣ h ħ i ii̯ j kʰ l lˤ m n̪ q r s s̙ˤ ʃ t̪ʰ t̪̙ˤ u uu̯ w xʀ̥ z ʔ ʕ̙ θ̪
2158	east2379	a bm dn d̪n̪ ɖɳ ə i j k kŋ l l̪ lʲ ɭ m n n̪ ɳ ȵ ŋ p ɻ ɾ t t̪ tʲ ʈ ȶȵ u ɰ w
2159	assa1263	ɑ ɑ̃ b b̤ d d̤ ə ɛ ɡ ɡ̤ h i j k kʰ l m n ŋ o ɔ p pʰ ɹ s t tʰ u ʊ ʊ̃ w x z
2160	bard1255	a aː c̻ i iː j j̻ k l ɭ̺ ʎ̻ m n ɲ̻ ɳ̺ ŋ o p r ɻ̺ t ʈ̺ u uː w
2161	basq1248	˧˥ ˧˩ a ai̯ au̯ b c d̪ e ei̯ eu̯ f ɡ i j k l ʎ m n ɲ o oi̯ p r ɾ s̺ s̪̻ ʃ t̪ t̺s̺ t̪̻s̪̻ t̠ʃ u x
2162	beng1280	a ae ai ao au b bː bʱ bʱː d d̪ dː d̪ː dʱ d̪ʱ d̪ʱː dʑ dʑː dʑʱ dʑʱː e ei eu ɛ ɛe ɛo f ɡ ɡː ɡʱ h i iu k kː kʰ kʰː l lː m mː n nː ŋ o oe oi oo ou ɔ ɔe ɔo p pː ɹ s ʃ ʃː t t̪ tː t̪ː tɕ tɕː tɕʰ tɕʰː tʰ t̪ʰ tʰː t̪ʰː u ui
2163	bulg1262	a ɐ b d̟ d̟z̟ d̟ʒ̟ ɛ f ɡ ɣ i j k l̟ m n o ɔ p r̟ s̟ ʃ t̟ t̟s̟ t̟ʃ̟ u v x z̟ ʒ
2164	nucl1310	˦ ˦̰ ˦ˀ ˨ a ã aɪ aɪ̃ aʊ aʊ̃ b d d̪ð̪ d̠ʒ e eɪ eɪ̃ ə ɛ ɡ h i ĩ j k kʰ l ɬl m m̥m n n̥n ɲ ɲ̥ɲ̥ ŋ ŋ̊ŋ o oʊ oʊ̃ ɔ p pʰ s sʰ ʃ t tʰ t̠ʃ t̠ʃʰ t̪θ̪ u ũ w ʍw z ʔ
2165	hakk1236	˥˩ ˦ ˧ ˧˩ ˨ ä äi äu̽ c ç cʰ e̞ e̞u ə f h i i̞ä iäu̽ i̞e̞ iɔ̽ iu j k kʰ kʷ kʷʰ l m m̩ n n̩ ɲ ŋ ɔ̽ ɔ̽i p pʰ ɹ̩ s t tʰ ts tsʰ u u̽i ʋ
2166	yuec1235	˦ ˧ ˧˥ ˧˩ ˨ ˩˧ a̞ aːĭ aːŭ ɐ ɐi ɐu ei ɛ f h i iːŭ ɪ̞ j k kʰ kʷ kʷʰ l m n ŋ œ̞ ou ɔ̽ ɔːĭ ɵ ɵy p pʰ r s t tʰ ts tsʰ u uːĭ ʊ̟ w y β
2167	dani1285	a æ æu̯ æʌ̯ ɑ ɑi̯ ɑu̯ ɒ ɒu̯ b̥ b̥ʰ ɕ d̥ ð̞ d̥z̥ e eu̯ eʌ̯ ɛ ɛu̯ f ɡ̊ ɡ̊ʰ h i i̯a i̯æ i̯ɑ i̯ɒ i̯e i̯ɛ i̯o i̯ø i̯œ i̯œ̞ i̯ɔ iu̯ i̯u iʌ̯ i̯ʌ i̯y j l m n ŋ o ø œ œ̞ œi̯ œu̯ œ̞ʌ̯ øu̯ oʌ̯ øʌ̯ ɔ r ʁ̞ s u ui̯ uʌ̯ ʋ ʌ w y yu̯ yʌ̯
2168	sout2832	˥˩ ˦ ˧˥ ˨ a a̤ aː a̤ː aˑ a̤ˑ b c d d̪ e e̤ eː e̤ː eˑ e̤ˑ ɛ ɛ̤ ɛː ɛ̤ː ɛˑ ɛ̤ˑ ɡ i i̤ iː i̤ː iˑ i̤ˑ j ɟ k l m n n̪ ɲ ŋ o o̤ oː o̤ː oˑ o̤ˑ ɔ ɔ̤ ɔː ɔ̤ː ɔˑ ɔ̤ˑ p r t t̪ ṳ ṳː ṳˑ ɰ w
2169	dutc1256	aː ɑ b d eː ɛ ɛi f ɣ ɦ i ɪ j k l m n ŋ oː øː œy ɔ ɔu p r s ʃ t u v w x yː ʏ z ʒ ʔ
2170	dutc1256	˨ aː æ æ̃ː aɪ ɑ ɑː ɑ̃ː b d d̠ʒ eː eɪ ə ɛ ɛː f ɡ ɣ h i iː ɪ ɪə j k l m n ŋ ø oː øː œ œː œ̃ː øɪ ou ɔ ɔː ɔ̃ː ɔɪ p r s ʃ t u uː uɪ v x y yː z β̞
2171	dutc1256	˦ aː æ ɑ ɒː b c̠ d eː ə ɛ ɛː ɛi f ɡ ɣ ɦ i iː ɪ j k l m n ɲ̠ ŋ oː øː œ œː œy ɔ ɔu p ʀʁ s ʃ t u uː ʊ v x y yː ʏ z ʒ ʔ β̞
2172	dutc1256	aː æ æː ɑ ɑː b c d eə ə ɛ ɛː ɛi f ɣ h i iː iə ɪ j ɟ k l m n ŋ œ œː œy oə øə ɔ ɔː p ʀʁ s ʃ t u uː uə ʊ v ʌu x y yː yə ʏ z ʒ ʔ β̞
2173	dutc1256	aː æ æː ɑ ɑː ɑu ɑuː b d eː ə ɛ ɛː ɛi ɛiː f ɣ ɦ i iː iːə ɪ j k l m n ŋ oː øː oːə œ œː œy œyː ɔ ɔː ɔːə ɔu ɔuː p ʀ s ʃ t u uː uːə v x y yː yːə ʏ z ʒ ʔ β̞
2174	dutc1256	a aː aɪ aʊ ɒ ɒː b d eː eə ei ə əʊ ɛ ɛː ɛə ɛɪ ɞʊ f ɣ h iː iə ɪ j k kʲ l m n ŋ o oː øː œ œː œʏ øy ɔ p pʲ r s ʃ t tʲ uː uɪ ʊ v x y yː ʏ z ʒ β̞
2175	stan1293	æ aɪ aʊ ɑ b d ð d̠ʒ eɪ̯ ə ɛ ɚː f ɡ h iɪ ɪ j kʰ l m n ŋ oʊ ɔɪ pʰ ɹ s ʃ tʰ t̠ʃ uː ʊ v ʌ w z ʒ θ
2176	stan1293	æ aɪ aʊ ɑ b d ð d̠ʒ ei ɛ ɚ f ɡ h i ɪ j kʰ l m n ŋ oʊ ɔ ɔɪ pʰ ɹ s ʃ tʰ t̠ʃ u ʊ v ʌ w z ʒ θ
2177	stan1293	æ æɪ æɔ ɐ ɐː ɑe b d ð d̠ʒ e eː əʉ ɜː f ɡ h iː ɪ ɪə j k kʰ l m n ŋ oː oɪ ɔ pʰ ɹ s ʃ tʰ t̠ʃ ʉː ʊ ʊə v w z ʒ θ
2178	stan1293	˦ a aɪ aʊ ɑː ɒ b d ð d̠ʒ eː eɪ ə ɛ ɛʉ f ɡ h iː ɪ j kʰ l m n ŋ ɔː ɔɪ pʰ ɹ s ʃ tʰ t̠ʃ ʉː ʊ v w z ʒ θ
2179	stan1293	æe æo ɐ ɐː ɐʉ ɑe ɒ ɒɯ b d ð d̠ʒ e eə ɛ ɘ f ɡ h i iː iə j kx l m n ŋ oː oe ɵː pʰ ɹ s ʃ ts t̠ʃ ʉː ʉə ʊ v w z ʒ θ
2180	stan1293	a aː ɒ ɒː b d ð d̠ʒ eː ə ɛ ɛː f ɡ h iː ɪ j k l m n ŋ oː øː ɔː pʰ ɹ s ʃ tʰ t̠ʃ uː ʊ v w z ʒ θ
2181	esto1258	æ ɑ e ɤ f fː fˑ h i j k kː kˑ l lː lˑ lʲ lʲː lʲˑ m mː mˑ n nː nˑ nʲ nʲː nʲˑ o ø p pː pˑ r rː rˑ s sː sˑ sʲ sʲː sʲˑ ʃ ʃː ʃˑ t tː tˑ tʲ tʲː tʲˑ u v y
2182	stan1290	a ɑ ɑ̃ b d̪ e ə ɛ ɛ̃ f ɡ i j k l̪ m n ɲ ŋ o ø œ ɔ ɔ̃ p ʁ s̪ ʃ t̪ u ɥ v w y z̪ ʒ
2183	nucl1302	ɑ b d̪ dz d̠ʒ ɛ ɡ ɣ h i kʰ kʼ l m n ɔ pʰ pʼ qʼ ɾ s ʃ t̪ʰ ts tsʼ t̠ʃ t̠ʃʼ t̪ʼ u v x z ʒ
2184	stan1295	a aː aɪ aʊ b d e ə ɛ ɛː f ɡ h iː ɪ j kʰ l m n ŋ oː øː œ ɔ ɔɪ pʰ ʁ s ʃ tʰ uː ʊ v x y ʏː z ʒ ʔ
2185	swis1247	æ æː æi̯ æu̯ ɒ ɒː e eː ei̯ ə ɛ ɛː f f͉ h i iː iə̯ j k k͉ kx l m n ŋ o ø oː øː œ œː oi̯ ou̯ p p͉ pf r s s͉ ʃ ʃ͉ t t͉ ts t̠ʃ u uː uə̯ ʋ x x͉ y yː yə̯ ʔ
2186	mode1248	ɐ ð ðː ɛ f fː ɣ ɣː i k kʰː l lː m mː n̪ n̪ː ɔ p pʰː rː ɾ s sː ʃ ʃː t̪ t̪ʰː t̠ʃ t̠ʃʰː u v vː x xː z zː ʒ ʒː θ θː
2187	mode1248	ɐ b d̪ ð ɛ f ɡ ɣ i k l m n̪ o p ɾ s t̪ u v x z θ
2188	haus1257	˥ ˥˩ ˦ ˨ aː b ɓ d d̠ʒ ɗ e eː ə ɡ ɡʲ ɡʷ h i iː j k kʲ kʲʼ kʷ kʷʼ kʼ l m n o oː ɸ r ɽ s ʃ t tsʼ t̠ʃ t̠ʃʼ u uː w z ʔ ʔʲ
2189	hebr1245	a b d e f ɡ h ħ i j k l m n o p r s ʃ t u v z ʒ ʔ ʕ χ
2190	hind1269	æ ɑ b b̤ bː d̪ d̪̤ d̪ː d̪̤ː d̠ʒ d̤ʒ̤ d̠ʒː d̤ʒ̤ː ɖ ɖ̤ ɖː ɖ̤ː e ə ɛ f fː ɡ ɡ̤ ɡː ɡ̤ː h i ɪ j k kː kʰ kʰː l lː m mː n nː ŋ ŋː o ɔ p pː pʰ pʰː rː ɽ ɽ̤ ɾ s sː ʃ ʃː t̪ t̪ː t̪ʰ t̪ʰː t̠ʃ t̠ʃː t̠ʃʰ t̠ʃʰː ʈ ʈː ʈʰ ʈʰː u ʊ ʋ ʋː z zː
2191	hung1274	aː ɑ b bː cç cçː d̪ d̪ː d̻z̻ d̻z̻ː d̠ʒ d̠ʒː eː ɛ f fː ɡ ɡː h hː i iː j jː ɟʝ ɟʝː k kː l̪ l̪ː m mː n̪ n̪ː ɲ ɲː o ø oː øː p pː r̪ r̪ː s̻ s̻ː ʃ ʃː t̪ t̪ː t̻s̻ t̻s̻ː t̠ʃ t̠ʃː u uː v vː y yː z̻ z̻ː ʒ ʒː
2192	nucl1417	˦ ˨ ↓˦ a b d̪ d̠ʒ e f ɡ ɡb ɣ ɦ i i̠ j k kp l m n ɲ ŋ o o̠ p ɹ s ʃ t̪ t̠ʃ u u̠ w z
2193	iris1253	a æː au bˠ bʲ ç cʰ ɕ d̪ˠ d̠z̠ʲ eː ə ɛ ɤ fˠ fʲ ɡ ɣ h iː ia ɪ j ɟʝ kʰ l l̪ˠ l̠ʲ mˠ mʲ n n̪ˠ n̠ʲ ɲ ŋ oː ɔː pˠʰ pʲʰ ɾˠ ɾʲ sˠ t̪ˠʰ t̠s̠ʲʰ uː ua vʲ ʌ w x
2194	ladi1251	a ai̯ b d̻ d̠ʒ e ei̯ f ɡ i ia ie io j k l m n o oi̯ p r s ʃ t̻ t̠ʃ u ua ue ui̯ v x z ʒ
2195	ital1282	a ai̯ au̯ b bː d̪ d̪ː d̪z̪ː d̠ʒ d̠ʒː e ei̯ eu̯ ɛ ɛi̯ ɛu̯ f fː ɡ ɡː i ia ie iɛ io iɔ iu j k kː l lː ʎː m mː n nː ɲː o oi̯ ɔ ɔi̯ p pː r rː s̪ s̪ː ʃː t̪ t̪ː t̪s̪ː t̠ʃ t̠ʃː u ua ue uɛ ui ui̯ uie uiɛ uo uɔ v vː w yia z̪ ʒ
2196	nucl1643	a b d d̠ e ɡ h i j k m n ɴ o p s t ts u w z
2197	kore1280	a aː e eː əː ɛ ɛː h i iː ia ie iɛ io iu iʌ k k͉ kʰ l lː m n ŋ o oː p p͉ pʰ s s͉ t t͉ tɕ t͉ɕ͉ tɕʰ tʰ u uː ua ue uɛ ui uʌ ɯ ɯː ɯi ʌ
2198	kuna1268	˦ ˧ ˨ ɑ ɑi ɑu b d̪ d̠ʒ e f ɡ ɡʷ h i j k kʷ l ʎ m n ɲ ŋ o oi r s ʃ t̪ t̠ʃ u z β̞
2199	ersu1241	˥˩ ˩˧ æ ɐ b ɕ d dz dʑ d̠ʒ e ə ɡ ɣ h i j k kʰ l ɬ m mb mpʰ n nd ndz n̠d̠ʒ ntʰ ntsʰ n̠t̠ʃʰ ɴqʰ ɲ ɲ̟dʑ ɲ̟tɕʰ ŋ̩ ŋɡ o p pʰ q qʰ ɹ s ʃ t tɕ tɕʰ tʰ ts tsʰ t̠ʃ t̠ʃʰ u x y z ʑ ʒ ʔ β̞
2200	luxe1241	aː æ æːɪ æːʊ ɐ ɑ ɑɪ ɑʊ e eː ə əʊ ɛː ɜɪ f h i iː iə j k͉ kʰ l m n ŋ o oː p͉ pʰ ʀ ʁ s ʃ t͉ tʰ ts t̠ʃ u uː uə v w z ʒ χ
2201	besi1244	ɑ ɑ̃ ɑ̤ b d̺ dʑ e ẽ e̤ ə ə̠̃ ə̤ ɛ ɛ̃ ɛ̤ ɡ h i ĩ i̤ ɨ̞ j k kʰ l l̥ m m̥ n n̥ ɲ ɲ̊ ŋ ŋ̊ o õ o̤ ɔ ɔ̃ ɔ̤ p pʰ ɾ s t̻ tɕ tɕʰ t̻ʰ u ũ ṳ ɯ ɯ̃ ɯ̤ ɰ w ʍ ʔ
2202	mafe1237	ɑ ɖ e i k l lː m m̼ mː n nː ŋ o p p̼ r rː s t u ɰ v v̼
2203	nara1262	˦ ˦˦˨ ˦˨˨ ˨ ˨˦˦ ˨˨˦ ɑ ɑː b bː ɕ̟ ɕ̟ː d̪ d̪ː d̟ːʑ̟ d̟ʑ̟ e eː f fː ɡ ɡː ɡʷ h hː i iː j jː k kː kʷ l lː m mː mb n̪ n̪ː n̪d̪ ɲ ɳɡ ɳɡʷ ŋ o oː rː ɾ s sː t̪ t̪ː t̟ːɕ̟ t̟ɕ̟ u uː w wː z
2204	nepa1254	a ã ai au b b̤ bː b̤ː d̪ d̪̤ d̪ː d̪̤ː dz d̤z̤ dzː d̤z̤ː ɖ ɖ̤ ɖː ɖ̤ː e ẽ ei eu ɡ ɡ̤ ɡː ɡ̤ː ɦ i ĩ iu k kː kʰ kʰː l lː m mː n nː ŋ ŋː o oi ou p pː pʰ pʰː r rː s sː t̪ t̪ː t̪ʰ t̪ʰː ts tsː tsʰ tsʰː ʈ ʈː ʈʰ ʈʰː u ũ ui ʌ ʌ̃ ʌi ʌu
2205	west2369	æ ɒ b d d̠ʒ e f ɡ ɣ h i j kʰ l m n o pʰ r s ʃ tʰ t̠ʃ u v x z ʒ ʔ
2206	port1283	a ai au̜ ɐ ɐ̃ ɐi ɐ̃i ɐ̃u̜ b d̪ e ẽ eu̜ ɛ ɛi ɛu̜ f ɡ i ĩ iu̜ k l̪ˠ ʎ m n̪ ɲ o õ oi õi ɔ ɔi p ɾ ʁ s ʃ t̪ u ũ ui ũi ɯ v z ʒ
2207	port1283	a aɪ̯ aʊ̯ ɐ̃ɪ̯̃ ɐ̃ʊ̯̃ b d̪ e eɪ̯ ẽɪ̯̃ eʊ̯ ɛ ɛɪ̯ ɛʊ̯ f ɡ ɣ i iʊ̯ k l ʎ m n̪ ɲ o oɪ̯ õɪ̯̃ oʊ̯ ɔ ɔɪ̯ ɔʊ̯ p r ɾ s̪ ʃ t̪ u uɪ̯ ũɪ̯̃ uʊ̯ ʊ̯aɪ̯ ʊ̯ɐ̃ v z ʒ
2208	cent2092	a b bː d dː d̠ːʒ d̠ʒ e ə ɡ ɡː h i j jː k kː l lː m mː n nː ɲ ŋ ŋː o p pː s sː t̪ t̪ː u w ʔ
2209	slov1269	a aː æ b c d dz d̠ʒ ɛ ɛː f ɡ ɦ i̞ i̞ː ɪ̯a ɪ̯ɛ ɪ̯u̞ j ɟ k l lː ʎ m n ɲ ɔ ɔː p r rː s ʃ t ts t̠ʃ u̞ u̞ː ʊ̯ɔ v x z ʒ
2210	stan1288	a ai̯ au̯ b d̻ e ei̯ eu̯ f ɡ i ia ie io iu ɟʝ l ʎ m n ɲ o oi̯ ou̯ p r ɾ s t̻ t̠ʃ u ua ue uei̯ ui u̯o x θ
2211	sumi1235	˦ ˧ ˨ a b d e f ɡ ɣ h i ɨ k kʰ l l̤ m m̤ n n̤ ŋ o p pʰ q qʰ ɹ s ʃ t tʰ ts tsʰ t̠ʃ t̠ʃʰ u v x z ʒ
2212	taus1251	a b d d̠ʒ ɡ h i j k l m n ɲ ŋ p r s t̪ t̠ʃ u w z ʔ
2213	timn1235	˦ ˨ a ai̯ b d e ei̯ ə ɛ ɜ f ɡb h i j k l m n ŋ o oi̯ ɔ ɔi̯ p r s ʃ t t̪ t̠ʃ u ui̯ ʌi̯ w
2214	tera1251	˦ ˧ ˨ a aː ai au b ɓ d d̠ʒ ɗ e eː eu f ɡ ɠ ɣ h i iː ɨ j k l ɬ ɮ m mb n nd n̠d̠ʒ ɲ ŋ ŋɡ o oː oi p r s ʃ t t̠ʃ u uː v w x z ʒ ʔj
2215	thai1261	˥˩ ˦ ˧ ˧˥ ˨ a aː b d e eː ɛ ɛː ɤ ɤː f h i iː ia j k kʰ l m n ŋ o oː ɔ ɔː p pʰ ɾ s t tɕ tɕʰ tʰ u uː ua ɯ ɯː ɯa w ʔ
2216	sanm1298	˦ ˦˧ ˧ ˧˥ ˧˨ ˧˩ ˨ ˩ ˩˧ a cn̠ e ə̃ h i ĩ j jː k kː kʷ kʷː l lː m mː n nː nd ŋɡ ŋɡʷ o p ɾ s̪ ʃ t̪ t̪ː t̪s̪ t̠ʃ t̠ʃː ʈʂ ʈʂː u ũ ʔ β βː
2217	nucl1301	a aː b c d̪ d̠ʒ e eː f ɡ ɣ h i iː j ɟ k l̪ˠ lʲ m n̪ o œ p ɾ s̪ ʃ t̪ t̠ʃ u uː ɯ v y z̪ ʒ
2218	isth1244	˦ ˧˥ ˨ ɑ e i iɑ ḭu j k k͉ l lː m n nː ɲ̟ o p p͉ r ɾ s s͉ ʃ ʃ͉ t t͉ t̠ʃ t̠͉ʃ u w
2219	bukh1238	ɑ b ɕ̟ d̻ dʑ e f ɡ h i j k l m n o ɵ p q ɾ ʁ s t̻ tɕ u v x z ʑ̟
2220	kera1255	a b ɓ d d̠ʒ ɗ e f ɡ h i ɨ j k l m n ŋ o p ɾ s t t̠ʃ u v ⱱ w z ʔ
2221	kumz1235	aː ɐ̟ b d dˠ d̠ʒ eː f ɡ ħ ɦ i̽ iː j k l m n oː p q ɻ ʁ s sˠ ʃ t tˠ t̠ʃ uː ʊ̽ w zˠ ʔ χ
2222	coco1260	a ai au b d d̠ʒ e ə ɡ h i j k l m n ɲ ŋ o p ʁ s t̪ t̠ʃ u w ʔ
2223	stan1306	a b d d̠ʒ e ə f ɡ h i j k l m n ɲ ŋ o p r s ʃ t t̠ʃ u v w x z ʔ
2224	plau1238	a aʊ aʊɪ b ç d e ea eəɪ eɪ eɔ ə əɪ əɪa əʊ əʊɪ ɛ f ɡ ɡʲ ɣ h i ia iəɪ ɪ j kʲ l lʲ m n ɲ ŋ o oa oəɪ ɔ p r s ʃ t ts t̠ʃ ua uɪ ʊ v x y ya z ʒ ʔ
2225	keda1250	a b d d̠ʒ ɡ h i j k l m n ɲ ŋ o p ɾ s t̪ t̠ʃ u w
2226	pitj1243	ɐ ɐː ɐɪ ɐʊ c̻̟ ɪ ɪː j k l ɭ̟ ʎ̻̟ m n ɲ̻̟ ɳ̟ ŋ p r ɻ̟ t ʈ̟ ʊ ʊː w
2227	sout2672	a ɑ ɑː b d d̠ʒ ɖ e eː f ɡ ɣ h i iː j k l ɬ m n ɳ o oː p q r ɽ s ʂ ʃ t t̠ʃ ʈ uː ʊ w x z ʒ
2228	vlax1238	ɑ ɑi b d ð d̠ʒ e ei f ɡ ɣ i j k kʰ l m n o œ oi p pʰ ɾ s ʃ t tʰ t̠ʃ t̠ʃʰ ɯ ʊ ʊi v y z ʒ θ χ
2229	tach1250	a b bː d̪ d̪ː d̪ˤ d̪ˤː f fː ɡ ɡː ɡʷ ɡʷː h hː ʜ ʜː i j jː k kː kʷ kʷː l̪ l̪ː l̪ˤ l̪ˤː m mː n̪ n̪ː n̪ˤ q qː qʷ qʷː r̪ r̪ː r̪ˤ r̪ˤː ʁ ʁː ʁʷ ʁʷː s̪ s̪ː s̪ˤ s̪ˤː ʃ ʃː ʃˤ t̪ t̪ː t̪ˤ t̪ˤː u w wː z̪ z̪ː z̪ˤ z̪ˤː ʒ ʒː ʒˤ ʒˤː ʔ ʕ ʕː χ χː χʷ χʷː
2230	shix1238	˦ ˧˥ ɐ ɐ̃ ɑ ɑ̃ b ɕ d dz dʑ d̠ʒ ɖʐ e ɛ ɛ̃ ɡ ɢ ɣ h ɦ i ĩ j k kʰ l l̥ ʎ̟ ʎ̟̥ m m̥ n n̥ ɲ̟ ɲ̟̥ ŋ ŋ̥ o õ p pʰ q qʰ ɹ ɹ̩ ʁ s ʃ t tɕ tɕʰ tʰ ts tsʰ t̠ʃ t̠ʃʰ ʈʂ ʈʂʰ u ʉ w x z ʑ ʒ
2231	shix1238	˥ ˧˥ ɐ ɐ̃ b ɕ d dz dʑ ɖʐ e ɛ ɛ̃ ɜ ɡ h ɦ i ĩ j k kʰ l l̥ ʎ̟ ʎ̟̥ m m̥ n n̥ nb nd ndz ndʑ nɡ ɲ̟̥ ɳɖʐ ŋ o ɔ ɔ̃ p pʰ q qʰ ɹ ɹ̩ ʁ s ʂ t tɕ tɕʰ tʰ ts tsʰ ʈʂ ʈʂʰ u ũ ʉ w x z ʐ ʑ χ
2232	uppe1400	ae̯ aɵ̯ ɑˤː eː ɛ ɛː ɞ ɞʏ̯ f h i̩ː ɪ j k kʰ l̪ m n̪ ŋ oˤː ɔˤː ɵ ɵː p ʁ̞ s̪ ʃ t̪ ʉː ʊˤː ʋ ʌ ʌː ʌˤː χ
2233	viet1252	˥˩˩˥ ˦ ˦˨ ˦˩˨ ˧˥ ˧˩ ˨ ˩˧ a aː ɗ e ɛ ɛː ɤ ɤː f ɣ h i iə j k l̪ m n̪ ɲ ŋ o ɔ ɔː p s t̪ tɕ t̪ʰ u uə ɯ ɯə v w x z ʔ
2234	pite1240	a aː e ɛ f fː h ʰk ʰkː ʰp ʰpː ʰt ʰtː ʰts ʰtsː ʰt̠ʃ ʰt̠ʃː i j jː k kː l lː m mː n nː ɲ ɲː ŋ ŋː o ɔ p pː r rː s sː ʃ ʃː t tː ts tsː t̠ʃ t̠ʃː u ua v vː
2235	nort2671	a aː b bː d ð dː ðː dz dzː d̠ʒ d̠ʒː e eː f fː ɡ ɡː h ʰk ʰkː ʰp ʰpː ʰt ʰtː ʰts ʰtsː ʰt̠ʃ ʰt̠ʃː i iː j jː k kː l lː ʎ ʎː m mː n nː ɲ ɲː ŋ ŋː o oː p pː r rː s sː ʃ ʃː t tː ts tsː t̠ʃ t̠ʃː u uː ua v vː ˀm ˀmː ˀn ˀnː ˀɲ ˀɲː
2236	belh1239	a b bʱ d dʱ dz dzʱ e ɡ ɡʱ h i ĩ j k kʰ l m n n̩ ŋ o p pʰ r rʱ s t tʰ ts tsʰ u ũ ʌ w ʔ
2237	hunz1247	a ã aː ɑ ɑ̃ ɑː b ç cç cçʼ d ə ə̃ əː ɛ ɛ̃ ɛː ɡ h ħ i ĩ iː ɨ ɨ̃ ɨː ʝ k kʼ l ɬ m n o õ oː p pʼ q qʼ r ʁ s t tɬ tɬː tɬʼ tɬʼː ts tsʼ tʼ tʼː u ũ uː x z ʔ ʕ χ
2238	even1259	a aː b d̪ d̠ʒ eː ə əː ɡ h i iː j k l m n ɲ ŋ o oː p r s t̪ t̠ʃ u uː β
2239	hmon1264	a ã ai̯ au̯ aɯ c ç cʰ e f h i ĩ ɨ j k kʰ l ɬ m mp mpʰ n nt ntʰ nts ntsʰ n̠t̠ʃ n̠t̠ʃʰ ɴq ɴqʰ ɲ ɲc ɲcʰ ɳʈʂ ɳʈʂʰ ŋ ŋk ŋkʰ ɔ p pʰ q qʰ s sʰ ʃ t tʰ ts tsʰ t̠ʃ t̠ʃʰ ʈʂ ʈʂʰ u ũ ua v ʒ ʔ
2240	udmu1245	ɑ b c ɕ d̻ dʑ ɖʐ ɛ̠ ɤ̟̹ f ɡ i j ɟ k ɫ ʎ̟ m n̻ ɲ̟ o̞ p r s̻ ʂ t̻ tɕ t̻s̻ ʈʂ u ɯ̟ v x z̻ ʐ ʑ
2241	east2328	a ð̪̺ e ɣ i ɪ̈ j k l̺ ʎ m n̺ ɲ ŋ o œ p r s ʂ t̪̺ tɕ u y̞ z ʐ β
2242	east2337	a aː e eː ə əː ɣ h j j̊ k kʰ l l̥ m n n̥ ŋ ɔ ɔː ɵ ɵː p pʰ q qʰ r ʁ s ʃ t tʰ ts tsʰ t̠ʃ t̠ʃʰ u uː y yː β χ
2243	moks1248	ä æ b ɕ d̪ dʲ e̞ ə̆ f ɡ i j k lʲ ɫ ɬˠ ɬʲ m n̪ nʲ o̞ p ɾ ɾ̥ ɾʲ ɾ̥ʲ s̪ sʲ ʂ t̪ tɕ tʲ t̪s̪ tsʲ u v x z̪ zʲ ʐ
2244	lith1251	äː æː ɐ b bʲ d̪ dʲ d̪z̪ dzʲ d̠ʒ d̠ʒʲ eː ɛ f fʲ ɡ ɡʲ ɣ ɣʲ iː iə ɪ ɪ̯ j k kʲ lʲ ɫ m mʲ n̪ nʲ oː ɔ p pʲ r rʲ s̪ sʲ ʃ ʃʲ t̪ tʲ t̪s̪ tsʲ t̠ʃ t̠ʃʲ uː uə ʊ ʊ̯ v vʲ x xʲ z̪ zʲ ʒ ʒʲ
2245	moks1248	ä b ɕ d̪ dʲ e̞ ə̆ f ɡ i j k lʲ ɫ ɬˠ ɬʲ m n̪ nʲ o̞ p ɾ ɾ̥ ɾʲ ɾ̥ʲ s̪ sʲ ʂ t̪ tɕ tʲ t̪s̪ tsʲ ʈʂ u v x z̪ zʲ ʐ ʑ
2246	laoo1244	a aː b c d e eː ə əː ɛ ɛː f h i iː ia j k kʰ l m n ɲ ŋ o oː ɔ ɔː p pʰ s t tʰ u uː ua ɯ ɯː ɯa v w ʔ
2247	rajb1243	æ æ̃ b bʱ d̪ d̺ d̪ʱ d̺ʱ dz dzʱ e ẽ ɡ ɡʱ h i j k kʰ l lʱ m mʱ n̪ n̪ʱ ŋ ŋʱ o p pʰ r rʱ s t̪ t̺ t̪ʰ t̺ʰ ts tsʰ u ũĩ ʌ w
2248	esto1258	æ ɑ e ɤ f h i j k l lʲ m n nʲ o ø p r s̪ sʲ ʃ t̪ tʲ u ʋ y
2249	bakh1245	a æi̯ au̯ ɑː ɑːi̯ b d ð̞ d̠ʒ eːi̯ ɛ f ɡʲ ɢ h iː j kʲʰ l m n oːu̯ ɔ ɔi̯ pʰ qʰ ɾ s ʃ tʰ t̠ʃʰ uː v z ʒ χ
2250	cent1972	äː b d̪ d̠ʒ eː ə f ɡ ɣ h ħ iː j k l̪ ɫ̪ m n̪ ŋ oː p q r̪ ɾ̪ s̪ sˤ ʃ t̪ t̠ʃ uː ɯ̽ ʊ v w x z̪ ʒ ʔ ʕ
2251	ingu1240	a aː æ b bˤ d̪ d̪ˤ ɛ ɛ̯æː f ɡ ɡʲ h ʜ i iː iːɛ ɪ ɨ j kʰ kʲʰ kʲʼ kʼ l̪ m mˤ n nˤ o ɔaː pʰ pʼ pˤʰ qː qʰ qʼ r̺̥ ɾ̺ ʁ s sː ʃ t̪ː t̪ʰ tsʰ tsʼ tsˤʰ t̠ʃʰ t̠ʃʼ t̠ʃˤʰ t̠ʃˤʼ t̪ʼ t̪ˤʰ t̪ˤʼ u uː uːʌ ʊ v vˤ ʌ x̠ z zˤ ʒ ʒˤ ʔ ʡ
2252	stan1293	æ aɪ aʊ ɑː ɒ b d ð d̠ʒ e eə eɪ ə əʊ ɜː f ɡ h iː ɪ ɪə j kʰ l m n ŋ ɔː ɔɪ pʰ ɹ s ʃ tʰ t̠ʃ uː ʊ ʊə v ʌ w z ʒ θ
2253	dupa1235	ä b d ə ɛ ɡ i j k l m n ŋ o p r s t u w ʔ
2254	lazz1240	a b cʰ cʼ d̪ dz d̠ʒ ɛ f ɡ h i j ɟ kʰ kʼ l m n̪ ɔ pʰ pʼ qχʼ ɾ ʁ s ʃ t̪ʰ ts tsʼ t̠ʃ t̠ʃʼ t̪ʼ u v z ʒ χ
2255	dolg1241	ɑ ɑː b c d d̠ʒ ɛ ɛː ɡ ɢ h i iː iɛ j ɟ ɫ ɬ m n ɲ ŋ œ œː ɔ ɔː p q r r̥ s t t̠ʃ u uː uɔ ɯ ɯː ɯɑ y yː yœ
2256	dark1243	aː ae̯ æː ɑ b ɕ d dz dʑ e eː ɞe̯ ɡ i iː ʝ l m n ŋ œ̜ œ̜ː ɔ̜ ɔ̜ː p r s t tɕ ts u uː ʉi̯ v w x y yː yi̯
2257	jiar1240	a ɐ ɐi̯ b c cʰ d dz d̠ʒ ɖʐ e ə ɛ f ɡ ɣ i j ɟ k kʰ l l̥ m n ⁿb ⁿd ⁿdz ⁿd̠ʒ ⁿɖʐ ⁿɡ ⁿɢ ⁿɟ ɲ ŋ o oi̯ ɔ p pʰ q qʰ r ʁ s ʂ ʃ t tʰ ts tsʰ t̠ʃ t̠ʃʰ ʈʂ ʈʂʰ u v w x z ʒ ʔ χ
2258	juan1238	a ã aː b c d ɖ e ẽ eː ɡ i ĩ iː j ɟ k l ɭ m n ɲ ŋ o õ oː ɔ ɔ̃ ɔː p r s t ʈ u ũ uː
2259	sout2697	æ ɑ b cç d̪ d̪z e f ɡ ɣ h i j ɟʝ k l m n̪ o œ p ɾ s ʃ t̪ t̪s u ɯ v x y z ʒ
2260	kild1236	äː ɐ b b̥ː bʲ bʲː c ç çː ɕ ɕː d d̥ː dʲ dz d̥z̥ dzʲ d̥z̥ʲ dʑ d̥ʑ̥ e̞ e̞ː f fː fʲ fʲː ɡ ɡ̊ː ɡʲ ɡʲː ʰk ʰkʲ ʰp ʰpʲ ʰt ʰtɕ ʰtʲ ʰts ʰtsʲ i iː ɨ ɨː ʝ ʝː ɟ k kː kʲ kʲː l l̥ lː l̥ː lʲ l̥ʲ lʲː l̥ʲː m m̥ mː m̥ː mʲ m̥ʲ mʲː m̥ʲː n n̥ nː n̥ː nʲ n̥ʲ nʲː n̥ʲː ɲ ɲː ŋ ŋː ŋʲ ŋʲː o̞ o̞ː o̞ä p pː pʲ pʲː r r̥ rː r̥ː rʲ r̥ʲ rʲː r̥ʲː s sː sʲ sʲː ʂ ʂː t tː tɕ tɕː tʲ ts tsː tsʲ tsʲː u uː uä ue̞ x xː xʲ xʲː z zː zʲ zʲː ʐ ʑ β βː βʲ βʲː
2261	russ1263	a b bʲ ɕː d̪ d̪ʲ e f fʲ ɡ ɡʲ i ɨ j k kʲ l lʲ m mʲ n̪ n̪ʲ o p pʲ r ɾʲ s sʲ ʂ t̪ tɕ t̪ʲ t̪s u v vʲ x xʲ z zʲ ʐ
2262	iris1253	a æ au bˠ bʲ c ç ɕ d̪ˠ d̠ʲ e ɛ ɤ fˠ fʲ ɡ ɣ h i ia ɪ j ɟ k l l̪ˠ l̠ʲ mˠ mʲ n n̪ˠ n̠ʲ ɲ ŋ o ɔ pˠ pʲ ɾˠ ɾʲ sˠ t̪ˠ t̠ʲ u ua vʲ ʌ w x
2263	lowa1242	a æ b ç d dz d̠ʒ ɖ e ɡ h ɦ i j k kʰ l l̥ m n ɲ ŋ o ɵ p pʰ r r̥ s ʃ t tʰ ts tsʰ t̠ʃ t̠ʃʰ ʈ ʈʰ u ʉ w z ʔ
2264	stod1241	a b bʰ c cʰ d̪ d̪ʰ d̠ʒ ɖ ɖʰ e ə ɡ ɡʰ h i j ɟ ɟʰ k kʰ l m n ɲ ŋ o p pʰ r ʃ t̪ t̪ʰ t̠ʃ t̠ʃʰ ʈ ʈʰ u w z ʒ
2265	dani1285	a e ə ɛ f h i j k kʰ l m n o ø œ ɔ p pʰ ʁ s t tsʰ u ʋ y
2266	taji1245	ä b ɕ d̪ dʑ e f ɡ h i j k l m n o ɵ p q ɾ ʁ s t̪ tɕ u v z ʑ χ
2267	yong1270	æ æ̃ ɑ b ɕ d dz dʑ ɖʐ ɛ ɤ f ɡ ɢ ɣ h i j k kʰ l l̥ m n ɲ ɔ p pʰ q qʰ s ʂ t tɕ tɕʰ tʰ ts tsʰ ʈʂ ʈʂʰ u ɯ ɯ̝ w z ʐ ʑ
2268	bese1243	ɑ b c̟ ɕ d̻ dʑ e ɘ ɡ i ɨ̹ j ɟ̟ k ɫ ʎ̟ m n̻ ɲ̟ o p r s̻ ʂ t̻ tɕ u v ʌ w z̻ ʐ ʑ
2269	stan1290	a ɑ̃ b d e ə ɛ ɛ̃ f ɡ i j k l m n ɲ o ø œ ɔ ɔ̃ p ʁ s ʃ t u ɥ v w y z ʒ
2270	ishk1246	ä b d dz d̠ʒ ɖ e̞ ə f ɡ ɣ h i j k l ɭ m n o ɔ p q r s ʂ ʃ t ts t̠ʃ ʈ ʈʂ u v w x z ʐ ʒ
2271	khan1273	a äː ç̟ c̟ ĕ e̞ː i j k l ʎ̟ m n ɲ̟ ŋ o ɵ̞ː p r s t u uː w x
2272	swis1247	æ æː æi̯ æu̯ ɒ ɒː b̥ d̥ e eː ei̯ ə ɛ ɛː f ɡ̊ ɣ̊ h i iː iə̯ j k kx l m n ŋ o ø oː øː œ œː oi̯ ou̯ p pf ʀ s ʃ t ts t̠ʃ u uː uə̯ v̥ ʋ x y yː yə̯ z̥ ʒ̊
2273	west2392	a æ ð̪̺ e ɣ i ɪ ɪ̈ j k l̺ ʎ m n̺ ɲ ŋ o œ p ɸ r s sʲ ʂ t̪̺ tɕ t̺s̺ u x y̞ z zʲ ʐ β
2274	czec1258	ä äː äu̯ b c d̺ d̠ʒ ɛ ɛː ɛu̯ f ɡ ɦ iˑ ɪ j ɟ k l m n ɲ o oː ou̯ p r r̝ s ʃ t̪ ts t̠ʃ u uː v x z ʒ ʔ
2275	malt1254	ɐ ɐː b d̪ dz d̠ʒ ɛ ɛː f ɡ h iː ɪ ɪː j k l m n ɔ ɔː p r s ʃ t̪ ts t̠ʃ uː ʊ v w z ʒ ʔ
2276	chec1245	æ æː ɑː b d̪ dz d̠ʒ e̞ ə ə̃ f ɡ h ʜ i̯ iː ie iẽ i̯e iẽː ɪ ɪ̃ j kʰ kʼ ɫ̪ m ø o̞ øː o̞ː pː pʰ pʼ qː qʰ qʼ ɾ ʁ s sː ʃ t̪ː t̪ʰ tsʰ tsʼ t̠ʃʰ t̠ʃʼ t̪ʼ u̯ uː u̯o u̯õ u̯oː u̯õː ʊ w x xk y ỹ yː z ʒ ʔ ʕ ʢ
2277	nucl1305	a aː b bʰ c cʰ d̪ d̪ʰ ɖ ɖʰ e eː f ɡ ɡʰ h i iː j ɟ ɟʰ k kʰ l̪ ɭ m n̪ ɳ o oː p pʰ r̪ s̪ ʂ ʃ t̪ t̪ʰ ʈ ʈʰ u uː w z̪
2278	mira1251	ä äi̯ äu̯ ɐ ɐ̃ b ɕ d e̞ ẽ̞ ei̯ eu̯ e̞u̯ f ɡ i ĩ i̯a i̯e i̯ẽ iu̯ j k l ʎ m n ɲ õ o̞ oi̯ o̞i̯ ou̯ p r ɾ s s̺ t tɕ u ũ u̯a ui̯ u̯o u̯õ z z̺ ʑ
2279	khan1273	ä äː æ æː ç̟ c̟ ĕ e̞ː i j k l ʎ̟ m n ɲ̟ ŋ o oː p r s t uː w x
2280	tsha1245	a ai au b ɕ d dz dʑ ɖ e ɡ h i j k kʰ l l̥ m n ɲ ŋ o p pʰ ɾ s t tɕ tɕʰ tʰ ts tsʰ ʈ ʈʰ u w z ʑ
2281	modernaramaicnortheastern	a aː b bˤ d d̠ʒ dˤ eː f ɡ ɣ h ħ iː ɨ j k l lˤ m mˤ n oː p pˤ q r rˤ s sˤ ʃ t t̠ʃ t̠ʃˤ tˤ uː ʉ v w x z zˤ ʒ ʔ ʕ
2282	lith1251	äː æː ɐ b bʲ d̪ dʲ d̪z̪ dzʲ d̠ʒ d̠ʒʲ e ɛ f fʲ ɡ ɡʲ ɣ ɣʲ i iː iɛ ɪ̯ j k kʲ lʲ ɫ m mʲ n̪ nʲ o p pʲ r rʲ s̪ sʲ ʃ ʃʲ t̪ tʲ t̪s̪ tsʲ t̠ʃ t̠ʃʲ u uː uɔ ʊ̯ v vʲ x xʲ z̪ zʲ ʒ ʒʲ
2283	osse1243	ɐ̆ ɑ̝̹ b̥ d̺̥ e̞ f ɡ̊ ɡ̊ʷ i ɨ̆ j k kʰ kʷ kʷʰ kʷʼ kʼ l m n̺ o̞ p pʰ pʼ q qʷ r̺ ʁ ʁʷ s̺ t̺ t̺ʰ t̺ʼ u v w z̺ χ χʷ
2284	jude1256	a æ b d d̠ʒ ɛ f ɡ ɢ h ħ i ɨ j kʰ l m n ɔ pʰ ɾ s ʃ tʰ t̠ʃʰ u v y z ʕ χ
2285	ladi1251	ä b d̪ d̠ʒ e f ɣ h i j k l m n ɲ o p ɾ s ʃ t̪ t̠ʃ u v z
2286	nort2745	ä̠ ä̠ː b d d̠ʒ ə əː ɛ̠ ɛ̠ː ɞ̠ ɞ̠ː ɡ i iː iɛ̠ ɨä̠ j k l ʎ m n ɲ ŋ œ̠ œ̠ː p q r ʁ s t t̠ʃ u ʉ ʉː ʉɞ̠ ʉœ̠ w
2287	kore1280	ɐ ɑ̟ː b̥ d̥ d̥ʑ̥ e̞ eː ɛ̝ ɛː ɘː ɡ̊ h iː ɪ ɨi j k kʰ m n ŋ o̞̜ oː p pʰ ɾ s sʰ t tɕ tɕʰ tʰ uː ɯ̽ ɯː ʊ̜ ʌ w
2288	even1260	a aː b d d̠ʒ e eː ɡ ħ i iː ie iˤ iˤː iˤæ j k l m n ɲ ŋ o oː oˤ oˤː p r s̠ t t̠ʃ u uː uˤ uˤː β̞
2289	munj1244	a ɐ ɑː b c ç d dz d̠ʒ ɖʐ eː ə f ɡ h iː ʝ ɟ k l m n ɲ ɔ̜ː p q r ɽ s ʂ ʃ t ts t̠ʃ ʈʂ uː ʊ v w x z ʐ ʒ χ
2290	brah1256	a ã aː ãː b d̪ d̠ʒ ɖ ɛ ɛː ɛ̃ː f ɡ ɣ i ĩ iː ĩː j k l̪ ɬ̪ m n̪ ɔː ɔ̃ː p r̪ ɽ s̪ ʃ t̪ t̠ʃ ʈ u ũ uː ũː w x z̪ ʒ ʔ
2291	nauk1242	ä ɣ i ɨ j k l l̥ m n ŋ p q r ʁ s t u v w x χ
2292	even1259	ɑ b d d̠ʒ e̞ ə ɡ i j k l m n ŋ o ɔ p r s t t̠ʃ u ʊ w x
2293	kuvi1243	a ã aː b cç d̪̺ ɖ e̞ ẽ̞ e̞ː ɡ h i ĩ iː j ɟʝ k l m n̪ ɳ ŋ o̞ õ̞ o̞ː p r ɽ s t̪̺ ʈ u ũ uː ʔ β̞
2294	thak1245	a ai̯ ɒ e ei̯ i j k kʰ l ɬ m n ŋ o oi̯ p pʰ r r̥ s t tɕ tʰ ts tsʰ ʈ u ui̯
2295	mund1320	a b c d ɖ e ɡ h i j ɟ k l m n ɲ ɳ ŋ o p r ɽ s t ʈ u w ʔ
2296	nort2697	æ æː ɑ ɑː b̥ c d̪ d̠ʒ e̞ e̞ː f ɡ̊ h i iː j ɟ k l m n̪ o̞ œ̞ œ̞ː pʰ ɾ ʁ s̪ ʃ t̪ t̠ʃ u uː ɯ v y z̪ ʒ χ
2297	itel1242	a ɛ ɣ i j k kʼ l lʲ l̥ʲ m n nʲ ŋ o̞̜ p pʼ ɸ q q̺ r s̺ t̺ t̺ɕ̺ t̺ɕ̺ʼ t̺ʼ u̜ x z̺ ʔ β χ
2298	puxi1242	a ai ɑ ɑ˞ ɑu b ɕ d̪ d̪z̪ dʑ ɖʐ e e˞ ei ə ə˞ əi əu f ɡ i ie io iu k kʰ l m m̩ n̪ n̪̩ ɲ ŋ ŋ̩ o ou p pʰ q qʰ ʁ s ʂ t̪ tɕ tɕʰ t̪ʰ t̪s̪ t̪s̪ʰ ʈʂ ʈʂʰ u u˞ ua uɑ uɑ˞ ue uə ui y ya ye yi z ʐ χ
2299	bujh1238	a ã ai au b bʰ d̪ d̪ʰ d̠ʒ e ẽ ə əi əu ɡ ɡʰ h i ĩ j j̊ k kʰ l l̥ m m̥ n n̥ ŋ ŋ̊ o oi p pʰ r r̥ s t̪ t̪ʰ t̠ʃ t̠ʃʰ u ũ ui w ʍ
2300	lazz1240	a b d̪ dz d̠ʒ ɛ f ɡ h i j kʰ kʼ l m n̪ ɔ pʰ pʼ ɾ ʁ s ʃ t̪ʰ ts tsʼ t̠ʃ t̠ʃʼ t̪ʼ u v z ʒ χ
2301	kang1281	a e ə f ɣ h i ɨ j k kʰ l m n ŋ o ɔ p pʰ q qʰ r ʁ s ʃ t tʰ ts tsʰ t̠ʃ t̠ʃʰ u ʉ v z χ
2302	mait1250	a ã æ æ̃ ai au b bʰ d̪ d̪ʰ d̠ʒ d̠ʒʰ ɖ ɖʰ e ẽ eu ə ə̃ əi əu ɡ ɡʰ h i ĩ iu k kʰ m n ŋ o õ oi ou ɔ ɔ̃ p pʰ r s t̪ t̪ʰ t̠ʃ t̠ʃʰ ʈ ʈʰ u ũ ui
2303	stan1288	a æ æi ai au b d̪ e ei ɛ ɛi f ɡ i i̯a i̯æ i̯æi i̯e i̯ɛ i̯ɛi i̯o i̯ɔ ɟ k l ʎ m n̪ ɲ o oi ɔ ɔi p r ɾ s t̪ t̠ʃ u u̯a u̯æi u̯ɛi x θ
2304	roma1326	ä äː b c d dz d̠ʒ e eː ə ɛ ɛː f ɡ h i iː j ɟ k l ʎ m n ɲ o ø oː øː ɔ ɔː p r s ʃ t ts t̠ʃ u uː v w y yː z ʒ
2305	bond1245	a ã ai̯ ãi̯ ãõ au̯ ãu̯ b d ɖ e ea ei̯ ẽi̯ ɡ i ĩ j ɟ k l m n ɲ ɳ ŋ o õ oi̯ õi̯ p r s t ʈ u ũ ua ui̯ w z ʔ
2306	balt1258	a b d d̠ʒ ɖ ɖʐ ɛ ɡ ɣ h i j k kʰ l l̥ m n ŋ ɔ p pʰ q s ʃ t tʰ ts tsʰ t̠ʃ t̠ʃʰ ʈ ʈʰ ʈʂ ʈʂʰ u w x z ʒ
2307	sher1255	a ã c cʰ d d̪ dz d̠ʒ ɖ e ẽ ɛ ɛ̃ ɡ h i ĩ j ɟ k kʰ l l̥ m n ɲ ŋ o õ ɔ ɔ̃ p pʰ r r̥ s ʃ t̪ t̪ʰ ts tsʰ t̠ʃ t̠ʃʰ ʈ ʈʰ u ũ ʌ ʌ̃ w
2308	stan1288	ä b d̻ e̞ f ɡ i i̯ ɟʝ k l m n ɲ o̞ p ɾ s̺̠ ʃ t̻ t̠ʃ u u̯ θ χ
2309	yuec1235	a ai au ɐ ɐi ɐu ei ɛ ɛu f h i iu ɪ j k kʰ kʷ kʷʰ l m n ŋ œ ou ɔ ɔi ɵ ɵy p pʰ s t tʰ ts tsʰ u ui ʊ w y
2310	kaba1278	ä ɑː b d dz d̠ʒ e̞ː ə f fʼ ɡʷ ɣ ħ iː j kʷ kʷʼ ɬ ɬʼ ɮ m n o̞ o̞ː p pʼ q qʷ qʷʼ qʼ r ʁ ʁʷ s ʃ ʆ ʆʼ t ts tsʼ t̠ʃ t̠ʃʼ tʼ uː v w x xʷ z ʒ ʓ ʔ ʔʷ χ χʷ
2311	lezg1247	æ ɑ b d d̠ʒ ɛ f ɡ ɣ h i j k kʰ kʼ l m n œ ɔ p pʰ pʼ q qʰ qʼ r s ʃ t tʰ ts tsʰ tsʼ t̠ʃ t̠ʃʰ t̠ʃʼ tʼ u ɯ v x y z ʒ ʕ χ
2312	daur1238	ɑ ɑː ə əː f i i̯ iː j k kʰ kʲ kʲʰ kʷ kʷʰ l lʲ m mʲ mʷ n nʲ ŋ ɔ ɔː p pʰ pʲ pʲʰ r rʲ s sʷ ʃ ʃʷ t tʰ tʲ tʲʰ ts tsʰ t̠ʃ t̠ʃʰ t̠ʃʷ t̠ʃʷʰ tʷ tʷʰ ʈʂ ʈʂʰ u u̯ uː w x xʲ xʷ ʐ
2313	huml1238	a ã aː ãː b c cʰ d dz d̠ʒ ɖ e ẽ eː ẽː ɡ h i ĩ iː ĩː j ɟ k kʰ l m n ⁿb ⁿd ⁿdz ⁿd̠ʒ ⁿɖ ⁿɡ ɲ ŋ o õ ø ø̃ oː õː øː ø̃ː p pʰ r r̥ s ʃ t tʰ ts tsʰ t̠ʃ t̠ʃʰ ʈ ʈʰ u ũ uː ũː w y ỹ yː ỹː z ʒ
2314	nort2741	a b c d e ɛ ɤ f h i ia j k kʰ l m n ɲ ŋ o ɔ p pʰ s t tʰ u ua ɯ ɯɑ w ʔ
2315	dhiv1236	ä äː æː äu̯ b cʰ d̪ ɖ e eː f ɡ h i iː j ɟ kʰ l ɭ m n ⁿb ⁿd̪ ⁿɖ ⁿɡ ɲ o oː pʰ ɾ s ʂ t̪ʰ ʈʰ u uː v z̪
2316	lith1251	äː æː ɐ b d̪ d̪z̪ d̠ʒ e eː ɛ f ɡ ɡʲ ɣ iː iɛ ɪ̯ j k kʲ lʲ ɫ m n̪ o oː p r s̪ ʃ t̪ t̪s̪ t̠ʃ uː uɔ ʊ̯ v x z̪ ʒ
2317	russ1264	ɑ ɑː b bʲ d̺ dʲ ɛː ɤ̟ ɤː ɡʲ ɢ ħ i iː ɨː j l lʲ m mʲ n nʲ ɴ œ̞ɛ̞ ɔ ɔː ɵː pʰ pʲʰ r̺ r̺ʲ s̺ ʃ t̺ʰ tʲʰ u uː ui ʊ ʊː ʊi xʲ z̺ ʒ χ
2318	kara1467	æ ɑ̙ b d f ɡ h i i̘ ii̯ j k l m n ŋ ø̞ o̞̙ p q r ʁ s ʃ t tɕ ts u̙ uu̯ ɯ̙ ɯ̙i̯ v w y yu̯ z ʒ χ
2319	lahu1253	a ai̯ au̯ b d d̠ʒ e ə əi̯ əu̯ ɛ f ɡ ɣ i ii̯ ɨ ɨɛ ɨi̯ j k kʰ l m n ŋ o ɔ ɔu̯ p pʰ q qʰ ʃ t tʰ t̠ʃ t̠ʃʰ u u̯a ue u̯e u̯ɛ u̯i v x
2320	laoo1244	a b c d e ɛ ɤ f h i ia j k kʰ l m n ɲ ŋ o ɔ p pʰ s t tʰ u ua ɯ ɯɑ v w ʔ
2321	nort2646	a aː ɑː b d̪ d̠ʒ ɖ eː ə ɛ ɡ ɣ h iː ɪ j kʰ m n oː pʰ ɽ ɽ̃ s ʃ t̪ʰ t̠ʃʰ ʈʰ uː ʊ w x z
2322	cent1973	a b d̪ dz ɖ eː ə ɡ ɣ ɪ j kʰ m n œː ɔː pʰ ɽ ɽ̃ s ʂ ʃ t̪ʰ tsʰ t̠ʃʰ ʈʰ w x z ʐ ʒ
2323	hakk1236	a ai au c ç cʰ e eu ə f h i ia iau ie iɔ iu j k kʰ kʷ kʷʰ l m n ɲ ŋ ɔ ɔi p pʰ s t tʰ ts tsʰ u ui ʋ
2324	osse1243	ɐ̹̆ ɑ b̥ ɕ d̺̥ d̺̥z̺̥ d̥ʒ̥ e̞ f ɡ̊ ɡ̊ʷ i ɨ̆ j k kʰ kʷ kʷʰ kʷʼ kʼ l m n̺ o̞ p pʰ pʼ q qʷ r̺ ʁ ʁʷ t̺ t̺ʰ t̺s̺ t̺s̺ʰ t̺s̺ʼ t̠ʃ t̠ʃʰ t̠ʃʼ t̺ʼ u v w ʑ χ χʷ
2325	ligu1248	aː æ æi̯ ɑː b ɕ d̪ d̪z̪ dʑ e eː ɛː f ɡ i i̯ iː k l ʎ m n ɲ ŋ o ø oː øː œː ɔː p r ɾ s t̪ tɕ t̪s̪ u u̯ uː v y yː z ʑ
2326	voti1245	æ æː ɑ ɑː b ɕ d̪ d̪ʲ d̠ʒ e eː ɘ ɘː f fʲ ɡ h hʲ i iː ɨ ɨː j k l lʲ ɫ m mʲ n̪ n̪ʲ o ø oː øː p pʲ r rʲ s sʲ ʃ t̪ t̪ʲ ts t̠ʃ u uː v vʲ y yː z zʲ ʒ
2327	kham1282	a b ɕ d dz dʑ ɖʐ e ei ə ɛ ɡ h i ia iə iu j k kʰ l ɬ m m̥ n n̥ ⁿb ⁿd ⁿdz ⁿdʑ ⁿɖʐ ⁿɡ ɲ ɲ̊ ŋ o p pʰ r s ʂ t tɕ tɕʰ tʰ ts tsʰ ʈʂ ʈʂʰ u ua uə ui ɯ w y ya yə z ʐ ʑ ʔ
2328	kham1282	a aː ãː b c cʰ ɕ d dz dʑ ɖ eː ɛ ɛː ɛ̃ː ɡ h iː ɪ j ɟ k kʰ l l̥ m n ⁿd ⁿdz ⁿɖ ⁿɡ ntsʰ ɳ ŋ oː øː œ œ̃ː ɔ ɔː ɔ̜̃ː p pʰ r s t tɕ tɕʰ tʰ ts tsʰ ʈ ʈʰ uː ʊ ʊ̃ː w y yː z ʑ
2329	dido1241	a aː b d̪ e ɡ h ʜ i j k kʼ l ɬ m n̪ o p pʼ q qʼ qˤ qˤʼ r̪ ʁ ʁˤ s ʃ t̪ t̪ɬ t̪ɬʼ ts tsʼ t̠ʃ t̠ʃʼ t̪ʼ u w z ʒ ʡ χ
2330	wymy1235	a aɪ ɑ b d e eɪ f ɡ h i ɪə ɨ j k l m n ŋ ø øə ɔ ɔʏ p r s ʃ t u v w yø ʏ z ʒ
2331	gaga1249	ä äː æ b bʲ ɕ d dʲ dʑ e̞ e̞ː f ɡ ɡʲ h i iː i̯e̞ j k l lʲ m n nʲ ø̞ o̞ o̞ː p r s sʲ t ts t̠ʃ uː ɯ̽ ɯ̯ɤ̞ ɯi̯ ʊ v x y yː z ʑ
2332	nort2647	a aː ɑː b ç d̪ d̠ʒ ɖ eː ə ɛ ɡ ɣ h iː ɪ j ʝ kʰ m n oː pʰ ɽ ɽ̃ s ʃ t̪ʰ t̠ʃʰ ʈʰ uː ʊ w x z ʒ
2333	sout2746	a b c cʰ d e ɛ ɛˑ ɤ ɤˑ f h i ia j k kʰ l m n ŋ o ɔ p pʰ r s t tʰ u ua ɯ ɯa w ʔ
2334	friu1240	a aː b c d̪ dz̪ d̠ʒ e eː ɛ ɛː f ɡ i iː j ɟ k l m n ɲ o oː ɔ ɔː p ɾ s ʃ t̪ ts̪ t̠ʃ u uː v w z ʒ
2335	lakk1252	ä æ̰ ɑ̝ ɑ̝ː b d̪ ḛ ɞ̰ ɣ ɣʷ h ʜ i iː j k kː kʷ kʷː kʷʼ kʼ l̪ m n̪ p pː pʼ q qː qʷ qʷː qʷʼ qʼ r̪ ʁ s̪ s̪ː ʃ ʃː ʃʷ ʃʷː t̪ t̪ː t̪s̪ t̪s̪ː t̪s̪ʼ t̠ʃ t̠ʃː t̠ʃʷ t̠ʃʷː t̠ʃʷʼ t̠ʃʼ t̪ʼ u uː w x xː xʷ xʷː z̪ ʒ ʒʷ ʔ χ χː χʷ χʷː
2336	kuni1268	ä b cʰ cʼ d̺ e̞ ɡ h i j kʰ kʼ m n̺ o̞ pʰ pʼ r̺ s t̺ʰ t̺ʼ u w z ʔ
2337	luxe1241	aː æ æːi æːʊ ɐ ɑ ɑi ɑʊ ɕ e eː ə əʊ ɛː ɜi f h i iː iə j k kʰ l m n ŋ o oː p pʰ ʀ ʁ s ʃ t tʰ ts t̠ʃ u uː uə v w z ʑ ʒ χ
2338	nucl1310	a ã aɪ aɪ̃ aʊ aʊ̃ b d ð d̠ʒ e eɪ eɪ̃ ə ɛ ɡ h i ɪ ɪ̃ j k kʰ l ɬ m m̥ n n̥ ɲ ɲ̊ ŋ ŋ̊ o oʊ oʊ̃ ɔ p pʰ s sʰ ʃ t tʰ t̠ʃ t̠ʃʰ u ʊ ʊ̃ w ʍ z ʔ θ
2339	saur1249	a aː b c d̪ ɖ e eː ɡ ɣ h i iː j ɟ k l m n̪ ɲ ŋ o oː p q r ɽ s t̪ ʈ u uː w θ̪
2340	basq1248	ä b c d e̞ f ɡ i i̯ ɟ k l̺ ʎ m n̺ ɲ o̞ p r̺ ɾ̺ s̺ s̻ ʃ t ts̺ ts̻ t̠ʃ u u̯ x
2341	lazz1240	a b cʰ cʼ d̪ dz d̠ʒ ɛ f ɡ h i j ɟ kʰ kʼ l m n̪ ɔ pʰ pʼ qχʼ ɾ ʁ s ʃ t̪ʰ ts tsʼ t̠ʃ t̠ʃʼ t̪ʼ u v z ʒ χ
2342	nepa1254	a ã b bʰ c cʰ d̪ d̪ʰ ɖ ɖʰ e ẽ ə ə̃ əi əĩ əu əũ ɡ ɡʰ h i ĩ j ɟ ɟʰ k kʰ l m n̪ ŋ o p pʰ r s t̪ t̪ʰ ʈ ʈʰ u ũ w
2343	rusy1239	a b bʲ ɕ d̪ d̪ʲ d̪z̪ dʑ ɖʐ e̞ f ɡ ɦ i ɪ j k l̪ lʲ m mʲ n̪ ɲ o̞ p pʲ r rʲ s̪ ʂ t̪ tɕ t̪ʲ t̪s̪ ʈʂ u ɯ̽ v vʲ w x z̪ ʐ ʑ
2344	guru1261	b d̪ dz d̠ʒ ɖ ɛ ɛ̃ ɛ̤ ɛː ɛ̤ː ɡ h i ĩ i̤ j k kʰ l l̥ m n̪ ŋ ɔ ɔ̃ ɔ̤ ɔː ɔ̤ː p pʰ ɾ s ʃ t̪ t̪ʰ ts tsʰ t̠ʃ t̠ʃʰ ʈ ʈʰ u ũ ṳ ʌ ʌ̤ ʌː ʌ̤ː w
2345	west2368	ä æɪ̯ æ̃ɪ̯̃ ɒː ɒ̃ː b d d̠ʒ ɖ ɡ ɣ h iː ĩː iɛː ĩɛ̃ː ɪ ɪ̃ j k l m n ø̃ oː øː ɔʊ̯ ɔ̃ʊ̯̃ p ɽ ɾ s ʃ t t̠ʃ ʈ uɔː ũɔ̃ː ʊ ʊ̃ ʋ x z ʒ
2346	baim1244	a ɐ ɑ ɑ̃ b ɕ ɕʰ d dz dʑ d̠ʒ e ə ɛ ɛ̃ ɡ ɦ i iɑ iɛ io iø iɔ k kʰ l m n ⁿb ⁿd ⁿdz ⁿdʑ ⁿd̠ʒ ⁿɡ ɲ ŋ o õ ø ɔ p pʰ r s sʰ ʃ ʃʰ t tɕ tɕʰ tʰ ts tsʰ t̠ʃ t̠ʃʰ u uɑ uɑ̃ ue uɛ uɔ y yɛ z ʑ ʒ
2347	besi1244	a ã a̤ b d dʑ e ẽ e̤ ə ə̃ ə̤ ɛ ɛ̃ ɛ̤ ɡ h i ĩ i̤ ɨ̞ j k kʰ l l̥ m m̥ n n̥ ɲ ɲ̊ ŋ ŋ̊ o õ o̤ ɔ ɔ̃ ɔ̤ p pʰ ɾ s t tɕ tɕʰ tʰ u ũ ṳ ɯ ɯ̃ ɯ̤ ɰ w ʍ ʔ
2348	west2368	ä äː æɛ b d d̠ʒ ɖ eː ɡ ɣ h iː ɪ j k l m n oː ɔʊ̯ p ɽ ɾ s ʃ t t̠ʃ ʈ uː ʊ ʋ x z ʒ
2349	adyg1241	a b ɕ d dz dʑ d̠ʓʷ e ə f ɡʷ ɣ h j k kʷ kʷʼ kʼ ɬ ɬʼ ɮ m n p pʷʼ pʼ q qʷ r ʁ ʁʷ s ʃ ʆ ʆʷ ʆʷʼ ʆʼ t tɕ tɕʼ ts tsʼ t̠ʃ t̠ʃʼ t̠ʆʷ tʷʼ tʼ w x xʷ z ʑ ʒ ʓ ʓʷ ʔʷʼ ʔʼ χ χʷ
2350	dakp1242	ɑ ɑi ɑu b ɕ d dz dʑ ɖʐ e eu ə əu ɡ ɣ i iɑ io iu j k kʰ l l̥ m n ɲ ŋ o ø øu p pʰ r s ʂ t tɕ tɕʰ tʰ ts tsʰ ʈʂ ʈʂʰ u uɑ ui w x y yu z ʑ
2351	osse1243	ɐ̆ ɑ̝̹ b̥ d̺̥ d̥ʒ̥ e̞ f ɡ̊ ɡ̊ʷ i ɨ̆ j k kʰ kʷ kʷʰ kʷʼ kʼ l m n̺ o̞ p pʰ pʼ q qʷ r̺ ʁ ʁʷ s̺ t̺ t̺ʰ t̺s̺ː t̺s̺ʼ t̠ʃ t̠ʃʰ t̺ʼ u v w z̺ χ χʷ
2352	lizu1234	æ ɐ b ɕ d dz dʑ d̠ʒ e ə ɡ ɣ h i j k kʰ l ɬ m mpʰ n ⁿb ⁿd ⁿdz ⁿdʑ ⁿd̠ʒ ⁿtɕʰ ntʰ ntsʰ n̠t̠ʃʰ ɲ ŋ ŋ̩ o p pʰ q qʰ ɹ s ʃ t tɕ tɕʰ tʰ ts tsʰ t̠ʃ t̠ʃʰ u w x y z ʑ ʒ ʔ
2353	udmu1245	ɑ b c̟ ɕ d̻ d̠ʒ ɛ f ɡ i j ɟ̟ k ɫ ʎ̟ m n̻ ɲ̟ ŋ o̞ ɵ̞ p r s̻ ʂ t̻ t̻s̪̻ t̠ʃ u ʉ ɯ̽ v x z̻ ʐ ʑ
2354	bett1235	ɐi ɑ ɑː b d d̪ d̠ʒ ɖ ə əː əi ɛ ɛː f ɡ iː ɪ j k l ɭ m n ɳ ŋ ɔ ɔː p ɾ s̻̠ t t̪ ʈ ʊ̞ ʊː ʊ̈i ʋ
2355	kumy1244	a b d ɛ f ɡ h i ɨ j l m n ŋ œ ɔ p q r ʁ s ʃ t ts t̠ʃ u w y z ʒ ʕ
2356	chan1310	ɑ ɑ̃ ɑ̤ ɑɯ ɑy b d dz e ẽ e̤ ei̯ ɡ i ĩ i̤ iu j k kʰ l m n ɲ ŋ o õ o̤ oi̯ p pʰ r s t tʰ ts tsʰ u ũ ṳ ue ui̯ ʌ ʌ̃ ʌ̤ ʌɯ ʌy w
2357	bhoj1244	a ã ai ãĩ au ãũ b bʰ c cʰ d̪ d̪ʰ ɖ ɖʰ e ẽ ɡ ɡʰ i ĩ j ɟ ɟʰ k kʰ l lʰ m mʰ n nʰ ŋ ŋʰ o õ p pʰ r rʰ ɽ ɽʰ s t̪ t̪ʰ ʈ ʈʰ u ũ ʌ ʌ̃ w
2358	gheg1238	ä ã̈ äː b d̪ ð dz d̠ʒ e ẽ eː f ɡ h i ĩ iː j k l ɫ̪ m n ŋ o oː p r ɾ s ʃ t̪ ts t̠ʃ u ũ uː v y ỹ z ʒ θ
2359	hooo1248	a ã ai au b c d ɖ e ẽ ɡ h i ĩ j ɟ k l m n ɲ ŋ o õ oe p r ɽ s t ʈ u ũ w ʔ
2360	rawa1265	a aː b d d̠ʒ e eː ə əː ɡ i iː j kʰ l m n ŋ o oː ɵ ɵː pʰ ɻ s ʃ tʰ t̠ʃʰ u uː w x z ʔ
2361	saek1240	a aː b c cʰ d e eː ɛ ɛː ɤ ɤː f h i iː ia j k kʰ l m n ɲ ŋ o oː ɔ ɔː p pʰ r s t tʰ u uː ua ɯ ɯː ɯa v w ʔ
2362	chuk1273	ä e̞ ə̆ ɣ i j kx ɬ̪̺ m n̪̺ ŋ o̞ p qχ r̺ t̪̺ tɕ u w ʔ
2363	mace1250	ä b c d̪ d̪z̪ d̠ʒ e ə f ɡ i j ɟ k l ɫ̪ m n̪ ɲ o p r s̪ ʃ t̪ t̪s̪ t̠ʃ u v x z̪ ʒ
2364	pare1266	a ã ɖ e ẽ ɡ i ĩ j k l m n ɲ ŋ ɔ ɔ̃ p r ɽ s t u ũ z ʔ
2365	taus1251	ä b d d̠ʒ ɡ h i j k l m n ɲ ŋ p ɾ s t̪ t̠ʃ u w z ʔ
2366	lada1244	b d̪ dz d̠ʒ ɖ e ə ɡ h i j k kʰ l l̥ m n ɲ ŋ o p pʰ r s ʂ ʃ t̪ t̪ʰ ts tsʰ t̠ʃ t̠ʃʰ ʈ ʈʰ u w z ʒ
2367	shan1277	a aː b c d e ɛ ɤ f h i j k kʰ l m n ŋ o ɔ p pʰ s sʰ t tʰ u ɯ ɰ v w x ʑ ʔ
2368	bulg1262	ä b bʲ c d̪ dʲ d̪z̪ d̠ʒ ɛ ɤ̟ f fʲ ɡ i j ɟ k ɫ̪ ʎ m mʲ n ɲ ɔ p pʲ r rʲ s̪ sʲ ʃ t̪ tʲ t̪s̪ tsʲ t̠ʃ u v vʲ x z̪ zʲ ʒ
2369	spit1240	a b d dz dʑ ɖ e ɛ ɡ h i j k kʰ l m n ɲ ŋ o ɔ p pʰ r ɽ s ʂ ʃ t tɕ tɕʰ tʰ ts tsʰ ʈ ʈʰ u w z ʒ
2370	gily1242	ä cç cçʰ e̞ ɣ h i ɨ j k kʰ l m n ɲ ŋ o̞ p pʰ ɸ q qʰ r r̥ ʁ s t tʰ u w x z β χ
2371	lazz1240	a b cʰ cʼ d̪ dz d̠ʒ ɛ f ɡ h i j ɟ kʰ kʼ l m n̪ ɔ pʰ pʼ qχʼ ɾ ʁ s ʃ t̪ʰ ts tsʼ t̠ʃ t̠ʃʼ t̪ʼ u v z ʒ χ
2372	nort2686	ɑ ɑː ɒ ɒː c cçː ɕ ɛ ɛː ɞ ɞː ɣ ɪ ɪː l̺ m n ɲ ŋ ɶ ɶː ɵ ɵː p pː q qː r̺ s̺ t tː ɯ̽ ɯ̽ː ʔ
2373	atay1247	ä ɛ ɣ ħ i j k l m n ɔ p q r s t ts u w x y ʒ ʔ β
2374	luuu1242	a aː b c d e eː ɛ ɛː ɤ ɤː f h i iː j k l m n ŋ o oː ɔ ɔː p pʰ r s t tʰ u uː ɯ ɯː v w x ʔ
2375	arag1245	ä b d̪ e f ɡ i i̯ ɟʝ̞ k l ʎ m n ɲ o p r ɾ̞ s̺ ʃ t̪ t̠ʃ u u̯ x θ
2376	khan1273	ɑ̟̝ ɑ̟ˑ b ç ɕː d eˑ ə̆ ɛ ɞ f ɡ i j k l ɬ ɬʲ m n ɲ ŋ o̟ˑ p r s ʃ t ts t̠ʃ u̞ˑ ʊ̈ w x̠ z ʒ
2377	brah1256	a ã aː ãː b d̪ d̠ʒ ɖ ɛ ɛː ɛ̃ː f ɡ ɣ h i ĩ iː ĩː j k l̪ ɬ̪ m n̪ ɔː ɔ̃ː p r̪ ɽ s̪ ʃ t̪ t̠ʃ ʈ u ũ uː ũː w x z̪ ʒ
2378	faro1244	a aɪ eː ɛ ɛa ɛɪ f h iː ɪ j k kʰ l m n oː øː œ ɔ ɔa ɔɪ ɔu p pʰ r s ʃ t tʰ uː ʉu ʊ ʊɪ v ʏ
2379	dzal1238	a aː ai au b c cʰ ɕ d dz dʑ ɖʐ e eː eu ɛ ɛː ɡ h i iː iu j ɟ k kʰ l l̥ m n ɲ ŋ o ø oː øː ɔ ɔː p pʰ r s ʂ t tɕ tɕʰ tʰ ts tsʰ ʈʂ ʈʂʰ u uː w y yː z ʑ ʔ
2380	tibe1272	a aː ãː e eː ẽː ɛ ɛ̃ː h i iː ĩː j k kʰ kʲ kʲʰ l l̥ m n ɲ ŋ o ø oː õː ø̃ː ɔ ɔː p pʰ ɹ ɹ̥ s ʂ t tɕ tɕʰ tʰ ts tsʰ ʈ ʈʰ u uː ũː w y ỹː
2381	basq1250	ä ã̈ b c d e̞ ẽ̞ f ɡ h h̃ i ĩ i̯ ɟ k kʰ l̺ ʎ m n̺ ɲ o̞ õ̞ p pʰ r̺ s̺ s̻ ʃ t tʰ ts̺ ts̻ t̠ʃ u ũ u̯ y ỹ z̺ z̻ ʒ
2382	kirg1245	ɑ ɑː b d̪ d̠ʒ e̞ e̞ː f ɢ i iː j ɫ m n ɴ ø̞ o̞ ø̞ː o̞ː p q r s̪ ʃ t̪ t̪s̪ t̠ʃ u uː ɯ ɯː v y yː z̪ χ
2383	darm1243	a ã b c d̪ ɖ e ɛ ɡ h i j ɟ k kʰ l m n̪ ŋ o õ p pʰ ɾ s t t̪ tʰ t̪ʰ ʈ ʈʰ u w χ
2384	komi1277	ä̠ b c ɕ d̻ dʑ ɖʐ e̠ f ɡ i̠ j ɟ̟ k ɫ ʎ̟ m n̻ ɲ̟ o ɵ̟ p r rʲ s̻ ʂ t̻ tɕ t̻s̪̻ ʈʂ u ʉ̟ v ʌ z̻ ʐ ʑ
2385	laoo1244	a b c d e ɛ ɤ f h i ia j k kʰ l m n ɲ ŋ o ɔ p pʰ s t tʰ u ua ɯ ɯɑ v w ʔ
2386	puoc1238	ä äː b c d ə əː ɛ ɛː ɡ h i iː iə ɨ ɨː ɨə k kʰ l m n ɲ ŋ o oː ɔː p pʰ s t tʰ u uː uə w zʲ ʔ
2387	telu1262	a aː æː b bʰ c cʰ d̪ d̪ʰ ɖ ɖʰ e eː f ɡ ɡʰ h i iː j ɟ ɟʰ k kʰ l̪ ɭ m n̪ ɳ o oː p pʰ r̪ s̪ ʂ ʃ t̪ t̪ʰ ʈ ʈʰ u uː w
2388	east2773	a ã ɑ ɑ̃ b d dʑ ɖ e ẽ ɡ h i ĩ j k kʰ l m n ŋ o õ p pʰ ɾ s t tɕ tɕʰ tʰ ʈ ʈʰ u ũ w
2389	osse1243	ɐ̆ ɑ̝̹ b̥ ɕ d̺̥ d̺̥z̺̥ d̥ʒ̥ e̞ f ɡ̊ ɡ̊ʷ i ɨ̆ j k kʰ kʷ kʷʰ kʷʼ kʼ l m n̺ o̞ p pʰ pʼ q qʷ r̺ ʁ ʁʷ t̺ t̺ʰ t̺s̺ t̺s̺ʰ t̺s̺ʼ t̠ʃ t̠ʃʰ t̠ʃʼ t̺ʼ u v w ʑ χ χʷ
2390	bats1242	ɑ ɑ̃ ɑː b d̪ dz d̠ʒ e ẽ ɛː f ɡ h ħ ʜ i ĩ i̯ ĩ̯ iː ie kʰ kʼ ɫ ɬ m n o̞ õ̞ o̞ː pʰ pʼ qʰ qχʼ ɾ ʁ s ʃ t̪ʰ tsʰ tsʼ t̠ʃʰ t̠ʃʼ t̪ʼ u ũ u̯ z ʒ ʡ χ
2391	hela1238	a aː b c cʰ ɕ d dz dʑ ɖ e eː ɡ h i iː j ɟ k kʰ l l̥ m n ɲ ŋ ɔ ɔː p pʰ ɹ ɹ̥ s t tɕ tɕʰ tʰ ts tsʰ ʈ ʈʰ u uː w z ʑ
2392	svan1243	ä äː æ æː b d̪ dz d̠ʒ ɛ ɛː ɡ h i iː j kʰ kʼ l m n̪ œ œː ɔ ɔː pʰ pʼ qʰ qʼ r ʁ s ʃ t̪ʰ ts tsʼ t̠ʃ t̠ʃʼ t̪ʼ u uː ɯ w y yː z ʒ χ
2393	kyer1238	a aː ãː b c cʰ ɕ d dz dʑ ɖ e ẽ eː ɛ ɛː ɛ̃ː ɡ h ɦ i iː j ɟ k kʰ l l̥ m n ⁿb ⁿd ⁿdz ⁿdʑ ɲ ŋ o ø oː õː øː ø̃ː p pʰ r s t tɕ tɕʰ tʰ ts tsʰ ʈ ʈʰ u uː ũː w y yː ỹː z ʑ
2394	dzon1239	aːu ai au ɑ ɑː ɑ̃ː b ɕ d dz dʑ ɖ e eː ẽː eu ɛː ɛu ɡ h i iː ĩː iu j k kʰ l l̥ m n ɲ ŋ o oː õː øː ou øu p pʰ r s t tɕ tɕʰ tʰ ts tsʰ ʈ ʈʰ u uː ũː w ʏː z ʑ
2395	kett1243	ä æ b d e ə ɛ h i j k ɮ̺ m n̺ ŋ o ɔ p qχ ɾ s̺ t u ɯ ʌ
2396	wayu1241	a ã aː ãː b d̪ dz dʑ e ẽ eː ẽː ɡ h i ĩ iː ĩː ɪ ɪ̃ ɪː ɪ̃ː j k kʰ l l̥ m n̪ ŋ o õ oː õː p pʰ ɾ s t̪ tɕ t̪ʰ ts tsʰ u ũ uː ũː ʊ ʊ̃ ʊː ʊ̃ː w ʍ x
2397	paiw1248	ä b c d ɖ ə ɡ i j ɟ k ʎ m n ŋ p q r ɺ t ts u v w ʔ
2398	stan1295	a aː b ç d̺ d̠ʒ eː ə ɛ ɛː f ɡ h iː ɪ j kʰ l m n ŋ oː øː œ ɔ pf pʰ ʀ s ʃ t̺ʰ ts t̠ʃ uː ʊ v yː ʏ z ʒ
2399	east2295	a aː ai b d dz d̠ʒ e ei ə f ɡ h i iː k l lʲ m n nʲ o oi ou p ʀ s̺ ʃ t ts t̠ʃ u uː v x z̺ ʒ
2400	udmu1245	æ ɑ b c̟ ɕ d̻ d̠ʒ ɛ f ɡ i j ɟ̟ k ɫ ʎ̟ m n̻ ɲ̟ ŋ o̞ ɵ̞ p r s̻ ʂ t̻ t̻s̪̻ t̠ʃ u ʉ ɯ̽ v x z̻ ʐ ʑ
2401	kaba1278	ä ɑː b ɕ d dz dʑ e̞ː ə f fʼ ɡʷ ɣ ħ iː j kʷ kʷʼ kʼ l ɬ ɬʼ m n o̞ o̞ː p pʼ q qʷ qʷʼ qʼ r ʁ ʁʷ s ʃ ʆ ʆʼ t tɕ tɕʼ ts tsʷʼ tsʼ t̠ʃ t̠ʃʼ tʷʼ tʼ uː v w x xʷ z zʷ ʑ ʒ ʓ ʔ ʔʷ χ χʷ
2402	nene1249	ɑː b bʲ ð dʲ ə ɤː ɨ ɨː j k l ʎ m mʲ n ɲ ŋ oː p pʲ r rʲ s sʲ t tʲ ts tsʲ u uː w wʲ x ʔ
2403	kara1464	ɑ b bʲ d dʲ e ɡ ɡʲ i j kʰ kʲʰ l ɫ m mʲ n nʲ ø o̞ pʰ ɾ ɾʲ s sʲ ʃ ʃʲ tʰ tʲʰ t̠ʃ t̠ʃʲ u ɯ w y z zʲ
2404	varl1238	ä ã̈ b bʰ d̪ d̪ʰ d̠ʒ d̠ʒʰ ɖ ɖʰ ẽ ə ə̃ ɛ ɡ ɡʰ h i ĩ iː ĩː j k kʰ l ɭ m n o õ oː õː p pʰ ɾ s t̪ t̪ʰ t̠ʃ ʈ ʈʰ u ũ uː ũː ʋ
2405	dutc1256	ã aː ɑ b d eː ə ɛ ɛ̃ ɛː ɛi f ɦ i iː ɪ j k l m n ŋ oː øː œː œy ɔ ɔ̃ ɔː p ɾ s t u uː v ʋ ʌu y yː ʏ z χ
2406	wels1247	a ai au ɑː ð d̠ʒ eː ə əi əu ɛ ɛu f h iː ɪ ɪu j k kʰ l ɬ m m̥ n n̥ ŋ ŋ̥ oː ɔ ɔi p pʰ r r̥ s ʃ t tʰ t̠ʃ uː ʊ ʊi v w z θ χ
2407	japh1234	a b c cʰ ɕ d dz dʑ ɖʐ e ɤ ɡ ɣ i j ɟ k kʰ l l̥ m n ⁿb ⁿd ⁿdz ⁿdʑ ⁿɖʐ ⁿɡ ⁿɢ ⁿɟ ɲ ŋ o p pʰ q qʰ r ʁ s ʂ t tɕ tɕʰ tʰ ts tsʰ ʈʂ ʈʂʰ u ɯ w x y z ʑ ʔ χ
2408	osse1243	ɐ̆ ɑ̝̹ b̥ d̺̥ d̺̥z̺̥ d̥ʒ̥ e̞ f ɡ̊ ɡ̊ʷ i ɨ̆ j k kʰ kʷ kʷʰ kʷʼ kʼ l m n̺ o̞ p pʰ pʼ q qʷ r̺ ʁ ʁʷ s̺ t̺ t̺ʰ t̺s̺ t̺s̺ʰ t̺s̺ʼ t̠ʃ t̠ʃʰ t̠ʃʼ t̺ʼ u v w z̺ χ χʷ
2409	ming1252	ɑ b d̪ dz d̠ʒ ɛ ɡ h i j kʰ kʼ lʲ m n̪ ɔ pʰ pʼ qχʼ r ʁ s ʃ t̪ʰ ts tsʼ t̠ʃ t̠ʃʼ t̪ʼ u v w z ʒ ʔ χ
2410	lazz1240	a b d̪ dz d̠ʒ ɛ f ɡ h i j kʰ kʼ l m n̪ œ ɔ pʰ pʼ ɾ ʁ s ʃ t̪ʰ ts tsʼ t̠ʃ t̠ʃʼ t̪ʼ u v y z ʒ χ
2411	tibe1272	a aː c cʰ ɕ eː ə ɛː h iː ɪ j k kʰ l l̥ m m̥ n̪ ɲ ŋ oː øː ɔ p pʰ r r̥ s t̪ tɕ tɕʰ t̪ʰ ts tsʰ ʈ ʈʰ uː ʊ w yː ʔ
2412	alut1245	ä äː ɕ e̞ː ə̞̆ ɣ i iː j k l̪ l̪ʲ m n̪ n̪ʲ ŋ o̞̜ː p qˤ r t̪ u uː v w ʔ ʡˤ
2413	east2328	a æ ð̪̺ e ɣ i ɪ̈ j k l̺ ʎ m n̺ ɲ ŋ o œ p r s sʲ ʂ t̪̺ tɕ ʈʂ u y̞ z zʲ ʐ β
2414	nort2741	a b c d e ɛ ɤ f h i ia j k kʰ l m n ɲ ŋ o ɔ p pʰ s t tʰ u ua ɯ ɯɑ w ʔ
2415	sikk1242	a aː ãː ɐi ɐu ɕ e eː ẽː ɛ ɛː ɛ̃ː h i iː ĩː iu j k kʰ l l̥ m n n̥ ⁿb ⁿd ⁿdz ⁿdʑ ⁿɖ ⁿɡ ɲ ɲ̊ ŋ ŋ̊ o ø oː õː øː ø̃ː ou p pʰ r r̥ s t tɕ tɕʰ tʰ ts tsʰ ʈ ʈʰ u uː ũː w y yː ỹː z ʑ ʔ
2416	nucl1301	ä äː æ b cʰ d̻ d̠ʒ e̞ e̞ː f ɡ h i iː j ɟ kʰ l̻ ɫ̻ m n̻ ø̞ o̞ o̞ː pʰ ɾ̻ s̻ ʃ t̻ʰ t̠ʃʰ u uː ɯ ɯː ʋ y z̻ ʒ
2417	ming1252	ɑ b d̪ dz d̠ʒ ə ɛ ɡ h i j kʰ kʼ lʲ m n̪ ɔ pʰ pʼ qχʼ r ʁ s ʃ t̪ʰ ts tsʼ t̠ʃ t̠ʃʼ t̪ʼ u v w z ʒ ʔ χ
2418	yagn1238	a ɑː b d d̠ʒ eː f ɡ h ħ iː ɪ j k l m n o̞ː p q r ʁ s ʃʲ t t̠ʃ uː ʊ v yː z ʒʲ ʕ β̞ χ χʷ
2419	basq1248	ä äː b c d d̠ʒ e̞ e̞ː f ɡ i i̯ iː ɟ k l̺ ʎ m n̺ ɲ o̞ o̞ː p r̺ ɾ̺ s̺ s̻ ʃ t ts̺ ts̻ t̠ʃ u u̯ uː x
2420	zhon1235	a ɑ b d dz d̠ʒ ɖʐ e ə ɛ ɡ ɣ ʰk ʰp ʰt ʰts ʰt̠ʃ i k kʰ l l̥ m m̥ mpʰ n n̥ ⁿb ⁿd ⁿdz ⁿd̠ʒ ⁿɖʐ ⁿɡ ntʰ ntsʰ n̠t̠ʃʰ ɲ ɲ̊ ɳʈʂʰ ŋ ŋ̊ ŋkʰ o ɔ p pʰ q qʰ r r̥ ʁ s ʂ ʃ t tʰ ts tsʰ t̠ʃ t̠ʃʰ ʈʂ ʈʂʰ u w z ʐ ʒ χ
2421	tibe1272	a aː æ c cʰ ɕ eː ə ɛː h iː ɪ j k kʰ l l̥ m m̥ n ɲ ŋ oː øː ɔ p pʰ r s t̪ tɕ tɕʰ t̪ʰ ts tsʰ ʈ ʈʰ uː ʊ w yː
2422	nort2741	a b c d e ɛ ɤ f h i ia j k kʰ l m n ɲ ŋ o ɔ p pʰ s t tʰ u ua ɯ ɯa w ʔ
2423	shan1277	a aː c cʰ d e ɛ ɤ h i j k kʰ l m n ɲ ŋ o ɔ p pʰ s sʰ t tʰ u ɯ ɰ v w ʔ
2424	osse1243	ɐ̆ ɑ b̥ d̺̥ d̺̥z̺̥ d̥ʒ̥ e̞ f ɡ̊ ɡ̊ʷ i ɨ̆ j k kʰ kʷ kʷʰ kʷʼ kʼ l m n̺ o̞ p pʰ pʼ q qʷ r̺ ʁ ʁʷ s̺ t̺ t̺ʰ t̺s̺ t̺s̺ʰ t̺s̺ʼ t̠ʃ t̠ʃʰ t̠ʃʼ t̺ʼ u v w z̺ χ χʷ
2425	stan1289	a b d̪ dz̺ d̠ʒ e ɛ̞ f ɡ i i̯ j k l̺ ʎ̟ m n̺ ɲ̟ ŋ o ɔ̞ p r̺ ɾ̺ s̺ ʃ t̪ ts̺ t̠ʃ u u̯ v w z̺
2426	nyaw1245	a b c d e ɛ ɤ f h i ia j k kʰ l m n ɲ ŋ o ɔ p pʰ s t tʰ u ua ɯ w ʔ
2427	ital1282	a b d̪ dz d̠ʒ e ɛ f ɡ i j k l ʎ m n ɲ o ɔ p ɾ s ʃ t̪ ts t̠ʃ u v w z
2428	nucl1302	ɑ b d̪ dz d̠ʒ ɛ ɡ h i kʰ kʼ ɫ m n̪ ɔ pʰ pʼ qχʼ ɾ ʁ s ʃ t̪ʰ ts tsʼ t̠ʃ t̠ʃʼ t̪ʼ u ʋ z ʒ χ
2429	nort2722	a a˞ aː ɑ ɑː b ɕ d̪ dz dʑ ɖʐ e e˞ eː ei eu ə ə˞ əi əu ɡ h ɦ i i˞ iː ia iɑ ie j k kʰ l ɬ m n̪ ɲ ŋ o oː oi p pʰ ɸ q qʰ ʁ s ʂ t̪ tɕ tɕʰ t̪ʰ ts tsʰ ʈʂ ʈʂʰ u uː ua uɑ ue uə uəi ui w x y yː ye z ʐ χ
2430	cebu1242	b d̪ ɡ h ɪ j k l m n ŋ p r s t̪ ʊ ʌ w ʔ
2431	cent1973	a ɒː b d̪ dz ɖ eː ə ɡ ɣ h ɪ j kʰ m n œː pʰ ɽ ɽ̃ s ʃ t̪ʰ tsʰ t̠ʃʰ ʈʰ w x z ʒ
2432	osse1243	ɐ̹̆ ɑ b̥ d̺̥ d̺̥z̺̥ d̥ʒ̥ e̞ f ɡ̊ i ɨ̆ j k kʰ kʼ l m n̺ o̞ p pʰ pʼ q r̺ ʁ ʃ t̺ t̺ʰ t̺s̺ t̺s̺ʰ t̺s̺ʼ t̠ʃ t̠ʃʰ t̠ʃʼ t̺ʼ u v w ʒ χ
2433	khak1248	ɑ ɑː b d d̠ʒ ɛ ɛː f ɡ iː ɪ̞ j k l m n ŋ œ œː ɔ ɔː p r ʁ s ʃ t ts t̠ʃ u uː ɯ ɯː v y yː z ʒ χ
2434	vach1239	æˑ ɑˑ c eˑ iˑ ɪ j l ɭ ʎ m n ɲ ɳ ŋ oˑ øˑ p q r ʁ s t ʈʂ ɯ̽ ɯˑ ʊ v yˑ ʏ
2435	gata1239	a ã b c ɖ e ẽ ɡ h i ĩ ia ɟ k l m n ⁿb ⁿd ⁿɖ ⁿɡ ⁿɟ ŋ o õ œ oi p r ɽ s t ʈ u ũ u̯a u̯e ui u̯i ʔ
2436	ming1252	ɑ b d̪ dz d̠ʒ ɛ ɡ h i j kʰ kʼ m n̪ ɔ pʰ pʼ qχʼ r ʁ s ʃ t̪ʰ ts tsʼ t̠ʃ t̠ʃʼ t̪ʼ u v w z ʒ ʔ χ
2437	sind1272	æ ɐ̆ ɑ b bʱ ɓ d̪ d̪ʱ d̻ʑ̻ d̻ʑ̻ʱ ɖ ɖʱ ɗ e f ɡ ɡʱ ɠ ɣ h i ɪ̆ j ʄ k kʰ l̪ l̪ʱ m mʱ n nʱ ɲ ɳ ɳʱ ŋ o ɔ p pʰ r ɽ ɽʱ s ʂ t̪ t̻ɕ̻ t̻ɕ̻ʰ t̪ʰ ʈ ʈʰ u ʊ̆ ʋ x z
2438	arbe1236	a b ç d ð dz d̠ʒ ɛ f ɡ ɡʲ ɣ i j k kʲ ɫ ʎ m n ɲ œ ɔ p r ɾ s ʃ t ts t̠ʃ u v z ʒ θ
2439	kurt1248	ɑ ɑː ɑu b c ç cʰ d̪ ɖ e eː ɡ h i iː iu j ɟ k kʰ l ɬ m n ɲ ŋ o oː oi p pʰ r s t̪ t̪ʰ t̪s̪ t̪s̪ʰ ʈ ʈʰ u uː ui w z ʔ
2440	kara1474	ä ã̈ b çː d d̠ʒ e̞ ɡ ɣ h ʜ i ĩ̞ j ʝ kʰ kxʼː kʼ l ɬ ɬː m n o̞ pʰ qχʰː r s sː sʼː ʃ ʃː ʃʼː tʰ tɬʰː tɬʼː tsʰ tsʰː tsʼ t̠ʃʰ t̠ʃʰː t̠ʃʼ tʼ u ũ w x xː z ʒ ʔ ʢ χʼː
2441	norw1258	ɑ ɑː b ç d ɖ eː ɛ f ɡ h i iː j kʰ l ɭ m n ɳ ŋ oː øː œ ɔ pʰ ɽ ɾ s ʂ tʰ ʈ u uː ʉ ʉː ʋ w y yː
2442	sout2679	æ æː ɑ ɑː e̞ ɤ̞ f fʲ h hʲ i iː ɪː j k kʲ l lʲ m mʲ n nʲ ø̞ o̞ p pʲ r rʲ s̪ sʲ t̪ tʲ t̪s̪ tsʲ u uː ɯ ʊː ʋ ʋʲ y yː ʏː ʔ
2443	roma1327	ä b bʲ ç d̪ dʲ d̠ʒ d̠ʒʲ e̞ e̯ä ə f fʲ ɡ ɡʲ h i i̯ ɨ k kʲ l lʲ m mʲ n̪ nʲ o̞ o̯ä p pʲ ɾ̪ ɾʲ s̪ sʲ ʃ ʃʲ t̪ tʲ t̪s̪ tsʲ t̠ʃ t̠ʃʲ u u̯ v vʲ z̪ zʲ ʒ ʒʲ
2444	yaku1245	a ɑː b cç d̺ ɛ ɛː ɡ ħ iː ie ɪ ɪ̈ ɨː ɨɛ j j̃ ɟʝ k ɫ̺ m n̺ ɲ ŋ œ œː ɔ ɔː p q r ʁ s̻ t̺ uː uɔ ʊ yː yø ʏ
2445	nort2699	a aː b d̪ dz ɖ e eː ɡ i iː j k l m n̪ ŋ o oː p r t̪ ʈ u uː v
2446	kare1335	æ ɑ e̞ h i iæ ie̞ j k l̪ lʲ m n̪ nʲ ø̞ o̞ p r s̪ sʲ t̪ tʲ t̠ʃ u uɑ uo̞ v y yæ yø̞
2447	slov1269	ä äː æ b c d dz d̺ʒ̺ ɛ ɛː f ɡ ɦ i̞ i̞ː ɪ̯ä ɪ̯ɔ ɪ̯u̞ j ɟ k lʲ ɫ ɫː ʎ m n ɲ ɔ ɔː p r rː s ʃ̺ t ts t̺ʃ̺ u̞ u̞ː ʊ̯ɔ ʋ x z ʒ̺
2448	livv1244	æ ɑ b c d̺ ɛ f ɡ h i ɨ j ɟ k l̺ ʎ m n̺ ɲ o p r rʲ s̺ ʃ t̺ u ʊ̜ v z̺ ʒ
2449	hebr1245	a b d ɛ f ɡ h i j k l m n o p ʁ s ʃ t ts u v x z ʔ
2450	fore1274	æ æː ɑ ɑː ɕ e̞ e̞ː ə̆ i iː j k kʲ l lʲ ɬ ɬʲ m mʲ n nʲ ŋ ŋʲ o̞ o̞ː p pʲ r s t tɕ u uː w wʲ x xʲ ʔ
2451	east2347	a aː ai au e eː h i iː i̯a i̯aː i̯ai i̯au i̯o i̯oː i̯oi i̯u i̯uː i̯uaː i̯ui j k kʰ l m n ŋ o oː oi p pʰ r s t tʰ ts tsʰ ʈ ʈʰ u uː u̯a u̯aː u̯ai u̯i w
2452	guja1252	ä ä̤ ã̈ː ã̤̈ː æ b b̤ʱ d̪ d̪̤ʱ d̠ʒ d̤ʒ̤ʱ ɖ ɖ̤ʱ e ə ə̤ ə̃ː ə̤̃ː ɛ ɛ̤ ɛ̃ː ɛ̤̃ː f ɡ ɡ̤ʱ ɦ i i̤ ĩː ĩ̤ː j k kʰ l m n ɳ o ɔ ɔ̤ ɔ̃ː ɔ̤̃ː p ɺ ɾ s ʃ t̪ t̪ʰ t̠ʃ t̠ʃʰ ʈ ʈʰ u ṳ ũː ṳ̃ː ʋ
2453	miya1259	ä e̞ f f̩ i̞ kʰ m m̩ n n̩ pʰ ɾ s s̩ tʰ ɯ̞ ʊ ʋ ʋ̩
2454	maga1260	a ã b bʰ c cʰ d̪ d̪ʰ ɖ ɖʰ e ẽ əi ə̃ĩ əu ə̃ũ ɡ ɡʰ h i ĩ j ɟ ɟʰ k kʰ l lʰ m mʰ n nʰ o õ p pʰ r rʰ ɽ ɽʰ s t̪ t̪ʰ ʈ ʈʰ u ũ ʌ ʌ̃ w
2455	slov1268	a aː b d̪ d̠ʒ eː ə ɛ ɛː f ɡ i iː j k l m n oː ɔ ɔː p r s̪ ʃ t̪ t̪s̪ t̠ʃ u uː ʋ w x z̪ ʒ
2456	puri1258	a b d̪ d̠ʒ e ə ɡ ɢ h i j k kʰ l m n ɲ ŋ o p pʰ q r s ʃ t̪ t̪ʰ ts tsʰ t̠ʃ t̠ʃʰ u w x z ʒ χ
2457	mand1415	a ai au ɕ ei ə ɤ f i ia iau ie iou iu j k kʰ l m n ŋ ou p pʰ ɹ̺ ɹ̪̩ s ʃ̺ t tɕ tɕʰ tʰ ts tsʰ t̠ʃ̺ t̠ʃ̺ʰ u ua uai uei uə uo w x y ye
2458	mode1248	ɐ b c ç d̪ ð e̞ f ɡ ɣ i ʝ ɟ k l ʎ m n ɲ̟ o̞ p ɾ̠ s̠ t̪ u v x z̠ θ
2459	kama1351	ɒ b ɕ d̪ dʑ e̞ ə ə̆ ə̟̆ ɡ ɣ i ɨ j kʰ l̪ lʲ m n̪ nʲ ŋ ø̞ o̞ pʰ r̪ s̪ sʲ tɕʰ t̪ʰ u w x y z̪ zʲ ʑ ʔ
2460	komi1268	ä̠ b c ɕ d̻ dʑ ɖʐ e ɘ̠ f ɡ i ɨ̠ j ɟ k l̻ ʎ m n̻ ɲ o p r rʲ s̻ ʂ t̻ tɕ t̻s̪̻ ʈʂ u ʋ x z̻ ʐ ʑ
2461	ngan1291	a ɐ b d ð e ə ɡ i ɨ j ɟ k l ʎ m n ɲ ŋ ɔ̟̜ p r s̺ t tɕ u̟ u̯ɑ x y ʔ
2462	viet1252	a aː ɓ ɗ e ɛ ɛː ɤ ɤː f ɣ h i iə k l m n ɲ ŋ o ɔ ɔː p s t tɕ tʰ u uə ɯ ɯə v w x z ʔ
2463	dhim1246	a ã aː ai au b bʰ d dʰ dʑ dʑʰ e ẽ eː eu ə ɡ ɡʰ ɦ i ĩ iː iu j j̊ k kʰ l l̥ m m̥ n n̥ ŋ o õ oː oi p pʰ ɾ ɾ̥ s t tɕ tʰ u ũ uː ui w ʍ ʔ
2464	mong1331	ä äː b bʲ d̪̥ d̥ʲ d̪z̪ d̠ʒ e eː ɡ ɡʲ ɢ i j kʰ ɮ ɮʲ m mʲ n̪ nʲ ŋ oː ɔ ɔː ɵ pʰ pʲʰ r rʲ s̪ ʃ t̪ʰ tʲʰ t̪s̪ʰ t̠ʃʰ u uː ɯ ʊ ʊː w̜ w̜ʲ χ χʲ
2465	andi1255	a b bː d dː d̠ʒ d̠ʒː e ɡ ɡː ɡʷ ɡʷː ɢ ɢʷ h h̃ i j k kː kʷ kʷː kʷʼ kʷʼː kʼ kʼː l ɬ ɬː m n o p qː qʷː qʷʼː qʼː r ʁ ʁʷ s sː ʃ ʃː t tɬː tɬʼː ts tsː tsʼ tsʼː t̠ʃ t̠ʃː t̠ʃʼ t̠ʃʼː tʼ u w xː xʷː z ʒ ʔ ʔ̃ χ χː χʷ χʷː
2466	urdu1245	äː ã̈ː æ b b̤ʱ d̻ d̻̤ʱ d̠ʒ d̤ʒ̤ʱ ɖ ɖ̤ʱ eː ẽː ə ə̃ ɛː ɛ̃ː f ɡ ɡ̤ʱ ɣ ɦ iː ĩː ɪ ɪ̃ j k kʰ l̻ m n̻ oː õː ɔː ɔ̃ː p pʰ q r ɽ ɽ̤ʱ s ʂ ʃ t̻ t̻ʰ t̠ʃ t̠ʃʰ ʈ ʈʰ uː ũː ʊ ʊ̃ ʋ x z
2467	avar1256	a b d e ɡ ɡʷ h hʷ ʜ ʜʷ i j kʰ kʷʰ kʷʼ kʼ l ɬ ɬʷ m n o pʰ pʼ qʰ qʷʰ qʷʼ qʼ r ʁ ʁʷ s sʷ ʃ ʃʷ tʰ tɬʰ tɬʷʰ tɬʷʼ tɬʼ tsʰ tsʷʰ tsʷʼ tsʼ t̠ʃʰ t̠ʃʷʰ t̠ʃʷʼ t̠ʃʼ tʷʰ tʷʼ tʼ u w x xʷ z zʷ ʒ ʒʷ ʔ ʢ ʢʷ χ χʷ
2468	abkh1244	ä äː b d dʷ dz d̠ʒ d̠ʓʷ ɖʐ f fʼ ɡ ɡʲ ɡʷ ħ ħʷ ɨ j kʰ kʲʰ kʲʼ kʷʰ kʷʼ kʼ l m n pʰ pʼ qʲʼ qʷʼ qʼ r ʁ ʁʲ ʁʷ s ʂ ʃ ʃʷ tʰ tsʰ tsʼ t̠ʃʰ t̠ʃʼ t̠ʆʷʰ t̠ʆʷʼ tʷʰ tʷʼ tʼ ʈʂʰ ʈʂʼ ɥˤ v w z ʐ ʒ ʒʷ χ χʲ χʷ
2469	fore1265	ɑ b ɕ d ð dʲ e ɤ ɡ i ɨ j k l m n nʲ ŋ o ɔ p r s sʲ ʃ t tɕ tʲ t̠ʃ u w x ʔ
2470	west2354	a aː ai au b d eː ə ɛ ɛː ɛi f ɡ h i iː iə ɪ ɪə j kʰ l m n ŋ o oː øː œi oə ou ɔ ɔː ɔu ɵ ɵə pʰ r s tʰ u uː uə ui v w x y yː yə z
2471	taid1249	a aː b c d e əː ɛː f h i iː ia ɨː ɨa j k kʰ l m n ɲ ŋ o ɔː p s t tʰ u uː ua v w ʔ
2472	sout2746	a b c cʰ d e ɛ ɤ f h i iː ia j k kʰ l m n ŋ o ɔ p pʰ r s t tʰ u ua ɯ ɯa w ʷr ʔ
2473	elfd1234	aː ãː æ æː ai̯ː ãɪ̯ː auː ɐ ɐ̃ b bː d ð dː d̺z̺ d̺z̺ː ɛ ɛ̃ ɛː ɛ̃ː f fː ɡ ɡː ɣ i̯uo i̯ũo ɪ ɪ̃ ɪː ɪ̃ː ɪɛ ɪ̃ɛ ɪɛː ɪ̃ɛː j k kː l l̥ lː l̥ː m mː n nː ŋ o̞ o̞ː œ œ̃ œː œ̃ː ɔ̞ ɔ̞̃ ɔ̞ː ɔ̞̃ː ɔy̯ː p pː r rː ɽ s̺ s̺ː t tː t̺s̺ t̺s̺ː uo ũo uoː ũoː v w y ỹ yː ỹː yœ ỹœ yœː ỹœː ʏ ʏ̃ ʏː ʏ̃ː
2474	chen1255	ã ãː æ ɑ ɑː b ɕ ɕʰ d dz dʑ ɖʐ e eː ẽː ə ɛ ɡ ɣ h i iː ĩː ɪ ɪː j k kʰ l l̥ m n ⁿb ⁿd ⁿdz ⁿdʑ ⁿɖʐ ⁿɡ ɲ ŋ o oː õː ɔ p pʰ r ʁ s sʰ ʂ ʂʰ t tɕ tɕʰ tʰ ts tsʰ ʈʂ ʈʂʰ u uː ũː ʉ ʉː w x xʰ z ʑ
2475	mans1258	ɐ ɑː ɕ e eɛ ə ɣ i iː j k kʷ l̪ ʎ̟ m n̪ ɲ̟ ŋ ŋʷ o oɔ p r s̪ t̪ t̪ʲ u uː x xʷ β
2476	osse1243	ɐ̆ ɑ̝̹ b̥ d̺̥ d̺̥z̺̥ e̞ f ɡ̊ ɡ̊ʷ i ɨ̆ j k kʰ kʷ kʷʰ kʷʼ kʼ l m n̺ o̞ p pʰ pʼ q qʷ r̺ ʁ ʁʷ s̺ ʃ t̺ t̺ʰ t̺s̺ t̺s̺ʰ t̺s̺ʼ t̺ʼ u v w z̺ χ χʷ
2477	dong1285	a e h i ɨ j k kʰ l m n ŋ o p pʰ q qʰ r ʁ s ʂ ʃ t tʰ ts tsʰ t̠ʃ t̠ʃʰ ʈʂ ʈʂʰ u w x ʐ
2478	occi1239	a ai̯ au̯ b d̪ dʲ dz e ei̯ eu̯ ɛ ɛi̯ ɛu̯ f ɡ ɡʷ h i i̯a i̯au̯ i̯e i̯ei̯ i̯ɛ i̯ɛi̯ i̯ɔ iu̯ i̯u j k kʷ l ʎ m n̪ ɲ ɔ ɔi̯ ɔu̯ p r ɾ s ʃ t̪ tʲ ts u u̯e u̯ei̯ u̯eu̯ u̯ɛ u̯ɛi̯ ui̯ w y yi̯ z ʒ
2479	panj1256	a ã b c cʰ d̪ ɖ e ẽ ə ɛ ɛ̃ ɡ ɦ i ĩ ɪ j ɟ k kʰ l ɭ m n̪ ɳ o õ ɔ ɔ̃ p pʰ r ɽ s ʃ t̪ t̪ʰ ʈ ʈʰ u ũ ʊ w
2480	czec1258	ä äː äu̯ b c d̺ d̠ʒ ɛ ɛː ɛu̯ f ɡ ɦ i iː j ɟ k l m n ɲ o oː ou̯ p r r̝ s ʃ t̪ ts t̠ʃ u uː v x z ʒ ʔ
2481	kond1303	a aː b d̪ ɖ e eː ɡ h i iː j k l m n ɳ ŋ o oː p r r̥ ɽ ɾ s t̪ ʈ u uː w z ʔ
2482	nene1249	æː ɑː b bʲ ð dʲ ə ɤː ɨ ɨː j k l ʎ m mʲ n ɲ ŋ oː p pʲ r rʲ s sʲ t tʲ ts tsʲ u uː w x ʔ
2483	sich1238	a b ɕ d dz dʑ d̠ʒ ɖʐ e ɛ f ɡ ɣ h i ia ie iɛ io iɔ k kʰ l l̩ ɬ m m̩ m̥ n n̥ ⁿb ⁿd ⁿdz ⁿdʑ ⁿd̠ʒ ⁿɖʐ ⁿɡ ɲ ɲ̊ ŋ o ø ɔ p pʰ ɹ̪̩ ɹ̪̹̩ ɹ̪̩ˠ ɻ̩ ɻ̹̩ s ʂ ʃ t tɕ tɕʰ tʰ ts tsʰ t̠ʃ t̠ʃʰ ʈʂ ʈʂʰ u ʉ ɯ v v̩ x y z ʐ ʒ ʒ̩
2484	nort2641	æ ɑ b d d̠ʒ e f ɡ h ħ i ɪ j kʰ kˤ l m n o pʰ q r ɾ ʁ s ʃ tʰ t̠ʃʰ t̠ʃˤ tˤ u ʊ v w z ʒ ʢ χ
2485	selk1253	ä äː æ æː ɕ e eː ɛ ɛː ɘ ɘː i iː ɪ ɪː ɨ ɨː j k l lʲ m n nʲ ŋ o ø oː øː ɔː p q r s t tɕ u uː w y yː
2486	nort2722	a a˞ a˞ː a˞ˤ aː aˤ aˤː b ɕ d̪ dz dʑ ɖʐ ə ə˞ ə˞ː əː əˤ ɡ h ɦ i i˞ˤ i˞ˤː iˤ iˤː j k kʰ l ɬ m n̪ ɲ ŋ p pʰ q qʰ ʁ s ʂ t̪ tɕ tɕʰ t̪ʰ ts tsʰ ʈʂ ʈʂʰ u u˞ u˞ˤ u˞ˤː uː uˤ uˤː w x z ʐ ʑ χ
2487	arbe1236	a b c ç d ð dz d̠ʒ ə ɛ f ɡ ɣ i ɟ k l ʎ m n ɲ œ ɔ p r ɾ s ʃ t ts t̠ʃ u v x z ʒ θ
2488	lith1251	äː æː ɐ b bʲ d̪ dʲ d̪z̪ dzʲ d̠ʒ d̠ʒʲ e ɛ f fʲ ɡ ɡʲ ɣ ɣʲ iː iɛ ɪ̯ j k kʲ lʲ ɫ m mʲ n̪ nʲ o p pʲ r rʲ s̪ sʲ ʃ ʃʲ t̪ tʲ t̪s̪ tsʲ t̠ʃ t̠ʃʲ uː uɔ ʊ̯ v vʲ x xʲ z̪ zʲ ʒ ʒʲ
2489	kham1282	a a̤ aː ãː a̤ː b d dz d̠ʒ ɖ e e̤ eː ẽː e̤ː ɛ ɛ̤ ɛi ɛ̤i̤ ɡ h i iː ĩː i̤ː ɨ ɨ̤ j k kʰ l l̥ m m̥ mpʰ n n̥ ⁿb ⁿd ⁿdz ⁿd̠ʒ ⁿɖ ⁿɡ ntʰ ntsʰ n̠t̠ʃʰ ⁿʈʰ ɲ ŋ ŋ̊ ŋkʰ o ø ø̤ o̤ oː õː o̤ː ɔ ɔ̤ ɔː ɔ̤ː p pʰ ɸ r r̥ s ʃ t tʰ ts tsʰ t̠ʃ t̠ʃʰ ʈ ʈʰ u ṳ ũː w y y̤ z ʒ ʔ ʼj ʼl ʼm ʼn ʼɲ ʼŋ ʼs ʼʃ ʼw β
2490	veps1250	æ ɑ b c d dʲ d̠ʒ e̞ ɤ̞ f ɡ h hʲ i ɨ j ɟ k lʲ ɫ m mʲ n nʲ ø̞ o̞ p pʲ r rʲ s sʲ ʃ t tʲ ts t̠ʃ u v vʲ y z zʲ ʒ
2491	merg1238	æ̃ æ̰ aɪ̃ a̰ɪ̰ aɯ̃ a̰ɯ̰ ɑ b ɕ d dʑ e eɪ̃ ḛɪ̰ əɯ̃ ə̰ɯ̰ ɛ ɡ h ɦ i ɪ̃ ɪ̰ j k kʰ l m n ɲ ŋ o ɔ p pʰ s sʰ t t̪ tɕ tɕʰ tʰ u ʊ̃ ʊ̰ w z ʔ
2492	nort2741	a b c d e ɛ ɤ h i ia k kʰ l m n ɲ ŋ o ɔ p pʰ s t tʰ u ua ɯ ɯa v w y ʔ
2493	stan1325	ä äː æ æː b c d dz d̠ʒ ɛ ɛː f ɡ i i̯ iː iə j ɟ k l ʎ m n ɲ ɔ ɔː p r s ʃ t ts t̠ʃ uː uʌ ʊ ʊ̯ v x z ʒ
2494	ters1235	ä äː äi̯ ɒ b bʲ c ɕ d dʲ dz dzʲ dʑ ɛ ɛi̯ f fʲ ɡ ɡʲ h hʲ i iː iɛ iɛi̯ ɨ ɨː ɨi̯ j ɟ k kʲ lʲ l̥ʲ ɫ ɫ̥ m mʲ n nʲ ŋ ŋʲ o oä oi̯ p pʲ r r̥ rʲ r̥ʲ s sʲ ʃ t tɕ tʲ ts tsʲ u uː v vʲ x xʲ z zʲ ʑ ʒ
2495	oriy1255	a ã b bʰ c cʰ d̪ d̪ʰ ɖ ɖʰ e ẽ ɡ ɡʰ h i ĩ j ɟ ɟʰ k kʰ l̪ ɭ m n̪ ɳ ŋ o ɔ ɔ̃ p pʰ r s̪ t̪ t̪ʰ ʈ ʈʰ u ũ w
2496	nort2741	a b c d e ɛ ɤ f h i ia j k kʰ l m n ɲ ŋ o ɔ p pʰ s t tʰ u ua ɯ ɯa v w ʔ
2497	pite1240	a aː ð ðː ɛ f fː h ʰk ʰkː ʰp ʰpː ʰt ʰtː ʰts ʰtsː ʰt̠ʃ ʰt̠ʃː ie ɪ j jː k kː l lː m mː n nː ɲ ɲː ŋ ŋː o ɔ p pː r rː s sː ʃ ʃː t tː ts tsː t̠ʃ t̠ʃː ʊ ʊa v vː
2498	east2304	ä äː ã̈ː æɪ̯ æ̃ɪ̯̃ b bʰ d ð dʰ d̠ʒ d̠ʒʰ ɖ ɖʰ eː ẽː f ɡ ɡʰ ɣ h iː ĩː ɪ ɪ̃ j kʰ l m n ɳ oː õː ɔʊ̯ ɔ̃ʊ̯̃ pʰ ɽ ɾ s ʃ tʰ t̠ʃʰ ʈʰ uː ũː ʊ ʊ̃ ʋ wʰ x z ʒ β θ
2499	serb1264	ä äː b d̪̻ d̻ʒ̻ d̺ʒ̺ʷ e̞ e̞ː f ɡ i iː k l ʎ m n ɲ o̞ o̞ː p r s̪̻ ʃ̺ t̪̻ t̪̻s̪̻ t̻ʃ̻ t̺ʃ̺ʷ u uː ʋ x z̪̻ ʒ̺
2500	bash1264	æ ɒ b c ɕː d ð e̞ f h i ɪ̞ ɪ̞̈ ɨ j ɟ ɫ m n ŋ o̞ p q r ʁ s ʂ t ts t̠ʃ u ʉ̞ ʊ̞̈ v w x z ʐ θ
2501	tuuu1240	a aː e eː ə əː f j k kʰ l m n ŋ o oː p pʰ q r s ʂ ʃ t tʰ ts tsʰ t̠ʃ t̠ʃʰ ʈʂ ʈʂʰ u uː w x
2502	shum1243	a b ɕ ɕʰ d dz dʑ ɖʐ e ə ɡ ɣ h i j k kʰ l l̥ m n ⁿb ⁿd ⁿdz ⁿdʑ ⁿɖʐ ⁿɡ ɲ ŋ o p pʰ r s sʰ ʂ t tɕ tɕʰ tʰ ts tsʰ ʈʂ ʈʂʰ u w x xʰ z ʑ
2503	ukra1253	ɑ b d̪ d̪ʲ d̪z̪ d̪z̪ʲ d̠ʒ ɛ f ɡ ɦ i ɪ j k lʲ ɫ m n̪ n̪ʲ ɔ p r rʲ s̪ sʲ ʃ ʃʲː t̪ tʲ t̪s̪ t̪s̪ʲ t̠ʃ t̠ʃʲː u ʋ x z̪ z̪ʲ ʒ ʒʲː
2504	lowa1242	a b c cʰ d dz d̠ʒ ɖ ɛ ɡ h ɪ j ɟ k kʰ l l̥ m m̥ n ɲ ŋ œ ɔ p pʰ r r̥ s ʃ t tʰ ts tsʰ t̠ʃ t̠ʃʰ ʈ ʈʰ ʊ w y
2505	scot1243	a ae b d e əi əu ɛ f ɡ h i ɪ j kʰ ɫ m n ŋ o ɔ ɔe pʰ ɾ s ʃ tʰ t̠ʃ u v ʌ w ʍ x z ʒ θ
2506	east2328	a ð̪̺ e ɣ i ɪ̈ j k l̺ ʎ m n̺ ɲ ŋ o œ p r s ʂ t̪̺ tʲ t̺s̺ ʈʂ u ʊ̜ ʊ̜̈ y̞ z ʐ β
2507	shan1277	a aː c d e ɛ ɤ f h i j k kʰ l m n ɲ ŋ o ɔ p pʰ s sʰ t tʰ u ɯ ɰ v w x ʔ
2508	sind1272	æ æ̃ ɐ̆ ɑ ɑ̃ b bʱ ɓ d̪ d̪ʱ d̠ʒ d̠ʒʱ ɖ ɖʱ ᶑ e ẽ f ɡ ɡʱ ɠ ɣ h i ĩ ɪ̆ j ʄ k kʰ l lʱ m n nʱ ɲ ɳ ɳʱ ŋ o õ ɔ ɔ̃ p pʰ r rʱ ɽ ɽʱ s ʃ t̪ t̪ʰ t̠ʃ t̠ʃʰ ʈ ʈʰ u ũ ʊ̆ v x z ʔ
2509	osse1243	ɐ̆ ɑ̝̹ b̥ d̺̥ e̞ f ɡ̊ ɡ̊ʷ i ɨ̆ j k kʰ kʷ kʷʰ kʷʼ kʼ l m n̺ o̞ p pʰ pʼ q qʷ r̺ ʁ ʁʷ s̺ ʃ t̺ t̺ʰ t̺s̺ː t̺s̺ʼ t̺ʼ u v w z̺ ʒ χ χʷ
2510	mehr1241	a aː ai̯ au̯ b ɕ ɕʼ d ð eː ə əi̯ əu̯ ɛ ɛː f ɡ ɣ h ħ iː j kʰ kʼ l ɬ ɬʼ m n oː õː r s sʼ tʰ tʼ uː w x z ʑ ʔ ʕ θ θʼ
2511	khar1287	ɑ b bʱ c cʰ d̪ d̪ʱ ɖ ɖʱ ɛ f ɡ ɡʱ h ɪ j ɟ ɟʱ k kʰ l̪ m n̪ ɲ ɳ ŋ ɔ p ɽ ɽʱ ɾ̪ s̪ t̪ t̪ʰ ʈ ʈʰ ʊ w ʔ
2512	chec1245	ɑː ɑ̃ː b d̪ dz d̠ʒ e̞ e̞ː ẽ̞ː ə ə̃ f ɡ h ʜ iː ĩː ie iẽ i̯e i̯ẽ ɪ ɪ̃ j kʰ kʼ ɫ̪ m o̞ o̞ː pː pʰ pʼ qː qʰ qʼ ɾ ɾ̥ ʁ s sː ʃ t̪ː t̪ʰ tsʰ tsʼ t̠ʃʰ t̠ʃʼ t̪ʼ uː ũː u̯o u̯õ u̯oː u̯õː ʊ ʊ̃ w x xk z ʒ ʔ ʢ
2513	taga1270	ä b d̪ d̠ʒ ɛ f ɡ i j kx l m n̪ ɲ ŋ o p ɾ s ʃ t̪ ts t̠ʃ u v w
2514	wakh1245	ä äː b ç d ð dz d̠ʒ ɖ ɖʐ ɜ̹ ɜ̹ː f ɡ ɣ iː ɪ ɨ̹ ɨ̹ː j k l̥ ɭ̥ m n o ɔː p q r ɽ̊ ʁ s ʂ ʃ t ts t̠ʃ ʈ ʈʂ u̞ u̞ː v w x z ʐ ʒ θ χ
2515	stan1293	a aɪ aʊ ɑː ɒ b d ð d̠ʒ eː eɪ ə ɛ ɛʉ f ɡ h iː iɛ ɪ j k l m n ŋ ɔɪ p r s ʃ t t̠ʃ ʉː ʊ v w z ʒ θ
2516	astu1245	ä b d̪ e̞ f ɡ i i̯ j k l m n ɲ o̞ p r ɾ s ʃ t̪ t̠ʃ ʈʂ u u̯ θ
2517	phut1244	a b c d e ɛ ɤ f h i j k kʰ l m n ɲ ŋ o ɔ p pʰ s t tʰ u ɯ v w ʔ
2518	nort2740	a b c d e ɛ ɤ f h i ia j k l m n ɲ ŋ o ɔ p pʰ s t tʰ u ua ɯ ɯɑ v w x ʔ
2519	kham1282	a ã aː ɑ ɑ̃ ɑː b c cʰ ɕ ɕʰ d dz dʑ ɖ e ẽ eː ə ə̃ əː ɛ ɛ̃ ɛː ɡ ɣ h ʰc ʰk ʰl̥ ʰp ʰt ʰʈ ɦ ʱb ʱd ʱdz ʱdʑ ʱɖ ʱɡ ʱj ʱɟ ʱl ʱm ʱn ʱɲ ʱŋ ʱz ʱʐ i ĩ iː j ɟ k kʰ l m m̥ mpʰ n n̥ ⁿb ⁿd ⁿdz ⁿdʑ ⁿɖ ⁿɡ ⁿɟ ⁿsʰ ⁿtɕʰ ntʰ ntsʰ ⁿʈʰ ⁿxʰ ɲ ɲ̊ ɲcʰ ŋ ŋ̊ ŋkʰ o õ oː ɔ ɔ̃ ɔː ɵ ɵ̃ ɵː p pʰ ɸ r s sʰ ʂ ʂʰ t tɕ tɕʰ tʰ ts tsʰ ʈ ʈʰ u ũ uː ɯ ɯ̃ ɯː w ʷd ʷʰɕʰ ʷʰk ʷʰs ʷʰsʰ ʷʰʂʰ ʷʰt ʷʰtɕ ʷʰts ʷʰʈ ʷɟ ʷl ʷm ʷz ʷʐ ʷʑ x xʰ z ʐ
2520	west2369	æ ɒː b d d̠ʒ e̞ f ɡ ɢʁ h iː j kʰ l̪ m n o̞ pʰ r̪ s ʃ tʰ t̠ʃʰ uː v z ʒ ʔ χ
2521	iris1253	a ɐɪ ɑː bˠ bʲ ç cʰ d̪ˠ d̪ʲ d̠ʒ eː ə ɛ̝ fˠ fʲ ɡ ɣ h i̞ iː iːə ia ɪ ʝ ɟ kʰ l̪ˠ l̪ʲ mˠ mʲ n̪ˠ n̪ʲ ŋ ŋ̟ oː ɔ̝ ɔʊ pˠʰ pʲʰ ɾ̪ˠ ɾ̪ʲ sˠ ʃ t̪ˠʰ t̪ʲʰ uː uːe uːə ʊ vˠ vʲ x
2522	sher1255	a a̤ ɑ ɑ̤ b c cʰ d d̠ʒ ɖ e e̤ ɡ h i ĩ i̤ j ɟ k kʰ l l̥ m n ɲ ŋ o o̤ p pʰ r r̥ s ʃ t tʰ ts tsʰ t̠ʃ t̠ʃʰ ʈ ʈʰ u ṳ w z
2523	sala1264	æ ɑ ɑː b̥ ɕ d̥ d̥z̥ d̥ʑ̥ d̥ʒ̊ ɖ̥ʐ̥ e̞ː f ɡ̊ ɢ̥ h ʰkʰ ʰpʰ ʰqʰ ʰsʰ ʰtɕʰ ʰtʰ ʰtsʰ ʰt̠ʃʰ ʰʈʂʰ i iː l ɫ m n ŋ ø̞ o̞ o̞ː r ʂ u ɯ v x y z̥ χ
2524	lezg1247	æ æː ɑː b d̪ ɛ f fʲ ɡ ɡʷ ɢ h i j k kʰ kʲ kʲʰ kʲʼ kʷ kʷʰ kʷʲ kʷʲʰ kʷʲʼ kʷʼ kʼ l̪ m n̪ p pʰ pʲ pʲʰ pʲʼ pʼ q qʰ qʲ qʲʰ qʲʼ qʷ qʷʰ qʷʲ qʷʲʰ qʷʲʼ qʷʼ qʼ r̪ ʁ ʁʷ s̪ s̪ʲ s̪ʷ s̪ʷʲ ʃ t̪ t̪ʰ t̪ʲ t̪ʲʰ t̪ʲʼ t̪s̪ t̪s̪ʰ t̪s̪ʲ t̪s̪ʲʰ t̪s̪ʲʼ t̪s̪ʷ t̪s̪ʷʰ t̪s̪ʷʲ t̪s̪ʷʲʰ t̪s̪ʷʲʼ t̪s̪ʷʼ t̪s̪ʼ t̠ʃ t̠ʃʰ t̠ʃʼ t̪ʷ t̪ʷʰ t̪ʷʲ t̪ʷʲʰ t̪ʷʲʼ t̪ʷʼ t̪ʼ u ʌ w x xʲ y z̪ z̪ʷ ʒ ʔ χ χʲ χʷ χʷʲ
2525	kham1282	a ɑ̃ b ɕ ɕʰ d dz dʑ d̠ʒ ɖʐ e ẽ ei ə ɛ ɤ ɡ ɣ h ɦ i ĩ j j̊ k kʰ l l̥ m m̥ n n̥ ⁿb ⁿd ⁿdz ⁿdʑ ⁿd̠ʒ ⁿɖʐ ⁿɡ ɲ ɲ̊ ŋ ŋ̊ ou ɔ ɔ̃ p pʰ ɹ ɹ̥ s sʰ ʃ ʃʰ t tɕ tɕʰ tʰ ts tsʰ t̠ʃ t̠ʃʰ ʈʂ ʈʂʰ u ũ ua ue uẽ ui ɯ ɯ̃ w x z ʑ ʒ
2526	sora1254	a b c d e ə ɡ i ɨ j ɟ k l m n ɲ ŋ o p r ɽ s t u ʊ ʔ
2527	walu1241	a aː b c cʰ ɕ d ɖ e eː ɡ h i iː j ɟ k kʰ l l̥ m n ɲ ŋ o ø oː øː p pʰ r r̥ s t tɕ tɕʰ tʰ ts tsʰ ʈ ʈʰ u uː w y yː
2528	kork1243	a ã b bʰ c d dʰ ɖ ɖʰ e ẽ ɡ ɡʰ h i ĩ j ɟ ɟʰ k kʰ l m mʰ n ɲ ŋ o õ p pʰ r ɽ s t tʰ ʈ ʈʰ u ũ ʔ
2529	pamp1243	a b d d̠ʒ ɛ ɡ i k l ʎ m n ŋ o p ɾ s t t̠ʃ u w ʔ
2530	doma1258	a aː b d̪ d̠ʒ d̪ˤ e eː f ɡ ɣ h ħ i iː j k l̪ ɫ m n̪ o oː ɔ p q r̪ s̪ s̪ˤ ʃ t̪ t̠ʃ t̪ˤ u uː v ʌ w x z̪ z̪ˤ ʒ ʔ ʕ χ
2531	phut1244	a b c d e ɛ ɤ f h i j k kʰ l m n ɲ ŋ o ɔ p pʰ s t tʰ u ɯ w ʔ
2532	east2328	a ð̪̺ e ɣ i ɪ̈ j k l̺ ʎ m n̺ ɲ ŋ o œ p r s ʂ t̪̺ tɕ tʲ ʈʂ u ʊ̜ y̞ z ʐ β
2533	ersu1241	a a˞ b ɕ d d̪z̪ d͇z͇ dʑ ɖɽ ə˞ ɛ f ɡ i j k kʰ l ɬ m mpʰ n ⁿb ⁿd ⁿd̪z̪ ⁿd͇z͇ ⁿdʑ ⁿɖɽ ⁿɡ ⁿtɕʰ ntʰ ⁿt̪s̪ʰ ⁿt͇s͇ʰ ⁿʈɽʰ ŋ ŋkʰ o p pʰ ɹ̪̩ ɹ̪̹̩ ɽ s̪ s͇ t tɕ tɕʰ tʰ t̪s̪ t͇s͇ t̪s̪ʰ t͇s͇ʰ ʈɽ ʈɽʰ v w x z̪ z͇ ʑ
2534	amdo1237	a b c cʰ d d̠ʒ ɖʐ e ə f ɡ i j ɟ k kʰ l l̥ m m̥ mpʰ n n̥ ⁿb ⁿd ⁿdz ⁿd̠ʒ ⁿɖʐ ⁿɡ ⁿɟ ntʰ ntsʰ n̠t̠ʃʰ ɲ ɲ̊ ɲcʰ ŋ ŋ̊ ŋkʰ o p pʰ q qʰ r s ʂ ʃ t tʰ ts tsʰ t̠ʃ t̠ʃʰ ʈʂ ʈʂʰ u x χ
2535	finn1318	æ ɑ d̺ e̞ f h i j k l̺ m n̺ ŋ ø̞ o̞ p r̺ s t̪ u ʋ y ʔː
2536	udmu1245	æ ɑ b d̻ dʑ e̞ ɤ̝ ɡ i ɪ j k l̻ ʎ̟ m n̻ ɲ̟ ŋ ø̠̞ o̞ p r s̻ sʲ ʂ t̻ tɕ u y̠ z̻ zʲ ʐ β
2537	khal1271	a aː aːi̯ ai̯ b d d̠ʒ e ei̯ ə f ɡ ɢʁ ɣ h iː j kʰ l̪ m n o ø oi̯ ou̯ pʰ r̪ s ʃ tʰ t̠ʃʰ uː v yː z ʒ χ
2538	west2408	a b c d ɖ e ɡ h i j ɟ k l m n ŋ o p r r̥ ɽ s t ʈ u w
2539	shix1238	a ã æ æ̃ ɑ ɑ̃ b ɕ d̪ d̪z̪ dʑ ɖʐ e ə˞ ɛ̃ ɘ ɘ̃ ɜ ɡ h ɦ i ĩ iæ iæ̃ iɛ̃ iɜ j k kʰ l̪ ɬ̪ m m̥ n̪ n̪̥ ⁿb ⁿd̪ ⁿd̪z̪ ⁿdʑ ⁿɖʐ ⁿɡ ⁿɢ ɲ ŋ o õ ɔ̃ ɵ p pʰ q qʰ r̪ ʁ s̪ ʂ t̪ tɕ tɕʰ t̪ʰ t̪s̪ t̪s̪ʰ ʈʂ ʈʂʰ u ũ ua uã uæ uɑ̃ uɛ̃ uɜ ui w x y ỹ yæ yɜ yi yĩ z̩ z̪ ʐ ʑ ʔ χ
2540	kara1462	a a̰ aː ãː æː ãɛ̃ b̥ cçː d̥ ɛ ɛ̰ ɛ̃ː ɛ̃ːi̯ ɞ̜ ɞ̜̰ ɞ̜ː ɞ̜̃ː ɡ̊ ɢ̥ ɣ ħ ħ̃ʲ i ḭ iː ĩː ɪ ɪ̰ ɪː ɪ̃ː ɨ̞ ɨ̞̰ ɨ̞ː ɨ̞̃ː j j̃ ɟ̥ʝ̥ kː l m n ɲ ŋ œ̃ɛ̃ ɔ̟̜ ɔ̟̜̰ ɔ̟̜ː ɔ̟̜̃ː pʰː qː r ʀ sː ʃː tː u ṵ uː ũː ʉ ʉ̰ ʉː ʉ̃ː v z̥ ʒ̊ ʔ
2541	uppe1395	ä æ b bʲ d̪ d̠ʒ f ɡ h i i̯ i̯e ɨ̞ j k kʰ l lʲ m mʲ n nʲ ɔ p pʲ r rʲ s̪ ʃ t̪ t̪s̪ t̪s̪ʲ t̠ʃ u uo v w wʲ x z̪ z̪ʲ ʒ
2542	hind1269	äː ã̈ː æ b b̤ʱ d̻ d̻̤ʱ d̠ʒ d̤ʒ̤ʱ ɖ ɖ̤ʱ eː ẽː ə ə̃ ɛː ɛ̃ː f ɡ ɡ̤ʱ ɦ iː ĩː ɪ ɪ̃ j k kʰ l̻ m n̻ oː õː ɔː ɔ̃ː p pʰ r ɽ ɽ̤ʱ s ʂ ʃ t̻ t̻ʰ t̠ʃ t̠ʃʰ ʈ ʈʰ uː ũː ʊ ʊ̃ ʋ z
2543	pott1240	a ã aː ãː b c d̪ ɖ e ẽ eː ẽː ɡ i ĩ iː ĩː j ɟ k l̪ m n̪ ɳ ŋ o õ oː õː p r̪ s̪ t̪ ʈ u ũ uː ũː w
2544	nucl1729	a aː ai au b bʰ d̪ dʰ dz dzʰ ɖ ɖʰ e eː ei eu ɡ ɡʰ h i iː j j̊ k kʰ l l̥ m m̥ n n̥ ŋ ŋ̊ o oː oi p pʰ r r̥ s sʰ t̪ t̪ʰ ts tsʰ ʈ ʈʰ u uː ui w ʍ
2545	sout2642	ä äː b d d̠ʒ ɖ eː ɡ ɣ h iː ɪ j k l m n oː p ɽ ɾ s ʃ t t̠ʃ ʈ uː ʊ ʋ x z ʒ
2546	camp1261	ä ã̈ b bː d ð dː dz dzː d̠ʒ d̠ʒː ɖː e ẽ ɛ ɛ̃ f fː ɡ ɡː ɣ i ĩ j k kː l lː m mː n nː o õ ɔ ɔ̃ p pː r rː ʁ s sː ʃ ʃː t tː ts tsː t̠ʃ t̠ʃː u ũ v vː z ʒ β
2547	tulu1258	a aː b c d̪ ɖ e eː ɛ ɛː ɡ i iː j ɟ k l̪ m n̪ ɲ ɳ ŋ o oː p r̪ s̪ ʃ t̪ ʈ u uː ɯ ɯː w
2548	acha1249	a ɑ ɑ̃ ɑi ɑu ɕ ɛ ɛ̃ ɛi f i iɑ iɑu iɛ iɛ̃ iu k kʰ l l̥ m m̥ mʲ m̥ʲ n n̥ ɲ ɲ̊ ŋ ŋ̊ o ou p pʰ pʲ pʲʰ ɹ̪̩ s ʂ t tɕ tɕʰ tʰ ts tsʰ ʈʂ ʈʂʰ u uɑ uɑ̃ uɑi uɛ ui ɯ w x ʐ ʑ ʔ
2549	chec1245	ɑː ɑ̃ː b d̪ dz d̠ʒ e̞ e̞ː ẽ̞ː ə ə̃ f ɡ h ʜ iː ĩː ie iẽ i̯e i̯ẽ ɪ ɪ̃ j kʰ kʼ ɫ̪ m ø o̞ øː o̞ː pː pʰ pʼ qː qʰ qʼ ɾ ɾ̥ ʁ s sː ʃ t̪ː t̪ʰ tsʰ tsʼ t̠ʃʰ t̠ʃʼ t̪ʼ uː ũː u̯o u̯õ u̯oː u̯õː ʊ ʊ̃ w x xk y yː yø y̯ø z ʒ ʔ ʢ
2550	sant1410	a ã ae ao b bʰ c d dʰ ɖ ɖʰ e ea ei eo ə ə̃ əi əu ɛ ɛ̃ ɛo ɡ h i ĩ iə io iu j ɟ ɟʰ k l m n ɲ ŋ o oa oe oi ɔ ɔ̃ ɔe p r ɽ s t tʰ ʈ u ũ uə ui w
2551	shan1277	a aː c d e ɛ ɤ f h i j k kʰ l m n ŋ o ɔ p pʰ s sʰ t tʰ u ɯ ɰ v w ʔ
2552	abkh1244	ä äː b d dʷ dz d̠ʒ d̠ʓ d̠ʓʷ ɖʐ f ɡ ɡʲ ɡʷ ħ ħʷ ɨ j kʰ kʲʰ kʲʼ kʷʰ kʷʼ kʼ l m n pʰ pʼ qʲʼ qʷʼ qʼ r ʁ ʁʲ ʁʷ s ʂ ʃ ʃʷ ʆ ʆʷ tʰ tsʰ tsʼ t̠ʃʰ t̠ʃʼ t̠ʆ t̠ʆʰ t̠ʆʷʰ t̠ʆʷʼ tʷʰ tʷʼ tʼ ʈʂʰ ʈʂʼ ɥˤ v w z ʐ ʒ ʒʷ ʓ ʓʷ χ χʲ χʷ χʷˤ χˤ
2553	amdo1237	a b c cʰ d d̠ʒ ɖʐ e ə ɛ ɡ ɣ h i j ɟ k kʰ l l̥ m n ⁿb ⁿd ⁿdz ⁿd̠ʒ ⁿɖʐ ⁿɡ ⁿɟ ɲ ŋ o ɔ p pʰ q qʰ r ʁ s ʂ ʃ t tʰ ts tsʰ t̠ʃ t̠ʃʰ ʈʂ ʈʂʰ u ɯa ɯo v x z ʒ χ
2554	swed1254	a ɑː b ɕ d̪ eː ɛ ɛː f ɡ h ɧ iː ɪ ʝ kʰ l̪ m n̪ ŋ oː øː œ ɔ ɵ pʰ ɹ s̪ t̪ʰ uː ʉ̟ː ʊ v yː ʏ
2555	stan1289	a b d̪ dz̺ d̠ʒ e ə ɛ f ɡ i i̯ j k ɫ̺ ʎ̟ m n̺ ɲ̟ ŋ o ɔ p r̺ ɾ̺ s̺ ʃ t̪ ts̺ t̠ʃ u u̯ w z̺ ʒ
2556	tuuu1240	a e ə f i j k kʰ l m n ŋ o p pʰ q r s ʂ ʃ t tʰ ts tsʰ t̠ʃ t̠ʃʰ ʈʂ ʈʂʰ u w x
2557	hung1274	ä äː b c d dz d̠ʒ eː ɛ f ɡ h i iː j ɟ k l m n ɲ o ø oː øː ɔ p ɾ s ʃ t ts t̠ʃ u uː v yː z ʒ
2558	tibe1272	a ã aː ãː c cʰ ɕ e ẽ eː ẽː ea h i ĩ iː ĩː ie ĩẽ j k kʰ l ɬ m n ɲ ŋ oa õã œː œ̃ː ɔ ɔ̃ ɔː ɔ̃ː p pʰ ɹ s ʂ t tɕ tɕʰ tʰ ts tsʰ ʈʂ ʈʂʰ ʊ ʊ̃ ʊː ʊ̃ː w yː ỹː
2559	mala1464	a aː ai au b bʰ c cʰ d dʰ ɖ ɖʰ e eː ei ə ɡ ɡʰ h i iː j ɟ ɟʰ k kʰ l ɭ m n n̪ ɲ ɳ ŋ o oː oi p pʰ r r̪ s ʂ ʃ t t̪ tʰ ʈ ʈʰ u uː ʋ ʐ
2560	axiy1235	a a̰ b ɕ d dz dʑ ɖ ɖʐ e ḛ ɛ ɛ̰ f ɡ ɣ i ḭ k kʰ l ɬ m n ŋ o o̰ p pʰ ɹ̪̩ ɹ̪̰̩ s ʂ t tɕ tɕʰ tʰ ts tsʰ ʈ ʈʰ ʈʂ ʈʂʰ u ṵ ɯ ɯ̰ v x z ʐ ʑ
2561	buru1296	äː b ɕ d dʑ ɖ ɖʐ ɛ ɛː f ɡ h i iː j k kʰ l ɬ m n ŋ o oː p pʰ q qʰ r ʁ s ʂ t tɕ tɕʰ tʰ ts tsʰ ʈ ʈʰ ʈʂ ʈʂʰ u uː ʌ w x z
2562	mind1253	a ai au e eu h i ia ie iu k kʰ l m n ŋ o ø øy ɔ p pʰ s t tʰ ts tsʰ u ua uai ui uo y yo ʔ
2563	temi1246	a ã aː ãː b c d e eː ə əː ɛ ɛ̃ ɛː ɛ̃ː ɡ h i ĩ iː ĩː j ɟ k l m n ɲ ŋ o oː ɔ ɔ̃ ɔː ɔ̃ː p ɾ s t u ũ uː ũː ʉ ʉ̃ ʉː ʉ̃ː w ʔ
2564	uppe1400	ae̯ aɵ̯ aˤː eː ɛ ɛː ɞ ɞʏ̯ f h iː ɪ j k kʰ l̪ m n̪ ŋ oˤ oˤː ɔˤː ɵ ɵː p ʁ̞ s̪ ʃ t̪ ʉː ʊˤː ʋ ʌ ʌː ʌˤː
2565	ghod1238	ä ã̈ äː b ç cʰ cʰː cʼ d d̠ʒ e eː ɡ h ħ i ĩ iː j ɟ kʰ kʰː kʷʰ kʷʰː kʷʼ kʼ l ɬ ɬː m n o oː p qʷʼ qʼ qχʰ r ʁ ʁː s sː ʃ ʃː tʰ tɬʰː tɬʼ tsʰ tsʰː tsʼ t̠ʃʰ t̠ʃʰː t̠ʃʼ tʼ u ũ uː xː z ʒ ʔ ʔˤ β χ χː χʷ
2566	skol1241	a̟ ɐ ɑ ɑ̆ b bʲ c ç d ð dʲ ðʲ dz dzʲ d̠ʒ d̠ʒʲ e ĕ ə ɛ ɛa̟ ɛɐ f fʲ ɡ ɣ i iɐ ie iə ii j ʝ ɟ k l lʲ ʎ m mʲ n nʲ ɲ ŋ o ɔ p pʲ r rʲ s sʲ ʃ ʃʲ t tʲ ts tsʲ t̠ʃ t̠ʃʲ u ua̟ uɐ ue uə ui uɔ v vʲ w x z zʲ ʒ ʒʲ
2567	jahh1242	a ã b c d e ẽ ə ə̃ ɛ ɛ̃ ɡ h i ĩ i̯ɛ i̯ɛ̃ j ɟ k l l̩ m m̩ n ɲ ŋ o õ ɔ ɔ̃ p r r̩ s t u ũ u̯a u̯ã u̯ə u̯ə̃ u̯ɛ u̯ɛ̃ u̯o u̯õ u̯ɔ u̯ɔ̃ ʉ ʉ̃ w ʔ
2568	icel1247	ä äi̯ äu̯ c ç cʰ ð̺̞ ei̯ ɛ f h i ɪ j k kʰ l ɬ m m̥ n̪ n̪̥ ɲ ɲ̥ ŋ ŋ̥ œ øɪ̯ ou̯ ɔ ɔi̯ p pʰ r r̥ s̺ t̪ t̪ʰ u ɰ ʋ x ʏ ʏi̯ θ̻
2569	vlax1238	ɑ b d dʑ d̠ʒ e ə f ɡ h i ɨ j k kʰ l ʎ m n o p pʰ r ɾ s t tɕʰ tʰ ts t̠ʃʰ u v x z
2570	udih1248	ä a̰ äː æ æ̰ æː b d̪ dz e̞̰ ɜ ɜː f ɡ i iː ie̞ j k l̪ʲ m n̪ ɲ ŋ ø̞ o̞ øː o̞ː ɵ̞̰ p s t̪ ts t̠ʃ u uː w x y yː
2571	astu1245	ä b d̪ e̞ f ɡ i i̯ j k l ʎ m n ɲ o̞ p r ɾ s ʃ t̪ t̠ʃ u u̯ x θ
2572	tain1252	a aː c e ɛ ɤ f h i j k l m n ɲ o ɔ p pʰ s t tʰ u ɯ ɰ v w x ʔ
2573	sout2746	a b c d e ɛ ɤ f h i ia j k kʰ l m n ŋ o ɔ p pʰ r s t tʰ u ua ɯ ɯa w ʔ
2574	chec1245	ɑː ɑ̃ː b d̪ dz d̠ʒ e̞ e̞ː ẽ̞ː ə ə̃ f ɡ h ʜ iː ĩː ie iẽ i̯e i̯ẽ ɪ ɪ̃ j kʰ kʼ ɫ̪ m o̞ o̞ː pː pʰ pʼ qː qʰ qʼ ɾ ɾ̥ ʁ s sː ʃ t̪ː t̪ʰ tsʰ tsʼ t̠ʃʰ t̠ʃʼ t̪ʼ uː ũː u̯o u̯õ u̯oː u̯õː ʊ ʊ̃ w x xk z ʒ ʔ ʢ
2575	komi1269	ä̠ b c ɕ d̻ dʑ ɖʐ e ɘ̠ f ɡ i ɨ̠ j ɟ k l̻ ʎ m n̻ ɲ o p r rʲ s̻ ʂ t̻ tɕ t̻s̪̻ ʈʂ u ʋ x z̻ ʐ ʑ
2576	bodo1267	a ã ai ao b ɖ e ẽ ei ɡ h i ĩ ia ĩã ie io ĩõ ɟ k l m n ɲ ŋ o õ oi p r s t u ũ z ʔ
2577	buru1296	äː ã̈ː æ b ɕ d dʑ ɖ ɖʐ ɛ ɛ̃ ɛː ɛ̃ː f ɡ ɢ h i ĩ iː ĩː j k kʰ l m n ŋ o õ oː õː p pʰ q qʰ r s ʂ t tɕ tɕʰ tʰ ts tsʰ ʈ ʈʰ ʈʂ ʈʂʰ u ũ uː ũː ʌ ʌ̃ w x z ʐʲ
2578	lisu1250	ɑ b ɕ d dz dʑ e ɛ ɤ f ɡ ɣ h h̃ i j k kʰ l m n ɲ ŋ o ø p pʰ ɻ̩ s t tɕ tɕʰ tʰ ts tsʰ u ɯ w x y z ʔ
2579	tuvi1240	ɑ ɑː ɑ̰ː b b̥ d̪ d̪̥ ɛ ɛː ɛ̰ː f ɡ ɣ h i iː ḭː j l m n̪ ŋ œ œː œ̰ː ɔ ɔː ɔ̰ː p pʰ q ɾ s̪ ʃ t̪ t̪ʰ t̪s̪ t̠ʃ u uː ṵː ɯ̽ ɯ̽ː ɯ̰̽ː v y yː y̰ː z̪ ʒ β χ
2580	kara1474	ä ã̈ b çː d d̠ʒ e̞ ẽ̞ ɡ ɣ h ʜ i ĩ̞ j kʰ kxʰː kxʼː kʼ l ɬ ɬː m n o̞ õ̞ pʰ qχʰː qχʼː r s sː ʃ ʃː tʰ tɬʰː tɬʼ tɬʼː tsʰ tsʰː tsʼ tsʼː t̠ʃʰ t̠ʃʰː t̠ʃʼ t̠ʃʼː tʼ u ũ w x xː z ʒ ʔ ʢ
2581	west2392	a æ ð̪̺ e ɣ i ɪ ɪ̈ j k l̺ ʎ m n̺ ɲ ŋ o œ p ɸ r s sʲ ʂ t̪̺ t̺s̺ u x y̞ z zʲ ʐ β
2582	taid1248	a aː b c d e ə ɛː f h i ia ɨ ɨa j k kʰ l m n ɲ ŋ o ɔː p pʰ s t tʰ u ua v w ʔ
2583	basq1248	ä b c d dz̻ e̞ f ɡ i i̯ ɟ k l̺ ʎ m n̺ ɲ o̞ p r̺ ɾ̺ s̺ ʃ t ts̻ t̠ʃ u u̯ x ʒ
2584	bret1244	a aː æ æ̃ æː au ãũ̯ ɑ̃ ɒ ɒː b d d̠ʒ e ẽ eː ə əu əy ɛ ɛː ɛɪ f ɡ h i ĩ iː j j̊ j̃ k l l̥ m m̥ n n̥ ŋ ŋ̊ o ø oː øː œ̃ ɔ ɔ̃ ɔː p r r̥ s ʃ t t̠ʃ u uː ɥ ɥ̊ v w w̥ y yː z ʒ
2585	sout2729	a ɑ ɑ̃ ɑɯ b b˞ d̪ dz d̠ʒ ɖʐ e ə ɜ ɜi̯ ɡ ɡ˞ ɣ i ĩ ɨ j k k˞ k˞ʰ kʰ l̪ l̪̊ m m̥ n̪ n̪̊ o õ p p˞ p˞ʰ pʰ ɻ ɻ̊ s ʂ ʃ t̪ t̪ʰ ts tsʰ t̠ʃ t̠ʃʰ ʈʂ ʈʂʰ u ʉ ɥ w x y ỹ z ʐ ʒ
2586	sout2436	a ɑː b d̪ dz d̠ʒ ɖ eː ə ɡ ɣ ɪ j kʰ m n oː pʰ ɽ ɽ̃ s ʂ ʃ t̪ʰ tsʰ t̠ʃʰ ʈʰ ʊ w x z ʐ ʒ
2587	kham1282	a a̰ ɐ ɑ b ç cç cçʰ çʰ ɕ ɕʰ d dz dʑ ɖ e ə ɛ ɡ ɣ h ɦ i j ʝ ɟʝ k kʰ l l̥ m m̥ n n̥ ŋ ŋ̊ o ɔ ɵ p pʰ r r̥ s sʰ ʂ t tɕ tɕʰ tʰ ts tsʰ ʈ ʈʰ u ʉ ɯ ɰ ʌ w x xʰ z ʔ
2588	bona1250	a aː ç e eː ə f h i iː j k kʰ l m n ŋ ɵ ɵː p pʰ q r s ʂ t tʰ ts tsʰ t̠ʃ t̠ʃʰ u uː w ʒ χ
2589	wane1241	a ɑː b d̪ dz ɖ e ə ɡ ɣ iː j kʰ m n o pʰ ɽ ɽ̃ s ʃ t̪ʰ tsʰ t̠ʃʰ ʈʰ uː w x z ʒ
2590	digo1242	ɐ̆ ɑ b̥ d̺̥ d̺̥z̺̥ e f ɡ̊ ɡ̊ʷ ɪ̆ j k kʰ kʷ kʷʰ kʷʼ kʼ l m n̺ o p pʰ pʼ q qʷ r̺ ʁ ʁʷ s̺ t̺ t̺ʰ t̺s̺ t̺s̺ʰ t̺s̺ʼ t̺ʼ ŭ v w z̺ χ χʷ
2591	kham1282	a æ æ̃ ao ɑ ɑ̃ ɑː b ɕ ɕʰ d dz dʑ ɖʐ e eː ə əː əo ɡ h i ĩ iː ĩː j j̊ k kʰ l ɮ m m̥ n n̥ ⁿb ⁿd ⁿdz ⁿdʑ ⁿɖʐ ⁿɡ ɲ ɲ̊ ŋ ŋ̊ o õ õː p pʰ ɾ s sʰ ʂ ʂʰ t tɕ tɕʰ tʰ ts tsʰ ʈʂ ʈʂʰ u ũ uː ua uæ ue ui ɯ ɯː w y z ʐ ʑ ʔ
2592	tosk1239	ä b c d ð͇ˠ dz d̠ʒ e ə f ɡ h i i̯ j ɟ k l ɫ m n ɲ o p r ɾ s ʃ t ts t̠ʃ u u̯ v y z ʒ θ
2593	east2282	ä äː æ æː b bʲ d dʲ dz dzʲ d̠ʒ ɛ ɛː f fʲ ɡ ɡʲ i i̯ iː iɛ ɨ j k kʲ lʲ ɫ m mʲ n nʲ ɔ ɔː p pʲ r s sʲ ʃ t tʲ ts tsʲ t̠ʃ u u̯ uː uɔ v vʲ x xʲ z zʲ ʒ
2594	stan1289	a̟ b c d̪ dz̺ d̠ʒ e ə̹ ɛ̞ f i i̯ j ɟ ɫ̺ ʎ̟ m n̺ ɲ̟ ŋ o ɔ̞ p r̺ ɾ̺ s̺ ʃ t̪ ts̺ t̠ʃ u u̯ w z̺ ʒ
2595	turk1304	æː ɑ ɑː b d̪ ð d̠ʒ ɛ ɡ h i iː j k l̪ m n̪ ŋ œ œː ɔ ɔː pʰ ɾ ʃ t̪ʰ t̠ʃ u uː ɯ ɯː w x y yː ʒ θ
2596	jerr1238	aːu̯ ɒ ɒ̃ ɒː ɒ̃ː ɒːi̯ b d ð d̠ʒ ẽ ẽː eːi̯ ei̯ ɛ ɛ̃ ɛː ɛ̃ː f ɡ h i iː j k l m n ɲ ŋ o õ õː oːu̯ øːy̯ œ œ̃ œː œ̃ː øy̯ p r s ʃ t t̠ʃ u uː u̯o u̯ɔː v yː ʏ z ʒ
2597	cent1989	a aː aə aɛ ao ɓ ɗ e eː ea ə əː əɨ ɛ f h i iː ie ɪ ɨ ɨː ɨə j k l m n ɲ ŋ o oː oa oə ou ɔ ɔː p r s t u uː uə w ʔ
2598	assa1263	a ã ɒ b bʰ d dʰ e ẽ ɛ ɛ̃ ɡ ɡʰ i ĩ j k kʰ l m n ŋ o õ ɔ p pʰ r s t tʰ u ũ w x z
2599	kalm1243	a aː äː ɐ b d̪ ɖʐ e̞ e̞ː f ɡ ɣ iː ɪ j k l̪ m n̪ ŋ ø̞̜ o̞ ø̞̜ː o̞ː p r s̪ ʂ t̪ t̪s̪ ʈʂ uː ʊ v x y yː z ʐ
2600	kham1282	a ɒ b ɕ d dz d̠ʒ ɖ e ɣ h i ɨ j k kʰ l l̥ m m̥ n n̥ ⁿb ⁿd ⁿdz ⁿɖ ⁿɡ ⁿɟ ɲ ɲ̊ ŋ ŋ̊ o p pʰ ɻ ɻ̊ s t tʰ ts tsʰ t̠ʃ t̠ʃʰ ʈ ʈʰ u w x z ʑ
2601	scot1245	a ã aː ãː ai au ãũ ç ðʲ e eː ei ẽɪ̃ ɛ ɛ̃ ɛː ɛ̃ː ɛi ɛ̃ũ ɤ ɤː ɤi f fʲ ɣ ɣʲ h i iː ia iə iɛ ii ɪ̃ ɪ̃ː ɪ̃ə̃ j k kʰ kʲ kʲʰ l lˠ lʲ m n nˠ nʲ o oː ɔ ɔ̃ ɔː ɔ̃ː ɔu p pʰ pʲ pʲʰ ɾ ɾˠ s ʃ t tʰ tʲ tʲʰ u ũ uː ũː ua ũã uə uɛ ui u̠u ɯ ɯː ɯ̃ː v x
2602	lowe1385	ä b bʲ ɕ d̪ dʑ d̠ʒ ɛ f fʲ ɡ ɡʲ h i iɪ̯ ɨ j k kʲ l m mʲ n̪ ɲ̟ ɔ p pʲ r rʲ s ʃ t̪ tɕ ts t̠ʃ u vʲ w x z ʑ ʒ
2603	nene1249	æː ɑː b bʲ ɕ ð dʲ ə ɤː ɨ ɨː j k l ʎ m mʲ n ɲ ŋ oː p pʲ r rʲ s t tɕ u uː w x ʔ
2604	poli1260	ä b c ɕ d̪ d̪z̪ dʑ ɖ̻ʐ̻ ɛ ɘ̟ f ɡ i ĩ̯ j ɟ k m n̪ ɔ p s̪ ʂ̻ t̪ tɕ t̪s̪ ʈ̻ʂ̻ u ũ̯ v w x z̪ ʐ̻ ʑ
2605	suii1243	a aː aːi aːu ai au ɕ e eu ə f ɡ ɢ ɣ h i iu j k kʰ l m m̥ n n̥ ⁿb ⁿd ɲ ɲ̊ ŋ ŋ̊ o oi p pʰ q qʰ ʁ s t tɕ tɕʰ tʰ ts tsʰ u ui v x z ʔ ʼb ʼd ʼɡ ʼɣ ʼj ʼm ʼn ʼɲ ʼŋ ʼw
2606	ilok1237	ä b d̪ d̠ʒ ɛ ɡ h i j k l̪ m n̪ ŋ o p r s ʃ t̪ t̠ʃ u ɯ w ʔ
2607	najd1235	a aː b d̪ ð d̠ʒ ðˤ eː f ɡ ɢ h ħ i iː j ɟ k oː ʁ s sˤ ʃ t̪ t̠ʃ t̪ˤ u uː w z ʕ θ χ
2608	akha1245	a̤ ã̤ a̰ b bʲ d dʲ dz e̤ ḛ ə̤ ə̰ ɛ̤ ɛ̰ ɡ ɣ h i̤ ḭ j k kʰ m m̩ mʲ n ɲ ŋ ø̤ ø̰ o̤ o̰ ɔ̤ ɔ̰ p pʰ pʲ pʲʰ s sʰ sʲ sʲʰ t tʰ tʲ tʲʰ ts tsʰ ṳ ṵ ɯ̤ ɯ̰ x xʰ y̤ y̰ z
2609	tata1255	a ä ɒ b ɕ ɕː d̪ ɛ ɘ̆ ɤ̞̆ f ɡ h iɪ̯ ɨ j k l m n̪ ŋ ŏ ɔ ɵ̆ p q r ʁ s̪ ʃ t̪ tɕ ts u ʉ ɯɪ̯ v z̪ ʑ ʒ ʔ β χ
2610	kaba1278	äː ɐ b ç d dz eː ə f fʼ ɡʲ ɡʷ h ħ iː j ʝ kʲʼ kʷʰ kʷʼ l ɬ ɬʼ m n oː pʰ pʼ qʰ qʷʰ qʷʼ qʼ ɾ ʁ ʁʷ s ʃ ʃʼ tʰ ts tsʼ tʼ uː w xʷ z ʒ ʔ ʔʷ χ χʷ
2611	tami1289	a aː ai au b c d̪ ɖ e eː ɡ h i iː j ɟ k l̪ ɭ m n n̪ ɲ ɳ ŋ o oː p r r̪ t̪ ʈ u uː w ʐ
2612	uigh1240	æː ɑ ɑː b ɕː d̪ d̠ʒ e ɛ f ɡ h ɪ ɪː j k l m n̪ ŋ o ø œː ɔː p q r ʁ s ʃ t̪ ts t̠ʃ ʊ ʊː v w x ʏ ʏː z ʒ ʔ
2613	buru1296	äː b ɕ d dʑ ɖ ɖʐ ɛ ɛː f ɡ ɢ h i iː j k kʰ l m n ŋ o oː p pʰ q qʰ r s ʂ t tɕ tɕʰ tʰ ts tsʰ ʈ ʈʰ ʈʂ ʈʂʰ u uː ʌ w x z ʐʲ
2614	amdo1237	a b ç ɕ d dz dʑ ɖʐ e ə f ɡ ɣ h i j k kʰ l ɬ m m̥ n n̥ ɲ ɲ̊ ŋ ŋ̊ o p pʰ r ʁ s sʰ ʂʰ t tɕ tɕʰ tʰ ts tsʰ ʈʂ ʈʂʰ u w z ʑ χ
2615	basq1248	ä b d dz̻ e̞ f ɡ i i̯ ɟ k l̺ ʎ m n̺ ɲ o̞ p r̺ ɾ̺ s̺ ʃ t ts̻ t̠ʃ u u̯ x
2616	erzy1239	ä b d̪ dʲ e̞ f ɡ i ɨ j k lʲ ɫ m n̪ nʲ ŋ o̞ p ɾ ɾʲ s̪ sʲ ʂ t̪ tʲ t̪s̪ tsʲ ʈʂ u v x z̪ zʲ ʐ
2617	narp1239	a ã aː ae æ æː ai̯ au̯ e eː ɛ ɛ̃ ɛː i iː j k kʰ l l̥ m n ɲ ŋ o oː œ œː œi̯ ou̯ p pʰ r r̥ s ʃ t tʰ ts tsʰ t̠ʃ t̠ʃʰ ʈ ʈʰ u uː ui̯ w ʔ
2618	west2368	ä äː aːɪ ɑʊ̯ b d d̠ʒ ɖ eː ɡ ɣ iː ɪ j k l m n oː p ɽ ɾ s ʃ t t̠ʃ ʈ uː ʊ ʋ x z ʒ
2619	gali1258	ä b d̪ ð̞ e ɛ f ħ i j ɟ k l m n ɲ ŋ o ɔ p r ɾ s̺ ʃ t̪ t̠ʃ u w β̞ θ
2620	mana1288	ɑ ɑ̃ e ẽ h i ĩ j k kʰ kʷ kʷʰ l m mʷ n ɲ ŋ ŋʷ o õ p pʰ pʷ pʷʰ ɾ s ʂ ʃ t̪ t̪ʰ ts tsʰ t̠ʃ t̠ʃʰ ʈ ʈʰ u ũ ʌ ʔ
2621	sheh1240	a b d ð dʼ ðʼ e ə ɛ f ɡʲ h ħ i j kʰ kʼ l ɬ ɮʼ m n o ɔ r ʁ s sʼ ʃ ʃ̞ ʃ̞ʼ tʰ u w z ʕ θ χ
2622	west2368	æɪ̯ ɑː b d d̠ʒ ɖ ɡ h iː i̯ɛ ɪ j k l m n ɔʊ̯ p ɽ ɾ ʁ s ʃ t t̠ʃ ʈ u̯ɔ ʊ ʋ yː z ʒ χ
2623	port1283	ä ã̈ ɐ ɐ̃ b d̪ e ẽ ə ɛ f ɡ i ĩ i̯ ĩ̯ j k ɫ ʎ m n̪ ɲ o õ ɔ p ɾ ʁ s̻ ʃ t̪ u ũ u̯ ũ̯ ɯ̽ v w z̻ ʒ
2624	beng1280	æ æ̃ æi̯ ɑ ɑ̃ ɑi̯ b bʱ c cʰ d d̪ dʱ d̪ʱ e̞ ẽ̞ ɡ ɡʱ h i ĩ j ɟ ɟʱ k kʰ l m n ŋ o õ ɔ ɔ̃ ɔi̯ p pʰ r s ʃ t t̪ tʰ t̪ʰ u ũ w
2625	sout2750	ä äː d dʑ ə ɛ ɛː ɡ i iː iɛ j k l ʎ m n ɲ ŋ œ œː ɔ ɔː p q r ʁ ʃ t tɕ u uː uœ uɔ w ʒ
2626	osse1243	ɐ̹̆ ɑ b̥ d̺̥ d̥ʒ̥ e̞ f ɡ̊ ɡ̊ʷ i ɨ̆ j k kʰ kʷ kʷʰ kʷʼ kʼ l m n̺ o̞ p pʰ pʼ q qʷ r̺ ʁ ʁʷ s̺ ʃ t̺ t̺ʰ t̺s̺ː t̠ʃ t̠ʃʰ t̠ʃʼ t̺ʼ u v w z̺ ʒ χ χʷ
2627	pnar1238	a ai b d d̠ʒ e ei ɛ h i ia ie io iɔ j k kʰ l l̩ m n n̩ ɲ ŋ o oi ɔ p pʰ r r̩ s t tʰ t̠ʃ u ui w ʔ
2628	nyaw1245	a b c d e ɛ ɤ h i ia j k kʰ l m n ɲ ŋ o ɔ p pʰ s t tʰ u ua ɯ ɯa w ʔ
2629	bura1267	a e i j k͈ k͉ l ɭ m n ɳ ȵ ŋ o p͈ p͉ r ɻ t͈ t͉ ʈ͈ ʈ͉ ȶ͈ ȶ͉ u w
2630	buna1275	a aː i j j̪ k l ɭ ȴ m n n̪ ɳ ȵ ŋ p r ɻ t t̪ ʈ ȶ u w
2631	goon1238	a aː i j k l ɭ ȴ m n n̪ ɳ ȵ ŋ p r ɻ t t̪ ʈ ȶ u w
2632	madn1237	a e i j k l ɭ ȴ m n ɳ ȵ ŋ p r ɻ t ʈ ȶ u ʉ w
2633	mull1237	a e ə i j k l̺ ȴ m n̺ ȵ ŋ p r̺ ɹ̺ t̺ ȶ u w
2634	murr1259	a e i j k͈ k͉ l ɭ m n n̪ ɳ ȵ ŋ p͈ p͉ r ɻ t͈ t͉ t̪͈ t̪͉ ʈ͈ ʈ͉ ȶ͈ ȶ͉ u w
2635	nang1259	a ɕ e i j k͈ l̺ m n̺ ȵ ŋ p͈ p͉ ɸ r̺ ɹ̺ t̺͈ t̺͉ ȶ͈ u w x z̺
2636	wadj1254	a e i j k l ɭ ȴ m n ɳ ȵ ŋ ø p r ɻ t ʈ ȶ u w
2637	mari1417	a e i j k l ɭ m n ɳ ȵ ŋ p r ɻ t ʈ ȶ u w
2638	mari1419	a ð e i j k͈ k͉ l l̪ ɭ m n n̪ ɳ ȵ ŋ p͈ p͉ r ɻ t͈ t͉ t̪͈ ʈ͈ ʈ͉ ȶ͈ ȶ͉ u w ʐ ʑ β
2639	mari1424	a e i j k͈ k͉ l m n ȵ ŋ p͈ p͉ ɸ r ɻ t͈ t͉ t̪͉ ʈ͉ ȶ͈ ȶ͉ u w
2640	mart1254	a ð e i j k͈ k͉ l ɭ m n n̪ ɳ ȵ ŋ p͈ p͉ r ɻ t͈ t͉ t̪͈ ʈ͈ ʈ͉ ȶ͈ ȶ͉ u w ʐ ʑ β
2641	amii1238	a e i j k͈ k͉ l l̪ ȴ m n n̪ ɳ ȵ ŋ ɵ p͈ p͉ r ɻ t͈ t͉ t̪͈ t̪͉ ʈ͈ ʈ͉ ȶ͈ ȶ͉ u w ʐ β
2642	lara1258	a e ə i j k l ɭ ȴ m n ɳ ȵ ŋ o p r ɻ t ʈ ȶ u w β
2643	nucl1327	a i j k͈ k͉ l ɭ ȴ m n ɳ ȵ ŋ p͈ p͉ r ɻ t͈ t͉ ʈ͈ ʈ͉ ȶ͈ ȶ͉ u w
2644	umbu1235	a aː e i iː j k l ɭ ȴ m n ɳ ȵ ŋ o p r ɻ t ʈ ȶ u uː w
2645	gara1269	a i j k l̺ ȴ m n̺ ȵ ŋ p r̺ ɹ̺ t̺ ȶ u w
2646	wany1247	a aː i iː j k l̺ ȴ m n̺ ȵ ŋ p r̺ ɹ̺ t̺ ȶ u uː w
2647	gara1269	a i j k l̺ ȴ m n̺ ȵ ŋ p r̺ ɹ̺ t̺ ȶ u w
2648	erre1238	a e i j k l ɭ ȴ m n ɳ ȵ ŋ ø p r ɻ t ʈ ȶ u ɰ w
2649	mang1382	a e i j k l ɭ ȴ m n ɳ ȵ ŋ ø p r ɻ t ʈ ȶ u ɰ w
2650	urni1239	a e i j k l ɭ ȴ m n ɳ ȵ ŋ ø p r ɻ t ʈ ȶ u ɰ w
2651	anin1240	a e ə i j k kʷ l l̪ ɭ ȴ m n n̪ ɳ ȵ ŋ ŋʷ p r ɻ t t̪ ʈ ȶ w
2652	ngal1292	a e h i ɨ j k͈ k͉ l ɭ m n ɳ ȵ ŋ o p͈ p͉ r ɻ t͈ t͉ ʈ͈ ʈ͉ ȶ͈ ȶ͉ u w ʔ
2653	gaga1251	a aː e eː i iː j k l ɭ ȴ m n ɳ ȵ ŋ o oː p r ɻ t ʈ ȶ u uː w
2654	ngal1293	a e i j k͈ k͉ l ɭ m n ɳ ȵ ŋ o p͈ p͉ r ɻ t͈ t͉ ʈ͈ ʈ͉ ȶ͈ ȶ͉ u w ʔ
2655	ngan1295	a aː e i iː j k͈ k͉ l l̪ ɭ m n n̪ ɳ ȵ ŋ o oː p͈ p͉ r ɻ t͈ t͉ t̪͈ t̪͉ ʈ͈ ʈ͉ ȶ͈ ȶ͉ u uː w ʔ
2656	gund1246	a e i j k͈ k͉ l ɭ m n ɳ ȵ ŋ o p͈ p͉ r ɻ t͈ t͉ ʈ͈ ʈ͉ ȶ͈ ȶ͉ u w ʔ
2657	gund1246	a e i j k͈ k͉ l ɭ m n ɳ ȵ ŋ o p͈ p͉ r ɻ t͈ t͉ ʈ͈ ʈ͉ ȶ͈ ȶ͉ u w ʔ
2658	gune1238	a e i ɨ j k͈ k͉ l ɭ m n ɳ ȵ ŋ o p͈ p͉ r ɻ t͈ t͉ ʈ͈ ʈ͉ ȶ͈ ȶ͉ u w ʔ
2659	mura1269	a e i j k͈ k͉ l ɭ m n ɳ ȵ ŋ o p͈ p͉ r ɻ t͈ t͉ ʈ͈ ʈ͉ ȶ͈ ȶ͉ u w ʔ
2660	guma1252	a e i j k͈ k͉ l ɭ m n ɳ ȵ ŋ o p͈ p͉ r ɻ t͈ t͉ ʈ͈ ʈ͉ ȶ͈ ȶ͉ u w ʔ
2661	naia1238	a e i j k͈ k͉ l ɭ m n ɳ ȵ ŋ o p͈ p͉ r ɻ t͈ t͉ ʈ͈ ʈ͉ ȶ͈ ȶ͉ u w ʔ
2662	djau1244	a e i j k͈ k͉ l ɭ m n ɳ ȵ ŋ o p͈ p͉ r ɻ t͈ t͉ ʈ͈ ʈ͉ ȶ͈ ȶ͉ u w ʔ
2663	remb1249	a e ə i j k͈ k͉ l ɭ m n ɳ ȵ ŋ o p͈ p͉ r ɻ t͈ t͉ ʈ͈ ʈ͉ ȶ͈ ȶ͉ u w ʔ
2664	wara1290	a e i j k͈ k͉ l̺ m n̺ ȵ ŋ o p͈ p͉ r̺ t̺͈ t̺͉ ȶ͈ ȶ͉ u w
2665	nung1290	a aː i iː j k l l̪ ɭ m n n̪ ɳ ȵ ŋ p r ɻ t t̪ ʈ ȶ u uː w
2666	amar1271	a ɣ i j k l ɭ ȴ m n ɳ ȵ ŋ p r ɺ ɺ̺̠ ɻ ɽ t ʈ ȶ u w
2667	marg1251	a i j k l ɭ ȴ m n n̪ ɳ ȵ ŋ p r ɺ ɺ̺̠ ɻ ɽ t t̪ ʈ ȶ u ɰ w
2668	wurr1238	a i j k l ɭ m n ɳ ȵ ŋ p r ɺ ɺ̺̠ ɻ ɽ t ʈ ȶ u ɰ w
2669	maun1240	a e ɣ i j k l ɭ m n ɳ ȵ ŋ o p r ɻ t ʈ ȶ u w
2670	gari1254	a i j k l ɭ ȴ m n ɳ ȵ ŋ p r ɺ ɺ̺̠ ɻ ɽ t ʈ ȶ u ɰ w
2671	ilga1238	a i j k l ɭ ȴ m n ɳ ȵ ŋ p r ɺ ɺ̺̠ ɻ ɽ t ʈ ȶ u ɰ w
2672	iwai1244	a i j k l ɭ m n ɳ ȵ ŋ p r ɺ ɺ̺̠ ɻ ɽ t ʈ ȶ u ɰ w
2673	miri1266	a ə i j k l ȴ m n ȵ ŋ p r ɻ t t̪ ʈ ȶ u w
2674	kitj1240	a aː i ɨ j k l ɭ ȴ m n n̪ ɳ ȵ ŋ p r ɻ t t̪ ʈ ȶ u w
2675	kung1259	a e i j k͈ k͉ l̺ m n̺ ȵ ŋ o p͈ p͉ r̺ ɹ̺ t̺͈ t̺͉ ȶ͈ ȶ͉ u w
2676	djee1236	a e i j k l ɭ m n ɳ ȵ ŋ o p r ɻ t ʈ ȶ u w
2677	gura1252	a e i j k͈ k͉ l ɭ m n ɳ ȵ ŋ o p͈ p͉ r ɻ t͈ t͉ ʈ͈ ʈ͉ ȶ͈ ȶ͉ u w ʔ
2678	naka1260	a e i j k͈ k͉ l ɭ m n ɳ ȵ ŋ o p͈ p͉ r ɻ t͈ ʈ͈ ʈ͉ ȶ͈ ȶ͉ u w
2679	mara1385	a e i j k l l̪ ɭ m n n̪ ɳ ȵ ŋ p r ɻ t t̪ ʈ ȶ u w
2680	wand1263	a i j k l ɭ m n ɳ ȵ ŋ p r ɻ t t̪ ʈ ȶ u w
2681	alaw1244	a e i j k͈ k͉ l ɭ ȴ m n ɳ ȵ ŋ p͈ p͉ r ɻ t͈ t͉ ʈ͈ ʈ͉ ȶ͈ ȶ͉ u w
2682	mang1381	a e i j k l ɭ m n ɳ ȵ ŋ o p r ɻ t ʈ ȶ u w ʔ
2683	djam1255	a e i j k l ɭ ȴ m n ɳ ȵ ŋ p r ɻ t t̪ ʈ ȶ u w
2684	ngal1294	a e i j k l ɭ ȴ m n ɳ ȵ ŋ p r ɻ t ʈ ȶ u w
2685	nung1291	a i j k l̺ ȴ m n̺ ȵ ŋ p r̺ ɹ̺ t̺ ȶ u w
2686	ngar1283	a aː i j k l ɭ ȴ m n ɳ ȵ ŋ p r ɻ t ʈ ȶ u w
2687	djin1251	a i j k l ɭ ȴ m n ɳ ȵ ŋ p r ɻ t ʈ ȶ u w
2688	binb1242	a aː i iː j k l ɭ ȴ m n ɳ ȵ ŋ p r ɻ t ʈ ȶ u uː w
2689	guda1243	a i j k l ɭ ȴ m n ȵ ŋ p r ɻ t ʈ ȶ u w
2690	wamb1258	a aː i iː j k l ɭ ȴ m n ɳ ȵ ŋ p r ɻ t ʈ ȶ u uː w
2691	mink1237	a i j k l l̪ ɭ ȴ m n n̪ ɳ ȵ ŋ p r ɻ t t̪ ʈ ȶ u w
2692	ngum1253	a i j k l ɭ ȴ m n ɳ ȵ ŋ p r ɻ t ʈ ȶ u w
2693	nyig1240	a i j k l ɭ ȴ m n ɳ ȵ ŋ p r ɻ t ʈ ȶ u w
2694	warr1258	a i j k l ɭ ȴ m n ɳ ȵ ŋ p r ɻ t ʈ ȶ u w
2695	dyug1238	a aː i iː j k͈ k͉ l ɭ ȴ m n ɳ ȵ ŋ p͈ p͉ r ɻ t͈ t͉ ʈ͈ ʈ͉ ȶ͈ ȶ͉ u uː w
2696	yawu1244	a aː i iː j k͈ k͉ l ɭ ȴ m n ɳ ȵ ŋ p͈ p͉ r ɻ t͈ t͉ ʈ͈ ʈ͉ ȶ͈ ȶ͉ u uː w
2697	bard1255	a aː i iː j k l ɭ ȴ m n ɳ ȵ ŋ o p r ɻ t ʈ ȶ u uː w
2698	nima1245	a aː i iː j k l ɭ ȴ m n ɳ ȵ ŋ p r ɻ t ʈ ȶ u uː w
2699	dyab1238	a i j k l ɭ ȴ m n ɳ ȵ ŋ p r ɻ t ʈ ȶ u w
2700	djaw1238	a i j k l ɭ ȴ m n ɳ ȵ ŋ p r ɻ t ʈ ȶ u w
2701	nyul1247	a i j k l ɭ ȴ m n ɳ ȵ ŋ p r ɻ t ʈ ȶ u w
2702	alya1239	a ə i j jʷ k kʷ l l̪ lʷ l̪ʷ ɭ ɭʷ ȴ ȴʷ m mʷ n n̪ nʷ n̪ʷ ɳ ɳʷ ȵ ȵʷ ŋ ŋʷ p pʷ r rʷ ɻ ɻʷ t t̪ tʷ t̪ʷ ʈ ʈʷ ȶ ȶʷ ɰ w
2703	east2380	a ə i j jʷ k kʷ l l̪ lʷ l̪ʷ ɭ ɭʷ ȴ ȴʷ m mʷ n n̪ nʷ n̪ʷ ɳ ɳʷ ȵ ȵʷ ŋ ŋʷ p pʷ r rʷ ɻ ɻʷ t t̪ tʷ t̪ʷ ʈ ʈʷ ȶ ȶʷ u ɰ w
2704	west2442	a ə i j jʷ k kʷ l l̪ lʷ l̪ʷ ɭ ɭʷ ȴ ȴʷ m mʷ n n̪ nʷ n̪ʷ ɳ ɳʷ ȵ ȵʷ ŋ ŋʷ p pʷ r rʷ ɻ ɻʷ t t̪ tʷ t̪ʷ ʈ ʈʷ ȶ ȶʷ u ɰ w
2705	ande1247	a ə i j jʷ k kʷ l l̪ lʷ l̪ʷ ɭ ɭʷ ȴ ȴʷ m mʷ n n̪ nʷ n̪ʷ ɳ ɳʷ ȵ ȵʷ ŋ ŋʷ p pʷ r rʷ ɻ ɻʷ t t̪ tʷ t̪ʷ ʈ ʈʷ ȶ ȶʷ u ɰ w
2706	mpar1238	a ə i j jʷ k kʷ l l̪ lʷ l̪ʷ ɭ ɭʷ ȴ ȴʷ m mʷ n n̪ nʷ n̪ʷ ɳ ɳʷ ȵ ȵʷ ŋ ŋʷ p pʷ r rʷ ɻ ɻʷ t t̪ tʷ t̪ʷ ʈ ʈʷ ȶ ȶʷ u ɰ w
2707	ayer1246	a ə i j jʷ k kʷ l l̪ lʷ l̪ʷ ɭ ɭʷ ȴ ȴʷ m mʷ n n̪ nʷ n̪ʷ ɳ ɳʷ ȵ ȵʷ ŋ ŋʷ p pʷ r rʷ ɻ ɻʷ t t̪ tʷ t̪ʷ ʈ ʈʷ ȶ ȶʷ u w
2708	east2379	a ə i j jʷ k kʷ l l̪ lʷ l̪ʷ ɭ ɭʷ ȴ ȴʷ m mʷ n n̪ nʷ n̪ʷ ɳ ɳʷ ȵ ȵʷ ŋ ŋʷ p pʷ r rʷ ɻ ɻʷ t t̪ tʷ t̪ʷ ʈ ʈʷ ȶ ȶʷ u ɰ w
2709	lowe1436	a ə i j jʷ k kʷ l l̪ lʷ l̪ʷ ɭ ɭʷ ȴ ȴʷ m mʷ n n̪ nʷ n̪ʷ ɳ ɳʷ ȵ ȵʷ ŋ ŋʷ p pʷ r rʷ ɻ ɻʷ t t̪ tʷ t̪ʷ ʈ ʈʷ ȶ ȶʷ u ɰ w
2710	west2441	a ə i j jʷ k kʷ l l̪ lʷ l̪ʷ ɭ ɭʷ ȴ ȴʷ m mʷ n n̪ nʷ n̪ʷ ɳ ɳʷ ȵ ȵʷ ŋ ŋʷ p pʷ r rʷ ɻ ɻʷ t t̪ tʷ t̪ʷ ʈ ʈʷ ȶ ȶʷ u ɰ w
2711	kayt1238	a ə i j jʷ k kʷ l l̪ lʷ l̪ʷ ɭ ɭʷ ȴ ȴʷ m mʷ n n̪ nʷ n̪ʷ ɳ ɳʷ ȵ ȵʷ ŋ ŋʷ p pʷ r rʷ ɻ ɻʷ t t̪ tʷ t̪ʷ ʈ ʈʷ ȶ ȶʷ ɰ w
2712	yugu1249	a aː e eː i iː j k l̺ m n̺ ȵ ŋ p r̺ t̺ ȶ u uː w
2713	gida1240	a aː e eː i iː j k l̺ m n̺ ȵ ŋ p r̺ ɹ̺ t̺ ȶ u uː w
2714	guwa1244	a aː i iː j k l̺ m n̺ ȵ ŋ p r̺ ɹ̺ t̺ ȶ u uː w
2715	minj1242	a aː e eː i iː j k l̺ m n̺ ȵ ŋ p r̺ t̺ ȶ u uː w
2716	waal1238	a aː e eː i iː j k l̺ m n̺ ȵ ŋ p r̺ t̺ ȶ u uː w
2717	bung1264	a i j k l l̪ ɭ ȴ m n n̪ ɳ ȵ ŋ p r ɻ t t̪ ʈ ȶ u w
2718	warr1257	a aː e i j k l l̪ ɭ ȴ m n n̪ ɳ ȵ ŋ o p r ɻ t t̪ ʈ ȶ u w
2719	gami1243	a aː i iː j k l̺ m n̪ n̺ ȵ ŋ p r̺ ɹ̺ t̪ t̺ ȶ u uː w
2720	muru1266	a aː i iː j k l ɭ m n n̪ ɳ ȵ ŋ p r ɻ ɾ t t̪ ʈ ȶ u uː w
2721	wang1291	a aː i iː j k l̺ m n̪ n̺ ȵ ŋ p r̺ ɹ̺ t̪ t̺ ȶ u uː w
2722	wayi1238	a aː i iː j k l̺ m n̪ n̺ ȵ ŋ p r̺ ɹ̺ t̪ t̺ ȶ u uː w
2723	wira1262	a aː i iː j k l̺ m n̪ n̺ ȵ ŋ p r̺ ɹ̺ t̪ t̺ ȶ u uː w
2724	wirr1237	a aː i iː j k l̺ m n̪ n̺ ȵ ŋ p r̺ ɹ̺ t̪ t̺ ȶ u uː w
2725	yuwa1242	a aː i iː j k l̺ m n̪ n̺ ȵ ŋ p r̺ ɹ̺ t̪ t̺ ȶ u uː w
2726	yuwa1243	a aː i iː j k l̺ m n̪ n̺ ȵ ŋ p r̺ ɹ̺ t̪ t̺ ȶ u uː w
2727	dhud1236	a aː e i j k l̺ m n̪ n̺ ȵ ŋ o p r̺ ɹ̺ t̪ t̺ ȶ u w
2728	jand1248	a aː i iː j k l̺ m n̺ ȵ ŋ p r̺ ɹ̺ t̺ ȶ u uː w
2729	djindewal	a aː i iː j k l̺ m n̺ ȵ ŋ p r̺ ɹ̺ t̺ ȶ u uː w
2730	yaga1262	a aː i iː j k l̺ m n̺ ȵ ŋ p r̺ ɹ̺ t̺ ȶ u uː w
2731	yaga1262	a aː i iː j k l̺ m n̺ ȵ ŋ p r̺ ɹ̺ t̺ ȶ u uː w
2732	dyir1250	a i j k l̺ m n̺ ȵ ŋ p r̺ ɹ̺ t̺ ȶ u w
2733	warr1255	a aː i iː j k l̺ m n̺ ȵ ŋ p r̺ ɹ̺ t̺ ȶ u uː w
2734	kumb1268	a aː i iː j k l̺ m n̺ ȵ ŋ p r̺ ɹ̺ t̺ ȶ u uː w
2735	kumb1268	a aː i iː j k l̺ m n̺ ȵ ŋ p r̺ ɹ̺ t̺ ȶ u uː w
2736	yayg1236	a aː i iː j k l̺ m n̺ ȵ ŋ p r̺ r̺͈ ɹ̺ t̺ ȶ u uː w
2737	guwa1242	a i j k l l̪ ɭ ȴ m n n̪ ɳ ȵ ŋ p r ɻ t t̪ ʈ ȶ u w
2738	yand1251	a i j k l l̪ ɭ ȴ m n n̪ ɳ ȵ ŋ p r ɻ ɾ t t̪ ʈ ȶ u w
2739	kalk1246	a aː i iː j k l l̪ ɭ ȴ m n n̪ ɳ ȵ ŋ p r ɻ t t̪ ʈ ȶ u uː w
2740	yala1262	a aː i j k l l̪ ɭ ȴ m n n̪ ɳ ȵ ŋ p r ɻ t t̪ ʈ ȶ u w
2741	bayu1240	a aː i iː j k l l̪ ɭ ȴ m n n̪ ɳ ȵ ŋ p r ɻ t t̪ ʈ ȶ u uː w
2742	burd1238	a aː i iː j k l l̪ ɭ ȴ m n n̪ ɳ ȵ ŋ p r ɻ t t̪ ʈ ȶ u uː w
2743	dhal1245	a aː i iː j k l l̪ ɭ ȴ m n n̪ ɳ ȵ ŋ p r ɻ t t̪ ʈ ȶ u uː w
2744	djiw1241	a aː i iː j k l l̪ ɭ ȴ m n n̪ ɳ ȵ ŋ p r ɻ t t̪ ʈ ȶ u uː w
2745	dhar1247	a aː i iː j k͈ k͉ l ɭ ȴ m n n̪ ɳ ȵ ŋ p͈ p͉ r ɻ t͈ t͉ t̪͈ t̪͉ ʈ͈ ʈ͉ ȶ͈ ȶ͉ u uː w
2746	thii1234	a aː i iː j k l l̪ ɭ ȴ m n n̪ ɳ ȵ ŋ p r ɻ t t̪ ʈ ȶ u uː w
2747	wari1262	a aː i iː j k l l̪ ɭ ȴ m n n̪ ɳ ȵ ŋ p r ɻ t t̪ ʈ ȶ u uː w
2748	mith1236	a i j k͈ k͉ l l̪ ɭ ȴ m n n̪ ɳ ȵ ŋ p͈ p͉ r ɻ t͈ t͉ t̪͈ t̪͉ ʈ͈ ʈ͉ ȶ͈ ȶ͉ u w
2749	dier1241	a i j k l l̪ ɭ ȴ m n n̪ ɳ ȵ ŋ p r ɻ ɽ ɾ t t̪ ʈ ȶ u w
2750	dira1238	a i j k l l̪ ɭ ȴ m n n̪ ɳ ȵ ŋ p r ɻ ɽ ɾ t t̪ ʈ ȶ u w
2751	kara1508	a i j k l l̪ ɭ ȴ m n n̪ ɳ ȵ ŋ p r ɻ ɽ ɾ t t̪ ʈ ȶ u w
2752	ngam1284	a i j k l l̪ ɭ ȴ m n n̪ ɳ ȵ ŋ p r ɻ ɽ ɾ t t̪ ʈ ȶ u w
2753	pirl1238	a i j k l l̪ ɭ ȴ m n n̪ ɳ ȵ ŋ p r ɻ ɽ ɾ t t̪ ʈ ȶ u w
2754	yand1253	a aː i j k͈ k͉ l l̪ ɭ ȴ m n n̪ ɳ ȵ ŋ p͈ p͉ r ɻ t͈ t͉ t̪͈ t̪͉ ʈ͈ ʈ͉ ȶ͈ ȶ͉ u w
2755	nhir1234	a i j k͈ k͉ l l̪ ɭ ȴ m n n̪ ɳ ȵ ŋ p͈ p͉ r ɻ t͈ t͉ t̪͈ t̪͉ ʈ͈ ʈ͉ ȶ͈ ȶ͉ u w
2756	yawa1258	a aː i j k͈ k͉ l l̪ ɭ ȴ m n n̪ ɳ ȵ ŋ p͈ p͉ r ɻ t͈ t͉ t̪͈ t̪͉ ʈ͈ ʈ͉ ȶ͈ ȶ͉ u w
2757	dier1241	a i j k l l̪ ɭ ȴ m n n̪ ɳ ȵ ŋ p r ɻ ɾ t t̪ ʈ ȶ u w
2758	punt1240	a i j k l ɭ ȴ m n ɳ ȵ ŋ p r ɻ t t̪ ʈ ȶ u w
2759	wong1246	a aː i j k͈ k͉ l l̪ ɭ ȴ m n n̪ ɳ ȵ ŋ p͈ p͉ r ɻ t͈ t͉ t̪͈ t̪͉ ʈ͈ ʈ͉ ȶ͈ ȶ͉ u w
2760	wong1246	a aː i j k͈ k͉ l l̪ ɭ ȴ m n n̪ ɳ ȵ ŋ p͈ p͉ r ɻ t͈ t͉ t̪͈ t̪͉ ʈ͈ ʈ͉ ȶ͈ ȶ͉ u w
2761	arab1267	a i j k l l̪ ɭ ȴ m n n̪ ɳ ȵ ŋ p r ɻ ɾ t t̪ ʈ ȶ u w
2762	wang1290	a i j k l l̪ ɭ ȴ m n n̪ ɳ ȵ ŋ p r ɻ ɾ t t̪ ʈ ȶ u w
2763	pitt1247	a aː i j k l l̪ ɭ ȴ m n n̪ ɳ ȵ ŋ o p r ɻ ɾ t t̪ ʈ ȶ u w
2764	wang1289	a aː i j k l l̪ ɭ ȴ m n n̪ ɳ ȵ ŋ o p r ɻ ɾ t t̪ ʈ ȶ u w
2765	kuun1236	a aː i iː j k l ɭ ȴ m n n̪ ɳ ȵ ŋ p r ɻ t t̪ ʈ ȶ u uː w
2766	pirr1240	a aː i iː j k l ɭ ȴ m n n̪ ɳ ȵ ŋ p r ɻ t t̪ ʈ ȶ u w
2767	kala1380	a i j k l ɭ ȴ m n ɳ ȵ ŋ p r ɻ t t̪ ʈ ȶ u w
2768	badi1246	a i j k l l̪ ɭ ȴ m n n̪ ɳ ȵ ŋ p r ɻ t t̪ ʈ ȶ u w
2769	malg1242	a aː i iː j k l l̪ ɭ ȴ m n n̪ ɳ ȵ ŋ p r ɻ t t̪ ʈ ȶ u uː w
2770	nhan1238	a aː i iː j j̪ k͈ k͉ l l̪ ɭ ȴ m n n̪ ɳ ȵ ŋ p͈ p͉ ɻ t͈ t͉ t̪͈ t̪͉ ʈ͈ ʈ͉ ȶ͈ ȶ͉ u uː w ʔ
2771	waja1257	a aː i iː j k l l̪ ɭ ȴ m n n̪ ɳ ȵ ŋ p r ɻ t t̪ ʈ ȶ u uː w
2772	ying1247	a aː i iː j k l l̪ ɭ ȴ m n n̪ ɳ ȵ ŋ p r ɻ t t̪ ʈ ȶ u uː w
2773	cola1237	a e i j k l ɭ ȴ m n ɳ ȵ ŋ o p r ɻ t ʈ ȶ u w
2774	daun1234	a i j k l l̪ ɭ ȴ m n n̪ ɳ ȵ ŋ p r ɻ t t̪ ʈ ȶ u w
2775	woiw1237	a i j k l l̪ ɭ ȴ m n n̪ ɳ ȵ ŋ p r ɻ t t̪ ʈ ȶ u w
2776	wath1238	a i j k l l̪ ɭ ȴ m n n̪ ɳ ȵ ŋ p r ɻ t t̪ ʈ ȶ u w
2777	woiw1237	a i j k l l̪ ɭ ȴ m n n̪ ɳ ȵ ŋ p r ɻ t t̪ ʈ ȶ u w
2778	yari1243	a i j k l l̪ ɭ ȴ m n n̪ ɳ ȵ ŋ p r ɻ t t̪ ʈ ȶ u w
2779	ladj1234	a e i j k l ɭ m n n̪ ɳ ȵ ŋ p r t t̪ ʈ ȶ u w
2780	madh1244	a e i j k l l̪ ɭ m n n̪ ɳ ŋ p r t t̪ ʈ u w
2781	wadi1260	a e i j k l ɭ m n n̪ ɳ ȵ ŋ p r t t̪ ʈ ȶ u w
2782	west2443	a e i j k l ɭ ȴ m n ɳ ȵ ŋ p r ɻ t ʈ ȶ u w
2783	djad1246	a e i j k l ɭ ȴ m n ɳ ȵ ŋ p r ɻ t ʈ ȶ u w
2784	nari1241	a e i j k l ɭ m n n̪ ɳ ȵ ŋ o p r ɻ t t̪ ʈ ȶ u w
2785	djab1234	a e i j k l ɭ ȴ m n ɳ ȵ ŋ p r ɻ t ʈ ȶ u w
2786	wemb1241	a e ə i j k l m n ɳ ȵ ŋ o p r ɻ t t̪ ʈ ȶ u w
2787	wotj1234	a e i j k l m n ɳ ȵ ŋ p r ɻ t ʈ ȶ u w
2788	gana1268	a aː e eː i iː j k l m n n̪ ɳ ȵ ŋ p r ɻ t t̪ ʈ ȶ u uː w
2789	gana1278	a e i j k l m n n̪ ɳ ȵ ŋ o p r ɻ t t̪ ʈ ȶ u w
2790	gana1278	a e i j k l m n n̪ ɳ ȵ ŋ o p r ɻ t t̪ ʈ ȶ u w
2791	gana1278	a e i j k l m n n̪ ɳ ȵ ŋ o p r ɻ t t̪ ʈ ȶ u w
2792	kera1256	a i j k l l̪ ɭ ȴ m n n̪ ɳ ȵ ŋ p r ɻ t t̪ ʈ ȶ u w
2793	lowe1402	a i j k l l̪ ɭ ȴ m n n̪ ɳ ȵ ŋ p r ɻ t t̪ ʈ ȶ u w
2794	ngin1247	a i j k l l̪ ɭ ȴ m n n̪ ɳ ȵ ŋ p r ɻ t t̪ ʈ ȶ u w
2795	narr1259	a e i j k l l̪ ɭ ȴ m n n̪ ɳ ȵ ŋ o p r ɻ t t̪ ʈ ȶ u w
2796	yith1234	a i j k l l̪ ɭ ȴ m n n̪ ɳ ȵ ŋ p r ɻ t t̪ ʈ ȶ u w
2797	bidy1243	a aː i j k l m n n̪ ȵ ŋ p r ɻ t t̪ ʈ ȶ u w
2798	gang1268	a i j k l̺ m n̪ n̺ ȵ ŋ p r̺ ɹ̺ t̪ t̺ ȶ u w
2799	biri1256	a i j k l̺ m n̪ n̺ ȵ ŋ p r̺ ɹ̺ t̪ t̺ ȶ u w
2800	biri1256	a i j k l̺ m n̪ n̺ ȵ ŋ p r̺ ɹ̺ t̪ t̺ ȶ u w
2801	gang1268	a i j k l̺ m n̪ n̺ ȵ ŋ p r̺ ɹ̺ t̪ t̺ ȶ u w
2802	gang1268	a aː ə i j k l ɭ m n n̻ ɳ ŋ p r ɻ t t̻ ʈ u uː w
2803	gang1268	a i j k l̺ m n̪ n̺ ȵ ŋ p r̺ ɹ̺ t̪ t̺ ȶ u w
2804	biri1256	a i j k l̺ m n̪ n̺ ȵ ŋ p r̺ ɹ̺ t̪ t̺ ȶ u w
2805	biri1256	a i j k l̺ m n̪ n̺ ȵ ŋ p r̺ ɹ̺ t̪ t̺ ȶ u w
2806	biri1256	a i j k l̺ m n̪ n̺ ȵ ŋ p r̺ ɹ̺ t̪ t̺ ȶ u w
2807	biri1256	a i j k l̺ m n̪ n̺ ȵ ŋ p r̺ ɹ̺ t̪ t̺ ȶ u w
2808	biri1256	a i j k l̺ m n̪ n̺ ȵ ŋ p r̺ ɹ̺ t̪ t̺ ȶ u w
2809	gang1268	a i j k l̺ m n̪ n̺ ȵ ŋ p r̺ ɹ̺ t̪ t̺ ȶ u w
2810	biri1256	a i j k l̺ m n̪ n̺ ȵ ŋ p r̺ ɹ̺ t̪ t̺ ȶ u w
2811	biri1256	a i j k l̺ m n̪ n̺ ȵ ŋ p r̺ ɹ̺ t̪ t̺ ȶ u w
2812	bidy1243	a i j k l̺ m n̪ n̺ ȵ ŋ p ɹ̺ t̪ t̺ ȶ u w
2813	dhar1248	a i j k͈ k͉ l̺ m n̪ n̺ ŋ p͈ p͉ r̺ r̺͈ ɹ̺ t̪͈ t̪͉ t̺͈ t̺͉ u w
2814	gung1248	a aː i j k l m n n̪ ȵ ŋ p r ɻ t t̪ ʈ ȶ u w
2815	kung1258	a i j k l m n ȵ ŋ p r ɻ t t̪ ʈ ȶ u w
2816	guny1241	a aː i iː j k͈ k͉ l ɭ ȴ m n n̪ ɳ ȵ ŋ p͈ p͉ r ɻ t͈ t͉ t̪͈ t̪͉ ʈ͈ ʈ͉ ȶ͈ ȶ͉ u uː w
2817	marg1253	a aː i iː j k͈ k͉ l ɭ ȴ m n n̪ ɳ ȵ ŋ p͈ p͉ r ɻ t͈ t͉ t̪͈ t̪͉ ʈ͈ ʈ͉ ȶ͈ ȶ͉ u uː w
2818	gudj1237	a i j k l̺ m n̪ n̺ ȵ ŋ p r̺ ɹ̺ t̪ t̺ ȶ u w
2819	gugu1253	a i j k l̺ m n̪ n̺ ŋ p r̺ ɹ̺ t̪ t̺ ȶ u w
2820	waru1264	a aː i j k l̺ m n̺ ȵ ŋ p r̺ ɹ̺ t̺ ȶ u w
2821	bidy1243	a i j k l̺ m n̪ n̺ ȵ ŋ p r̺ ɹ̺ t̪ t̺ ȶ u w
2822	biri1256	a i j k l̺ m n̪ n̺ ȵ ŋ p r̺ ɹ̺ t̪ t̺ ȶ u w
2823	bidy1243	a i j k l ɭ m n n̪ ɳ ȵ ŋ p r ɻ t t̪ ʈ ȶ u w
2824	bidy1243	a i j k l m n n̪ ɳ ȵ ŋ p ɻ t t̪ ʈ ȶ u w
2825	kara1476	a aː i j k l ɭ ȴ m n ɳ ȵ ŋ p r ɻ t ʈ ȶ u w
2826	mang1383	a aː i iː j k l ɭ ȴ m n ɳ ȵ ŋ o oː p r ɻ t ʈ ȶ u w
2827	nyan1301	a aː i j k l ɭ ȴ m n ɳ ȵ ŋ p r ɻ t ʈ ȶ u w
2828	guga1239	a aː ə i iː j k l̺ m n̪ n̺ ȵ ŋ p r̺ ɹ̺ ɾ̺ t̪ t̺ ȶ u uː w
2829	mayi1236	a i j k l ɭ m n n̪ ɳ ȵ ŋ p r ɻ t t̪ ʈ ȶ u w
2830	maya1280	a i j k l ɭ m n n̪ ɳ ȵ ŋ p r ɻ t t̪ ʈ ȶ u w
2831	ngaw1240	a i j k l ɭ ȴ m n n̪ ɳ ȵ ŋ p r ɻ t t̪ ʈ ȶ u w
2832	mayi1235	a i j k l ɭ m n n̪ ɳ ȵ ŋ p r ɻ t t̪ ʈ ȶ u w
2833	ngaw1240	a i j k l ɭ m n n̪ ɳ ȵ ŋ p r ɻ t t̪ ʈ ȶ u w
2834	ngaw1240	a i j k l ɭ ȴ m n n̪ ɳ ȵ ŋ p r ɻ t t̪ ʈ ȶ u w
2835	kala1379	a aː i iː j k l l̪ ɭ ȴ m n n̪ ɳ ȵ ŋ p r ɻ t t̪ ʈ ȶ u uː w
2836	kala1401	a aː i iː j k l l̪ ɭ ȴ m n n̪ ɳ ȵ ŋ p r ɻ t t̪ ʈ ȶ u uː w
2837	ngad1258	a aː i iː j k l l̪ ɭ ȴ m n n̪ ɳ ȵ ŋ p r ɻ t t̪ ʈ ȶ u uː w
2838	ngad1258	a aː i iː j k l l̪ ɭ ȴ m n n̪ ɳ ȵ ŋ p r ɻ t t̪ ʈ ȶ u uː w
2839	kari1304	a i j k l l̪ ɭ ȴ m n n̪ ɳ ȵ ŋ p r ɻ t t̪ ʈ ȶ u w
2840	kurr1243	a aː i iː j j̪ k l l̪ ɭ ȴ m n n̪ ɳ ȵ ŋ p r ɻ t t̪ ʈ ȶ u uː w
2841	mart1255	a aː i iː j k l l̪ ɭ ȴ m n n̪ ɳ ȵ ŋ p r ɻ t t̪ ʈ ȶ u uː w
2842	ngar1286	a aː i iː j k l ɭ ȴ m n ɳ ȵ ŋ p r ɻ t ʈ ȶ u uː w
2843	ngar1287	a i j k l l̪ ɭ ȴ m n n̪ ɳ ȵ ŋ p r ɻ t t̪ ʈ ȶ u w
2844	nhuw1239	a aː i iː j k l l̪ ɭ ȴ m n n̪ ɳ ȵ ŋ p r ɻ t t̪ ʈ ȶ u uː w
2845	nyam1271	a aː i iː j k l ɭ ȴ m n ɳ ȵ ŋ p r ɻ t ʈ ȶ u uː w
2846	nija1241	a i iː j k l l̪ ɭ ȴ m n n̪ ɳ ȵ ŋ p r ɻ t t̪ ʈ ȶ u uː w
2847	nija1241	a aː i iː j k l l̪ ɭ ȴ m n n̪ ɳ ȵ ŋ p r ɻ t t̪ ʈ ȶ u uː w
2848	pany1241	a aː i iː j k l l̪ ɭ ȴ m n n̪ ɳ ȵ ŋ p r ɻ t t̪ ʈ ȶ u w
2849	yind1247	a aː i iː j j̪ k l ɭ m n n̪ ɳ ȵ ŋ p r ɻ t t̪ ʈ ȶ u uː w
2850	yind1247	a aː i iː j k l l̪ ɭ ȴ m n n̪ ɳ ȵ ŋ p r ɻ t t̪ ʈ ȶ u uː w
2851	bili1250	a aː i iː j k l ɭ ȴ m n ɳ ȵ ŋ p r ɻ t ʈ ȶ u uː w
2852	wany1244	a aː i j k l ɭ ȴ m n ɳ ȵ ŋ p r ɻ t ʈ ȶ u w
2853	guri1247	a aː i iː j k l ɭ ȴ m n ɳ ȵ ŋ p r ɻ t ʈ ȶ u uː w
2854	jaru1254	a aː i iː j k l ɭ ȴ m n ɳ ȵ ŋ p r ɻ t ʈ ȶ u uː w
2855	maln1239	a aː i j k l ɭ ȴ m n ɳ ȵ ŋ p r ɻ t ʈ ȶ u w
2856	mudb1240	a aː i iː j k l ɭ ȴ m n ɳ ȵ ŋ p r ɻ t ʈ ȶ u uː w
2857	ngar1288	a aː i iː j k l ɭ ȴ m n ɳ ȵ ŋ p r ɻ ɽ t ʈ ȶ u uː w
2858	ngar1235	a aː i iː j k l ɭ ȴ m n ɳ ȵ ŋ p r ɻ t ʈ ȶ u uː w
2859	walm1241	a aː i iː j k l ɭ ȴ m n ɳ ȵ ŋ p r ɻ t ʈ ȶ u uː w
2860	warl1255	a aː i iː j k͈ k͉ l ɭ ȴ m n ɳ ȵ ŋ p͈ p͉ r ɻ t͈ t͉ ʈ͈ ʈ͉ ȶ͈ ȶ͉ u uː w
2861	warl1254	a aː i iː j k l ɭ ȴ m n ɳ ȵ ŋ p r ɻ ɽ t ʈ ȶ u uː w
2862	nyaw1247	a aː i iː j k l̺ m n̪ n̺ ŋ p r̺ ɹ̺ t̪ u uː w
2863	wulg1239	a aː i iː j k l̺ m n̪ n̺ ȵ ŋ p r̺ ɹ̺ t̪ t̺ ȶ u uː w
2864	nyun1247	a e i j k l ɭ ȴ m n ɳ ȵ ŋ o p r ɻ t ʈ ȶ u w
2865	bibb1234	a e i j k l ɭ ȴ m n ɳ ȵ ŋ o p r ɻ t ʈ ȶ u w
2866	gore1235	a e i j k l ɭ ȴ m n ɳ ȵ ŋ o p r ɻ t ʈ ȶ u w
2867	kani1276	a e i j k l ɭ ȴ m n ɳ ȵ ŋ o p r ɻ t ʈ ȶ u w
2868	nyun1247	a e i j k l ɭ ȴ m n ɳ ȵ ŋ o p r ɻ t ʈ ȶ u w
2869	pinj1244	a e i j k l ɭ ȴ m n ɳ ȵ ŋ o p r ɻ t ʈ ȶ u w
2870	ward1248	a e i j k l ɭ ȴ m n ɳ ȵ ŋ o p r ɻ t ʈ ȶ u w
2871	waju1234	a e i j k l ɭ ȴ m n ɳ ȵ ŋ o p r ɻ t ʈ ȶ u w
2872	nyun1247	a e i j k l ɭ ȴ m n ɳ ȵ ŋ o p r ɻ t ʈ ȶ u w
2873	nyun1247	a e i j k l ɭ ȴ m n ɳ ȵ ŋ o p r ɻ t ʈ ȶ u w
2874	nyun1247	a e i j k l ɭ ȴ m n ɳ ȵ ŋ o p r ɻ t ʈ ȶ u w
2875	band1337	a aː i iː j k l l̪ ɭ ȴ m n n̪ ɳ ȵ ŋ p r ɻ t t̪ ʈ ȶ u uː w
2876	darl1243	a aː i iː j k l l̪ ɭ ȴ m n n̪ ɳ ȵ ŋ p r ɻ t t̪ ʈ ȶ u uː w
2877	pall1243	a e i j k l l̪ ɭ ȴ m n n̪ ɳ ȵ ŋ o p r ɻ t t̪ ʈ ȶ u w
2878	ikar1243	a ð e ɣ i j k l̺ m n̪ n̺ ȵ ŋ o p r̺ ɹ̺ t̪ t̺ ȶ u w β
2879	ikar1243	a aː ð e eː i iː j k l̺ m n̪ n̺ ȵ ŋ o oː p r̺ ɹ̺ t̪ t̺ ȶ u uː w ʑ
2880	aghu1254	a e ə i ɨ j k͈ k͉ l̺ m n̪ n̺ ȵ ŋ o p͈ p͉ r̺ ɹ̺ t̪͈ t̪͉ t̺͈ t̺͉ ȶ͈ ȶ͉ u w
2881	thay1248	a æ ð e ɣ i ɨ j k͈ k͉ l̺ m n̪ n̺ ȵ ŋ o ɔ p͈ p͉ r̺ ɹ̺ t̪͈ t̪͉ t̺͈ t̺͉ ȶ͈ ȶ͉ u w β
2882	kawa1290	a ð e ɣ i j k͈ k͉ l̺ m n̪ n̺ ȵ ŋ o p͈ p͉ r̺ ɹ̺ t̪͈ t̪͉ t̺͈ t̺͉ ȶ͈ ȶ͉ u w β
2883	kawa1290	a ð e ɣ i j k͈ k͉ l̺ m n̪ n̺ ȵ ŋ o p͈ p͉ r̺ ɹ̺ t̪͈ t̪͉ t̺͈ t̺͉ ȶ͈ ȶ͉ u w β
2884	angu1242	a ã aː æ æ̃ æː ð e ẽ eː ɣ i ĩ iː j k l̺ m n̪ n̺ ȵ ŋ o ø p r̺ ɹ̺ t̪ t̺ ȶ u uː w y ʑ β
2885	kuku1273	a i j k l̺ m n̺ ȵ ŋ p r̺ ɹ̺ t̺ ȶ u w
2886	gugu1255	a aː i iː j k l m n n̪ ɳ ȵ ŋ p r ɻ t t̪ ʈ ȶ u uː w
2887	kuku1273	a i j k l̺ m n̺ ȵ ŋ p r̺ ɹ̺ t̺ ȶ u w
2888	mulu1243	a i j k l̺ m n̺ ȵ ŋ p r̺ ɹ̺ t̺ ȶ u w
2889	kuku1273	a i j k l̺ m n̺ ȵ ŋ p r̺ ɹ̺ t̺ ȶ u w
2890	dyaa1242	a aː i iː j k l̺ m n̺ ȵ ŋ p r̺ ɹ̺ t̺ ȶ u uː w
2891	yidi1250	a aː i iː j k l̺ m n̺ ȵ ŋ p r̺ ɹ̺ t̺ ȶ u uː w
2892	barr1247	a aː e eː i iː j k l m n n̪ ɳ ȵ ŋ p r ɻ t t̪ ʈ ȶ u uː w
2893	djan1238	a i j k l̺ m n̺ ȵ ŋ p r̺ ɹ̺ t̺ ȶ u w
2894	lamu1254	a ɕ h i j k͈ k͉ l̺ m n̪ n̺ ȵ ŋ p͈ p͉ ɸ r̺ r̺͈ ɹ̺ t̪͈ t̪͉ t̺͈ t̺͉ ȶ͈ ȶ͉ u w ʔ θ
2895	mbar1253	a ð e ɣ i j k͈ k͉ l̺ m n̪ n̺ ȵ ŋ o p͈ p͉ r̺ r̺͈ ɹ̺ t̪͈ t̪͉ t̺͈ t̺͉ ȶ͈ ȶ͉ u w β
2896	wikm1247	a aː e eː i iː j k l̺ m n̪ n̺ ȵ ŋ o oː p r̺ ɹ̺ t̪ t̺ ȶ u uː w ʔ
2897	wikn1245	a aː e eː i iː j k l̺ m n̪ n̺ ȵ ŋ o ø oː øː p r̺ ɹ̺ t̪ t̺ ȶ u uː w ʔ
2898	ayab1239	a aː e eː i iː j k l̺ m n̪ n̺ ȵ ŋ o oː p r̺ t̪ t̺ ȶ u uː w ʔ
2899	wikn1246	a aː e eː i iː j k͈ k͉ l̺ m n̪ n̺ ȵ ŋ o oː p͈ p͉ r̺ t̪͈ t̪͉ t̺͈ t̺͉ ȶ͈ ȶ͉ u uː w ʔ
2900	kuuk1238	a aː i iː j k l̺ m n̪ n̺ ȵ ŋ p r̺ t̪ t̺ ȶ u uː w ʔ
2901	paka1251	a aː e eː i iː j k͈ k͉ l̺ m n̪ n̺ ȵ ŋ o oː p͈ p͉ r̺ ɹ̺ t̪͈ t̪͉ t̺͈ t̺͉ ȶ͈ ȶ͉ u uː w ʔ
2902	umpi1239	a aː i iː j k l̺ m n̪ n̺ ȵ ŋ p r̺ ɹ̺ t̪ t̺ ȶ u uː w ʔ
2903	ayab1239	a aː e eː i iː j k l̺ m n̪ n̺ ȵ ŋ o oː p r̺ ɹ̺ t̪ t̺ ȶ u uː w ʔ
2904	kokn1236	a e ə ɣ i j k l̺ m n̪ n̺ ȵ ŋ o ɵ p r̺ ɹ̺ ɾ̺ t̪ t̺ ȶ u w β
2905	gurd1238	a aː ð ɣ i iː ɨ j k l̺ m n̪ n̺ ȵ ŋ ɵ ɵː p r̺ ɹ̺ ɾ̺ t̪ t̺ ȶ u uː w β
2906	kuth1240	a aː ɣ i iː ɨ j k l̺ m n̪ n̺ ȵ ŋ ø p r̺ ɹ̺ ɾ t̪ t̺ ȶ u uː w
2907	wala1263	a aː ð ɣ i iː ɨ j k l̺ m n̪ n̺ ȵ ŋ ɵ ɵː p r̺ ɹ̺ ɾ̺ t̪ t̺ ȶ u uː w β
2908	alng1239	a æ ð ɣ i j k͈ k͉ l̺ m n̪ n̺ ȵ ŋ p͈ p͉ r̺ ɹ̺ t̪͈ t̪͉ t̺͈ t̺͉ ȶ͈ ȶ͉ u w ʔ β
2909	arit1239	a æ ð ɣ i j k l̺ m n̪ n̺ ȵ ŋ p r̺ ɹ̺ t̪ t̺ u ʉ w β
2910	ndra1239	a ð e ɣ i j k l̺ m n̪ n̺ ȵ ŋ p r̺ ɹ̺ t̪ t̺ ȶ u w ʔ β
2911	tyan1235	a aː ð e eː ɣ i iː j k l̺ m n̪ n̺ ȵ ŋ o oː p r̺ ɹ̺ t̪ t̺ ȶ u uː w ʔ β
2912	leni1238	a æ ð ɣ i j k͈ k͉ l̺ m n̪ n̺ ȵ ŋ o p͈ p͉ r̺ ɹ̺ t̪͈ t̪͉ t̺͈ t̺͉ ȶ͈ ȶ͉ u w ʔ β
2913	luth1234	a æ ð ɣ i j k l̺ m n̪ n̺ ȵ ŋ p r̺ t̪ t̺ ȶ u w ʔ β
2914	mbiy1238	a ð e ɣ i j k͈ k͉ l̺ m n̪ n̺ ȵ ŋ o p͈ p͉ r̺ ɹ̺ t̪͈ t̪͉ t̺͈ t̺͉ ȶ͈ ȶ͉ u w y β
2915	mpal1238	a æ ð ɣ i j k͈ k͉ l̺ m n̪ n̺ ȵ ŋ p͈ p͉ r̺ t̪͈ t̪͉ t̺͈ t̺͉ ȶ͈ ȶ͉ u w β
2916	ngko1236	a æ ð e ɣ i j k l̺ m n̪ n̺ ȵ ŋ o ø p r̺ ɹ̺ t̪ t̺ ȶ u w ʔ β
2917	atam1239	a e i j k͈ k͉ l̺ m n̪ n̺ ȵ ŋ p͈ p͉ r̺ ɹ̺ t̪͈ t̪͉ t̺͈ ȶ͈ u w
2918	angg1238	a aː ð ɣ i iː j k l̺ m n̪ n̺ ȵ ŋ p r̺ ɹ̺ t̪ t̺ ȶ u uː w β
2919	atam1239	a aː ð e eː ɣ i iː j k l̺ m n̪ n̺ ȵ ŋ p r̺ ɹ̺ t̪ t̺ ȶ u uː w β
2920	yadh1237	a aː ð e eː ɣ i iː j k l̺ m n̪ n̺ ȵ ŋ p r̺ ɹ̺ t̪ t̺ ȶ u uː w β
2921	yinw1236	a ð e ɣ i j k͈ k͉ l̺ m n̪ n̺ ȵ ŋ p͈ p͉ r̺ ɹ̺ t̪͈ t̪͉ t̺͈ t̺͉ ȶ͈ ȶ͉ u w β
2922	gugu1254	a e ə i j k l̺ m n̪ n̺ ȵ ŋ o p r̺ ɹ̺ t̪ t̺ ȶ u w
2923	thay1249	a aː e eː i iː j k l̺ m n̪ n̺ ȵ ŋ o oː p r̺ ɹ̺ t̪ t̺ ȶ u uː w ʔ
2924	ulku1238	a ð e ɣ i j k͈ k͉ l̺ m n̪ n̺ ȵ ŋ o p͈ p͉ r̺ ɹ̺ t̪͈ t̪͉ t̺͈ t̺͉ ȶ͈ ȶ͉ u w β
2925	yiry1245	a e ə i j k l l̪ ɭ m n n̪ ɳ ȵ ŋ o p r ɻ t t̪ ʈ ȶ u w ʔ
2926	wami1239	a e i j k l̺ m n̪ n̺ ȵ ŋ o ɵ p r̺ ɹ̺ t̪ t̺ ȶ u w
2927	mbar1254	a aː ð e eː i iː j k l̺ m n̪ n̺ ȵ ŋ o oː p r̺ ɹ̺ t̪ t̺ ȶ u uː w ʑ
2928	mbab1239	a aː e eː ə i iː ɨ j k l̺ m n̪ n̺ ȵ ŋ o oː p r̺ ɹ̺ t̪ t̺ ȶ u uː w
2929	umbu1256	a ɕ e h i j j̪ k͈ k͉ l̺ m n̪ n̺ ȵ ŋ o p͈ p͉ ɸ r̺ r̺͈ ɹ̺ t̪͈ t̪͉ t̺͈ t̺͉ ȶ͈ ȶ͉ u w ʔ θ
2930	oyka1239	a ð e ɣ i j k͈ k͉ l̺ m n̪ n̺ ȵ ŋ o p͈ p͉ r̺ ɹ̺ t̪͈ t̪͉ t̺͈ t̺͉ ȶ͈ ȶ͉ u w β
2931	adny1235	a ð i j k l l̪ ɭ ȴ m n n̪ ɳ ȵ ŋ p r ɻ ɽ ɾ t t̪ ʈ ȶ u w β
2932	kaur1267	a e i j k l l̪ ɭ ȴ m n n̪ ɳ ȵ ŋ o p r ɻ t t̪ ʈ ȶ u w
2933	nugu1241	a aː i iː j k l l̪ ɭ ȴ m n n̪ ɳ ȵ ŋ p r ɻ ɽ ɾ t t̪ ʈ ȶ u uː w
2934	wira1260	a aː i j k l ɭ ȴ m n n̪ ɳ ȵ ŋ p r ɻ t t̪ ʈ ȶ u w
2935	bang1339	a i j k l l̪ ɭ ȴ m n n̪ ɳ ȵ ŋ p r ɻ t t̪ ʈ ȶ u w
2936	naru1238	a aː i iː j k l l̪ ɭ ȴ m n n̪ ɳ ȵ ŋ p r ɻ ɽ t t̪ ʈ ȶ u uː w
2937	koka1244	a aː i iː j k l ɭ ȴ m n ɳ ȵ ŋ p r ɻ t ʈ ȶ u uː w
2938	gure1255	a aː e eː i iː j k l̺ m n̺ ȵ ŋ o oː p r̺ ɹ̺ t̺ ȶ u uː w
2939	gure1255	a aː e eː i iː j k l̺ m n̺ ȵ ŋ o oː p r̺ ɹ̺ t̺ ȶ u uː w
2940	kabi1260	a aː e eː i iː j k͈ k͉ l̺ m n̪ n̺ ŋ p͈ p͉ r̺ ɹ̺ t̪͈ t̪͉ t̺͉ u uː w
2941	gabi1248	a aː i iː j k l̺ m n̺ ȵ ŋ p r̺ ɹ̺ t̺ ȶ u uː w
2942	kabi1260	a aː e eː i iː j k l̺ m n̺ ȵ ŋ o oː p r̺ ɹ̺ t̺ ȶ u uː w
2943	duun1241	a aː e eː i iː j k l̺ m n̺ ȵ ŋ o oː p r̺ ɹ̺ t̺ ȶ u uː w
2944	waka1274	a aː e eː i iː j k l̺ m n̺ ȵ ŋ o oː p r̺ ɹ̺ t̺ ȶ u uː w
2945	wuli1242	a aː e eː i iː j k l̺ m n̺ ȵ ŋ o oː p r̺ ɹ̺ t̺ ȶ u uː w
2946	bula1255	a aː i iː j k͈ k͉ l l̪ ɭ ȴ m n n̪ ɳ ȵ ŋ p͈ p͉ r ɻ t͈ t͉ t̪͈ t̪͉ ʈ͈ ʈ͉ ȶ͈ ȶ͉ u uː w
2947	waga1260	a ə i iː j k l ɭ ȴ m n n̪ ɳ ȵ ŋ p r ɻ t t̪ ʈ ȶ u uː w
2948	warl1256	a aː i j k͈ k͉ l l̪ ɭ ȴ m n n̪ ɳ ȵ ŋ p͈ p͉ r ɻ t͈ t͉ t̪͈ t̪͉ ʈ͈ ʈ͉ ȶ͈ ȶ͉ u ɰ w ʐ ʑ
2949	waga1260	a ə i iː j k l l̪ ɭ ȴ m n n̪ ɳ ȵ ŋ p r ɻ t t̪ ʈ ȶ u uː w
2950	yany1243	a aː i j k l l̪ ɭ ȴ m n n̪ ɳ ȵ ŋ p r ɻ t t̪ ʈ ȶ u w
2951	waru1265	a aː i iː j k͈ k͉ l ɭ ȴ m n ɳ ȵ ŋ p͈ p͉ r ɻ t͈ t͉ ʈ͈ ʈ͉ ȶ͈ ȶ͉ u uː w
2952	kart1247	a aː ə i iː j k l ɭ ȴ m n ɳ ȵ ŋ p r ɻ t ʈ ȶ u uː w
2953	many1256	a aː i iː j k l ɭ ȴ m n ɳ ȵ ŋ p r ɻ t ʈ ȶ u uː w
2954	pudi1238	a i j k l l̪ ɭ ȴ m n n̪ ɳ ȵ ŋ p r ɻ t t̪ ʈ ȶ u w
2955	wang1288	a aː i iː j k l ɭ ȴ m n ɳ ȵ ŋ p r ɻ t ʈ ȶ u uː w
2956	yulp1239	a aː i iː j k l ɭ ȴ m n ɳ ȵ ŋ p r ɻ t ʈ ȶ u uː w
2957	wanm1242	a aː i iː j k l ɭ ȴ m n ɳ ȵ ŋ p r ɻ t ʈ ȶ u uː w
2958	anta1253	a aː i iː j k l ɭ ȴ m n ɳ ȵ ŋ p r ɻ t ʈ ȶ u uː w
2959	kuka1246	a aː i iː j k l ɭ ȴ m n ɳ ȵ ŋ p r ɻ t ʈ ȶ u uː w
2960	pitj1243	a aː i iː j k l ɭ ȴ m n ɳ ȵ ŋ p r ɻ t ʈ ȶ u uː w
2961	ngar1296	a aː i iː j k l ɭ ȴ m n ɳ ȵ ŋ p r ɻ t ʈ ȶ u uː w
2962	ngaa1240	a aː i iː j k l l̪ ɭ m n n̪ ɳ ŋ p r ɻ t t̪ ʈ u uː w
2963	pint1250	a aː i iː j k l ɭ ȴ m n ɳ ȵ ŋ p r ɻ t ʈ ȶ u uː w
2964	pitj1243	a aː i iː j k l l̪ ɭ m n n̪ ɳ ŋ p r ɻ t t̪ ʈ u uː w
2965	yank1247	a aː i iː j k l l̪ ɭ m n n̪ ɳ ŋ p r ɻ t t̪ ʈ u uː w
2966	kala1378	a ɕ e i ɨ j k͈ k͉ l̺ m n̪ n̺ ŋ o p͈ p͉ r̺ t̪͈ t̪͉ t̺͈ t̺͉ u w ʑ
2967	kala1377	a ɕ e i ɨ j k͈ k͉ l̺ m n̪ n̺ ŋ o p͈ p͉ r̺ t̪͈ t̪͉ t̺͈ t̺͉ u w ʑ
2968	maly1234	a aː i iː j k l l̪ ɭ ȴ m n n̪ ɳ ȵ ŋ p r ɻ ɾ t t̪ ʈ ȶ u uː w
2969	wadi1261	a aː i iː j k l l̪ ɭ ȴ m n n̪ ɳ ȵ ŋ p r ɻ ɾ t t̪ ʈ ȶ u uː w
2970	yard1234	a aː i iː j k l l̪ ɭ ȴ m n n̪ ɳ ȵ ŋ p r ɻ ɾ t t̪ ʈ ȶ u uː w
2971	dhan1270	a aː i iː j k l ɭ m n n̪ ɳ ȵ ŋ p r ɻ ɽ t t̪ ʈ ȶ u uː w ʔ
2972	gupa1247	a aː i iː j k͈ k͉ l ɭ m n n̪ ɳ ȵ ŋ p͈ p͉ r ɻ t͈ t͉ t̪͈ t̪͉ ʈ͈ ʈ͉ ȶ͈ ȶ͉ u uː w ʔ
2973	dhal1246	a aː i iː j k l ɭ m n n̪ ɳ ȵ ŋ p r ɻ ɽ t t̪ ʈ ȶ u uː w ʔ
2974	djam1256	a aː i iː j k͈ k͉ l ɭ m n n̪ ɳ ȵ ŋ p͈ p͉ r ɻ t͈ t͉ t̪͈ t̪͉ ʈ͈ ʈ͉ ȶ͈ ȶ͉ u uː w ʔ
2975	guma1253	a aː i iː j k͈ k͉ l ɭ m n n̪ ɳ ȵ ŋ p͈ p͉ r ɻ t͈ t͉ t̪͈ t̪͉ ʈ͈ ʈ͉ ȶ͈ ȶ͉ u uː w ʔ
2976	djin1253	a i j k͈ k͉ l ɭ m n ɳ ȵ ŋ p͈ p͉ r ɻ t͈ t͉ ʈ͈ ʈ͉ ȶ͈ ȶ͉ u w ʔ
2977	djin1252	a i j k͈ k͉ l ɭ m n ɳ ȵ ŋ p͈ p͉ r ɻ t͈ t͉ ʈ͈ ʈ͉ ȶ͈ ȶ͉ u w ʔ
2978	yann1237	a aː i iː j k͈ k͉ l ɭ m n n̪ ɳ ȵ ŋ p͈ p͉ r ɻ t͈ t͉ t̪͈ t̪͉ ʈ͈ ʈ͉ ȶ͈ ȶ͉ u uː w ʔ
2979	rita1239	a aː i iː j k͈ k͉ l ɭ m n n̪ ɳ ȵ ŋ p͈ p͉ r ɻ t͈ t͉ t̪͈ t̪͉ ʈ͈ ʈ͉ ȶ͈ ȶ͉ u uː w ʔ
2980	yort1237	a e i j k l̺ m n̪ n̺ ȵ ŋ o p r̺ ɹ̺ t̪ t̺ ȶ u w
2981	yort1237	a e i j k l̺ m n̪ n̺ ȵ ŋ o p r̺ t̪ t̺ ȶ u w
2982	biga1237	a i j k l̺ m n̺ ȵ ŋ p r̺ ɹ̺ t̺ ȶ u w
2983	yuga1244	a i j k l̺ m n̺ ȵ ŋ p r̺ ɹ̺ t̺ ȶ u w
2984	hawk1239	a i j k l̺ m n̪ n̺ ȵ ŋ p r̺ ɹ̺ t̪ t̺ ȶ u w
2985	sydn1236	a i j k l̺ ȴ m n̪ n̺ ȵ ŋ p r̺ ɹ̺ t̪ t̺ ȶ u w
2986	sydn1236	a i j k l̺ ȴ m n̪ n̺ ȵ ŋ p r̺ ɹ̺ t̪ t̺ ȶ u w
2987	awab1243	a i j k l̺ m n̺ ȵ ŋ p r̺ ɹ̺ t̺ ȶ u w
2988	west2443	a e i j k l ɭ ȴ m n ɳ ȵ ŋ p r ɻ t ʈ ȶ u w
2989	wori1245	a aː i iː j k l̺ m n̺ ȵ ŋ p r̺ ɹ̺ t̺ ȶ u uː w
2990	ngan1296	a i j k l̺ ȴ m n̺ ȵ ŋ p r̺ ɹ̺ t̺ ȶ u w
2991	dyan1250	a aː i iː j k l̺ m n̪ n̺ ŋ p r̺ ɹ̺ t̪ t̺ u uː w
2992	djap1238	a aː i iː j k l ɭ m n n̪ ɳ ȵ ŋ p r ɻ ɽ t t̪ ʈ ȶ u uː w
2993	thur1254	a aː i iː j k l ɭ ȴ m n n̪ ɳ ȵ ŋ p r ɻ t t̪ ʈ ȶ u uː w
2994	thur1254	a aː i iː j k l ɭ ȴ m n n̪ ɳ ȵ ŋ p r ɻ t t̪ ʈ ȶ u uː w
2995	dhur1239	a aː i iː j k l ɭ ȴ m n n̪ ɳ ȵ ŋ p r ɻ t t̪ ʈ ȶ u uː w
2996	sout2771	a aː i iː j k l ɭ ȴ m n n̪ ɳ ȵ ŋ p r ɻ t t̪ ʈ ȶ u uː w
2997	gund1248	a aː i iː j k l ɭ ȴ m n n̪ ɳ ȵ ŋ p r ɻ t t̪ ʈ ȶ u uː w
2998	ngar1297	a i j k l ȴ m n ȵ ŋ p r t t̪ ʈ ȶ u w
2999	sout2770	a aː i iː j k l ɭ ȴ m n n̪ ɳ ȵ ŋ p r ɻ t t̪ ʈ ȶ u uː w
3000	sout2771	a aː i iː j k l ɭ ȴ m n n̪ ɳ ȵ ŋ p r ɻ t t̪ ʈ ȶ u uː w
3001	gang1267	a aː i iː j k l ɭ m n n̪ ɳ ȵ ŋ p r ɻ t t̪ ʈ ȶ u uː w
3002	kaya1319	a aː i iː j k l m n n̪ ɳ ȵ ŋ p r ɻ t t̪ ʈ ȶ u uː w
3003	lard1243	a aː æ æː i iː j k l m n n̪ ɳ ȵ ŋ p r ɻ t t̪ ʈ ȶ u uː w
3004	kaya1319	a aː i iː j k l ɭ m n n̪ ɳ ȵ ŋ p r ɻ t t̪ ʈ ȶ u uː w
3005	tiwi1244	a ɣ i j k l l̪ ɭ m n n̪ ɳ ŋ o p r ɻ t t̪ ʈ u w
3006	wage1238	a e i j k͈ k͉ l ɭ m n ɳ ȵ ŋ o p͈ p͉ r ɻ t͈ t͉ ʈ͈ ʈ͉ ȶ͈ ȶ͉ u w ʔ
3007	ngar1284	a e i j k l ɭ ȴ m n ɳ ȵ ŋ o p r ɻ t ʈ ȶ u w
3008	gamb1251	a e i j k l l̪ ɭ ȴ m n n̪ ɳ ȵ ŋ o p r ɻ t t̪ ʈ ȶ u w
3009	kwin1241	a aː e eː i iː ɨ j k l ɭ ȴ m n ɳ ȵ ŋ o oː p r ɻ t ʈ ȶ u uː w
3010	wuna1249	a aː e eː i iː ɨ j k l ɭ ȴ m n ɳ ȵ ŋ o oː p r ɻ t ʈ ȶ u uː w
3011	umii1236	a e i j k l l̪ ɭ ȴ m n n̪ ɳ ȵ ŋ o p r ɻ t t̪ ʈ ȶ u w
3012	ungg1243	a e i j k l ɭ ȴ m n n̪ ɳ ȵ ŋ o p r ɻ t t̪ ʈ ȶ u w
3013	worr1237	a aː e i iː j k l ɭ ȴ m n ɳ ȵ ŋ o p r ɻ t ʈ ȶ u uː w
3014	yawi1239	a e i j k l l̪ ɭ ȴ m n n̪ ɳ ȵ ŋ o p r ɻ t t̪ ʈ ȶ u w
3015	ward1246	a e i j k l ɭ ȴ m n ɳ ȵ ŋ o p r ɻ t ʈ ȶ u w
3016	yang1288	a e i j k l ɭ ȴ m n ɳ ȵ ŋ o p r ɻ t ʈ ȶ u w
3017	guwa1243	a aː i iː j k l m n ȵ ŋ p r ɻ t t̪ ʈ ȶ u uː w
3018	west2437	a aː i iː j k l ɭ ȴ m n ɳ ȵ ŋ p r ɻ ɽ t ʈ ȶ u uː w
3019	werg1234	a e i j k l ɭ m n n̪ ɳ ȵ ŋ p r t t̪ ʈ ȶ u w
3020	lamu1254	a ɕ h i j k͈ k͉ l̺ m n̪ n̺ ȵ ŋ p͈ p͉ ɸ r̺ r̺͈ ɹ̺ t̪͈ t̪͉ t̺͈ t̺͉ ȶ͈ ȶ͉ u w ʔ θ
