GLOTTOCODE	NAME	FAMILY	MACROAREA	LATITUDE	LONGITUDE
aari1239	Aari	South Omotic	Africa	5.95034	36.5721
abar1238	Mungbam	Atlantic-Congo	Africa	6.5805	10.2267
abau1245	Abau	Sepik	Papunesia	-3.97222	141.324
abid1235	Abidji	Atlantic-Congo	Africa	5.65656	-4.58421
abip1241	Abipon	Guaicuruan	South America	-29.0	-61.0
abis1238	Aewa	(isolate or unclassified)	South America	-0.69386	-75.2183
abkh1244	Abkhazian	Abkhaz-Adyge	Eurasia	43.056218	41.159115
abua1244	Abua	Atlantic-Congo	Africa	4.83057	6.61492
abuj1237	Abujmaria	Dravidian	Eurasia		
abur1243	Abure	Atlantic-Congo	Africa	5.21534	-3.64123
acat1239	Acatepec Me'phaa	Otomanguean	North America	17.1034	-99.0602
acha1249	Longchuan Achang	Sino-Tibetan	Eurasia	24.3479	97.7438
acha1250	Achagua	Arawakan	South America	4.38649	-72.2005
ache1245	Acheron	Narrow Talodi	Africa	10.8827	30.3187
ache1246	Aché	Tupian	South America	-25.5865	-56.4697
achi1257	Achinese	Austronesian	Eurasia	3.90757	96.6032
achu1247	Achumawi	Palaihnihan	North America	41.0979	-121.191
achu1248	Achuar-Shiwiar	Chicham	South America	-2.82646	-77.2641
acol1236	Acoli	Nilotic	Africa	3.57738	32.5147
adam1253	Adamawa Fulfulde	Atlantic-Congo	Africa	8.140326	13.077338
adan1247	Adangme	Atlantic-Congo	Africa	5.9437	0.13243
adan1251	Adang	Timor-Alor-Pantar	Papunesia	-8.18958	124.448
adio1239	Adioukrou	Atlantic-Congo	Africa	5.38228	-4.52522
adny1235	Adnyamathanha	Pama-Nyungan	Australia	-30.1451	138.671
adyg1241	Adyghe	Abkhaz-Adyge	Eurasia	44.0	39.33
adze1240	Adzera	Austronesian	Papunesia	-6.39394	146.294
afad1236	Afade	Afro-Asiatic	Africa	12.0551	14.6343
afar1241	Afar	Afro-Asiatic	Africa	12.2281	41.8083
afit1238	Afitti	Nyimang	Africa	12.446	30.7611
afri1274	Afrikaans	Indo-European	Africa	-22.0	30.0
aghe1239	Aghem	Atlantic-Congo	Africa	6.38956	10.0807
aghu1254	Aghu Tharnggalu	Pama-Nyungan	Australia	-13.735	142.426
agua1253	Aguaruna	Chicham	South America	-5.30044	-77.9218
ahan1243	Ahanta	Atlantic-Congo	Africa	4.85147	-1.94657
ahan1244	Àhàn	Atlantic-Congo	Africa	7.44139	6.00896
aheu1239	Thavung	Austroasiatic	Eurasia	17.7655	104.229
ahte1237	Ahtena	Athabaskan-Eyak-Tlingit	North America	61.7068	-144.889
aika1237	Aikanã	(isolate or unclassified)	South America	-12.6695	-60.5353
ainu1240	Hokkaido Ainu	Ainu	Eurasia	43.633654	142.46167
ajab1235	Aja (Benin)	Atlantic-Congo	Africa	7.06634	1.64992
ajas1235	Aja (Sudan)	Kresh-Aja	Africa	8.58003	25.6122
ajyi1238	Ajyíninka Apurucayali	Arawakan	South America	-9.82364	-74.61947
akan1250	Akan	Atlantic-Congo	Africa	6.34756	-1.33254
akas1242	Akaselem	Atlantic-Congo	Africa	8.8858	1.37035
akaw1239	Akawaio	Cariban	South America	6.16277	-60.862
akha1245	Akha	Sino-Tibetan	Eurasia	21.2309	100.964
akla1241	Aklanon	Austronesian	Papunesia	11.5543	122.354
akoo1248	Akoose	Atlantic-Congo	Africa	4.9243	9.65522
akpe1248	Akpes	Atlantic-Congo	Africa	7.50256	5.95559
akun1241	Akuntsu	Tupian	South America	-12.8322	-60.9716
akur1238	Akurio	Cariban	South America	3.19607	-55.6294
alab1237	Alabama	Muskogean	North America	30.76738	-94.62848
alab1254	Alaba-K'abeena	Afro-Asiatic	Africa	7.39014	38.1732
alam1246	Alamblak	Sepik	Papunesia	-4.66307	143.316
alaw1244	Alawa	Mangarrayi-Maran	Australia	-15.5458	134.282
aleu1260	Aleut	Eskimo-Aleut	North America	52.1228	-174.29
alla1248	Alladian	Atlantic-Congo	Africa	5.22371	-4.42647
alng1239	Alngith	Pama-Nyungan	Australia	-12.5324	141.938
alut1245	Alutor	Chukotko-Kamchatkan	Eurasia	60.3844	165.653
alya1239	Alyawarr	Pama-Nyungan	Australia	-21.0427	136.835
amah1246	Amahuaca	Pano-Tacanan	South America	-10.2012	-72.3208
aman1265	Amanab	Border	Papunesia	-3.51516	141.178
amar1271	Amurdak	Iwaidjan Proper	Australia	-11.9876	132.878
amar1274	Amarakaeri	Harakmbut	South America	-12.4931	-70.5533
amas1236	Ama (Sudan)	Nyimang	Africa	12.0993	29.4332
ambe1247	Ambele	Atlantic-Congo	Africa	5.94043	9.62028
ambo1250	Ambonese Malay	Austronesian	Papunesia	-3.71342	128.184
ambu1247	Ambulas	Ndu	Papunesia	-3.7801	143.059
amdo1237	Amdo Tibetan	Sino-Tibetan	Eurasia	34.5177	100.485
amel1241	Amele	Nuclear Trans New Guinea	Papunesia	-5.29126	145.687
amha1245	Amharic	Afro-Asiatic	Africa	11.708182	39.543456
amii1238	Ami	Western Daly	Australia	-13.5573	130.04
amoo1242	Amo	Atlantic-Congo	Africa	10.3229	8.65405
amun1246	Amundava	Tupian	South America	-9.04023	-62.3064
ande1247	Andegerebinha	Pama-Nyungan	Australia	-22.51278	137.3515
andi1255	Andi	Nakh-Daghestanian	Eurasia	42.8078	46.2919
ando1255	Andoa	Zaparoan	South America	-3.29664	-76.6056
ando1256	Andoque	(isolate or unclassified)	South America	-0.53751	-72.0869
anei1239	Aneityum	Austronesian	Papunesia	-20.1864	169.825
anfi1235	Anfillo	Ta-Ne-Omotic	Africa	8.568	34.647
anga1288	Angami Naga	Sino-Tibetan	Eurasia	25.6841	93.8668
anga1290	Angaataha	Angan	Papunesia	-7.15012	146.352
angg1238	Angkamuthi	Pama-Nyungan	Australia	-11.443	142.242
ango1258	Angolar	Indo-European	Africa	0.11438	6.59486
angu1242	Anguthimri	Pama-Nyungan	Australia	-12.395	141.755
anii1245	Anii	Atlantic-Congo	Africa	9.11127	1.60169
anin1240	Anindilyakwa	Gunwinyguan	Australia	-13.99904	136.6415
anta1253	Antakarinya	Pama-Nyungan	Australia	-27.1152	134.838
anti1245	Antigua and Barbuda Creole English	Indo-European	North America	17.068263	-61.821863
anua1242	Anuak	Nilotic	Africa	7.57714	34.0267
anuf1239	Anufo	Atlantic-Congo	Africa	10.2839	0.56021
anyi1244	Anyin Morofo	Atlantic-Congo	Africa	6.1627	-4.64232
anyi1245	Anyin	Atlantic-Congo	Africa	6.31781	-3.30532
aona1235	Ao Naga	Sino-Tibetan	Eurasia	26.3241	94.3824
apal1257	Apalaí	Cariban	South America	1.49792	-54.7457
apat1240	Apatani	Sino-Tibetan	Eurasia	27.1933	93.7284
apia1248	Apiaká	Tupian	South America	-7.84711	-57.91
apin1244	Apinayé	Nuclear-Macro-Je	South America	-6.10774	-47.6315
apro1235	Aproumu Aizi	Atlantic-Congo	Africa	5.20273	-4.52192
apuc1241	A-Pucikwar	Great Andamanese	Eurasia	12.241	92.7965
apur1254	Apurinã	Arawakan	South America	-8.21692	-66.7714
arab1267	Arabana	Pama-Nyungan	Australia	-28.705	135.449
arab1268	Arabela	Zaparoan	South America	-1.96126	-75.0612
arag1245	Aragonese	Indo-European	Eurasia	42.4669	-0.00919
aran1237	Arandai	South Bird's Head Family	Papunesia	-2.08016	132.983
arao1248	Araona	Pano-Tacanan	South America	-12.4242	-67.7293
araw1273	Araweté	Tupian	South America	-4.90246	-52.5001
araw1276	Lokono	Arawakan	South America	5.64295	-56.9243
arbe1236	Arbëreshë Albanian	Indo-European	Eurasia	38.911	16.7164
arbo1245	Arbore	Afro-Asiatic	Africa	4.92183	36.7986
arch1244	Archi	Nakh-Daghestanian	Eurasia	42.3239	46.8267
argo1244	Argobba	Afro-Asiatic	Africa	10.6596	39.756
arhu1242	Arhuaco	Chibchan	South America	10.7018	-73.6363
arik1265	Arikapú	Nuclear-Macro-Je	South America	-12.4878	-62.7261
arin1244	Aringa	Central Sudanic	Africa	3.56143	31.3071
arit1239	Aritinngitigh	Pama-Nyungan	Australia	-12.50839255	142.138748
asha1243	Asháninka	Arawakan	South America	-11.9311	-73.9073
ashe1269	Ashe	Atlantic-Congo	Africa	9.36574	7.39443
ashe1272	Ashéninka Perené	Arawakan	South America	-10.9777	-74.9153
assa1263	Assamese	Indo-European	Eurasia	26.0876	91.2932
astu1245	Asturian-Leonese-Cantabrian	Indo-European	Eurasia	42.4181	-6.02227
atam1239	Atampaya	Pama-Nyungan	Australia	-11.0018	142.273
atay1247	Atayal	Austronesian	Papunesia	24.5209	121.388
atti1239	Attié	Atlantic-Congo	Africa	5.9977	-3.8209
auuu1241	Au	Nuclear Torricelli	Papunesia	-3.53277	142.105
avac1239	Avá-Canoeiro	Tupian	South America	-13.6081	-48.1336
avar1256	Avar	Nakh-Daghestanian	Eurasia	41.7047	46.558
avat1244	Avatime	Atlantic-Congo	Africa	6.8688	0.41314
avik1243	Avikam	Atlantic-Congo	Africa	5.15838	-5.2529
avok1242	Avokaya	Central Sudanic	Africa	4.38639	29.9379
awab1243	Awabakal	Pama-Nyungan	Australia	-33.12847	151.43555
awac1239	Awa-Cuaiquer	Barbacoan	South America	1.21652	-78.3401
awad1243	Awadhi	Indo-European	Eurasia	27.5907	82.4663
awar1248	Awara	Nuclear Trans New Guinea	Papunesia	-6.16986	146.372
awet1244	Awetí	Tupian	South America	-12.381944	-53.391944
awin1248	Awing	Atlantic-Congo	Africa	5.88362	10.264
awiy1238	Awiyaana	Nuclear Trans New Guinea	Papunesia	-6.54079	145.76
awng1244	Awngi	Afro-Asiatic	Africa	10.9819	36.6916
awtu1239	Awtuw	Sepik	Papunesia	-3.53129	141.928
axiy1235	Axi Yi	Sino-Tibetan	Eurasia	24.6009	103.713
ayab1239	Yintyinka-Ayabadhu	Pama-Nyungan	Australia	-14.6652	142.893
ayac1239	Ayacucho Quechua	Quechuan	South America	-13.84714	-74.32246
ayer1245	Ayere	Atlantic-Congo	Africa	7.52206	6.01979
ayer1246	Ayerrerenge	Pama-Nyungan	Australia		
ayor1240	Ayoreo	Zamucoan	South America	-19.220055	-60.217495
baan1242	Baangi	Atlantic-Congo	Africa	10.8083	5.7261
baat1238	Baatonum	Atlantic-Congo	Africa	9.63186	2.99607
baba1264	Baba	Atlantic-Congo	Africa	6.11222	10.5216
baba1266	Babanki	Atlantic-Congo	Africa	5.97863	10.2869
bada1257	Badaga	Dravidian	Eurasia	11.3094	76.5974
bade1248	Bade	Afro-Asiatic	Africa	12.789	10.6557
badi1246	Badimaya	Pama-Nyungan	Australia	-29.0647	117.246
bady1239	Jaad-Badyara	Atlantic-Congo	Africa	12.6425	-13.4759
bafa1247	Bafaw-Balong	Atlantic-Congo	Africa	4.53307	9.522
bafa1249	Bafanji	Atlantic-Congo	Africa	5.84612	10.4518
bafi1243	Bafia	Atlantic-Congo	Africa	4.72603	11.0982
bafu1246	Bafut	Atlantic-Congo	Africa	6.14153	10.1194
baga1272	Baga Sitemu	Atlantic-Congo	Africa	10.4793	-14.4756
baga1273	Baga Koga	Atlantic-Congo	Africa	10.1286	-13.947
bagi1246	Bagirmi	Central Sudanic	Africa	11.52392	14.769495
baim1244	Baima	Sino-Tibetan	Eurasia	33.1001	103.952
baka1272	Baka (Cameroon)	Atlantic-Congo	Africa	2.16013	13.7804
baka1273	Bakaka	Atlantic-Congo	Africa	4.79991	9.80402
baka1274	Baka (Sudan)	Central Sudanic	Africa	4.65943	29.59
baka1277	Bakairí	Cariban	South America	-14.2628	-54.7034
bakh1245	Bakhtiari	Indo-European	Eurasia	32.0163	49.7713
bako1249	Bakoko	Atlantic-Congo	Africa	3.56518	9.99905
bako1250	Bakole	Atlantic-Congo	Africa	4.43654	8.97387
bala1302	Balanta-Ganja	Atlantic-Congo	Africa	12.5382	-15.6658
bali1278	Balinese	Austronesian	Papunesia	-8.35714	115.075
balt1258	Balti	Sino-Tibetan	Eurasia	34.4491	77.2859
bamb1262	Bambassi	Blue Nile Mao	Africa	9.82554	34.6522
bamb1265	Bambalang	Atlantic-Congo	Africa	5.861	10.544
bamb1269	Bambara	Mande	Africa	12.0401	-9.98949
bame1260	Bamenyam	Atlantic-Congo	Africa	5.77049	10.3302
bamu1253	Bamun	Atlantic-Congo	Africa	5.49017	10.8477
bamu1256	Bamunka	Atlantic-Congo	Africa	6.00203	10.5127
bana1305	Bana	Afro-Asiatic	Africa	10.3535	13.6131
band1337	Bandjigali	Bookkeeping	Australia	-30.0771	143.282
band1345	Banda-Ndélé	Atlantic-Congo	Africa	8.03339	23.9021
band1352	Bandi	Mande	Africa	7.73729	-10.1684
band1353	Banda Malay	Austronesian	Papunesia	-4.55565	129.905
bang1339	Banggarla	Pama-Nyungan	Australia	-33.3036	136.079
bang1356	Bangolan	Atlantic-Congo	Africa	6.0125	10.667
bani1255	Baniwa do Icana	Arawakan	South America	2.17859	-67.7704
bank1256	Bankon	Atlantic-Congo	Africa	4.3702	9.6403
baou1238	Baoulé	Atlantic-Congo	Africa	5.42509	-4.76565
bara1380	Barasana-Eduria	Tucanoan	South America	0.02193	-70.808
barb1263	Barbareño	Chumashan	North America	34.462	-119.699
bard1255	Bardi	Nyulnyulan	Australia	-16.6274	122.906
bare1276	Baré	Arawakan	South America	1.91649	-66.828
bare1279	Barain	Afro-Asiatic	Africa	11.1168	18.0764
bari1286	Bariai	Austronesian	Papunesia	-5.5087	148.666
bari1297	Barí	Chibchan	South America	9.08497	-72.9353
barr1247	Barrow Point	Pama-Nyungan	Australia	-14.1219	144.531
baru1269	Baruga	Nuclear Trans New Guinea	Papunesia	-9.40132	148.761
basa1284	Basa (Cameroon)	Atlantic-Congo	Africa	3.80765	10.4213
bash1264	Bashkir	Turkic	Eurasia	53.5967	56.5594
basq1248	Basque	(isolate or unclassified)	Eurasia	43.2787	-1.31622
basq1250	Basque, Souletin	Basque	Eurasia		
bass1260	Bassossi	Atlantic-Congo	Africa	5.23655	9.52275
bata1285	Batanga	Atlantic-Congo	Africa	1.397041	9.51011
bata1289	Batak Toba	Austronesian	Papunesia	2.35498	99.1761
bata1293	Batak Karo	Austronesian	Papunesia	2.12787	98.2517
bats1242	Bats	Nakh-Daghestanian	Eurasia	42.1806	45.344
baur1253	Baure	Arawakan	South America	-13.1278	-64.1838
bayu1240	Bayungu	Pama-Nyungan	Australia	-23.3809	114.108
beem1239	Beembe	Atlantic-Congo	Africa	-3.95895	14.1
befa1241	Befang	Atlantic-Congo	Africa	6.27562	10.0342
beja1238	Beja	Afro-Asiatic	Africa	17.2436	36.6666
bekw1241	Bekwarra	Atlantic-Congo	Africa	6.73737	8.86489
bela1255	Belanda Viri	Atlantic-Congo	Africa	7.41311	27.6956
bela1256	Belanda Bor	Nilotic	Africa	6.6503	27.8232
bela1260	Lemeting	Austronesian	Papunesia	4.96207	114.933
belh1239	Belhariya	Sino-Tibetan	Eurasia	26.9972	87.2783
beli1260	Belize Kriol English	Indo-European	North America	17.3941	-88.6281
bell1243	Bella Coola	Salishan	North America	52.3448	-126.689
bemb1257	Bemba (Zambia)	Atlantic-Congo	Africa	-10.6122	29.2993
bena1262	Bena (Tanzania)	Atlantic-Congo	Africa	-9.26671	35.0364
benc1235	Bench	Ta-Ne-Omotic	Africa	7.04682	35.7673
beng1280	Bengali	Indo-European	Eurasia	24.0	90.0
beng1286	Beng	Mande	Africa	7.78122	-4.23539
berb1259	Berbice Creole Dutch	Indo-European	South America	5.3829	-58.0002
bero1242	Berom	Atlantic-Congo	Africa	9.67037	8.81221
bert1248	Berta	(isolate or unclassified)	Africa	10.6474	34.7042
bese1243	Besermyan	Uralic			
besi1244	Besisi	Austroasiatic	Eurasia	2.717	101.676
besl1239	Besleri	Afro-Asiatic	Africa		
bett1235	Betta Kurumba	Dravidian	Eurasia	11.6385	76.6064
bhel1238	Bhele	Atlantic-Congo	Africa	0.24553	28.6681
bhil1251	Bhili	Indo-European	Eurasia	20.85	73.9592
bhoj1244	Bhojpuri	Indo-European	Eurasia	26.458455	84.817115
biak1248	Biak	Austronesian	Papunesia	-0.9523	135.879
bial1238	Biali	Atlantic-Congo	Africa	11.0382	1.08259
bibb1234	Bibbulman	Pama-Nyungan	Australia		
bidy1243	Bidyara	Pama-Nyungan	Australia	-25.555	146.147
bidy1244	Kangaki-Kagbaaga-Kajoko Bidyogo	Atlantic-Congo	Africa	11.1097	-16.1497
biga1237	Bigambal	Pama-Nyungan	Australia	-28.266	149.515
bike1242	Bikele	Atlantic-Congo	Africa		
bila1255	Bila	Atlantic-Congo	Africa	1.16839	28.7626
bili1250	Bilinarra	Pama-Nyungan	Australia	-16.868771	130.533991
bili1260	Bilin	Afro-Asiatic	Africa	15.7833	38.3917
bilo1248	Biloxi	Siouan	North America	31.32	-89.1951
bilu1245	Bilua	(isolate or unclassified)	Papunesia	-7.92388	156.663
bimo1239	Bimoba	Atlantic-Congo	Africa	10.4575	0.06121
bina1277	Binandere	Nuclear Trans New Guinea	Papunesia	-8.37433	147.884
binb1242	Binbinka	Mirndi	Australia		
bini1246	Bini	Atlantic-Congo	Africa	6.40701	5.70426
binu1245	Binumarien	Nuclear Trans New Guinea	Papunesia	-6.22068	146.102
biri1256	Biri	Pama-Nyungan	Australia	-20.1494	146.67
biss1248	Bissa	Mande	Africa	10.4257	-1.67332
blan1242	Blang	Austroasiatic	Eurasia	22.0092	99.7405
bodo1267	Bodo Gadaba	Austroasiatic	Eurasia	18.3857	82.771
bodo1269	Bodo-Mech	Sino-Tibetan	Eurasia	26.725455	89.333235
boik1241	Boikin	Ndu	Papunesia	-3.68297	143.474
boko1266	Boko (Benin)	Mande	Africa	10.5189	3.71771
bomi1238	Bomitaba	Atlantic-Congo	Africa	1.70044	17.3733
bona1250	Bonan	Mongolic	Eurasia	35.6972	102.995
bond1245	Bondo	Austroasiatic	Eurasia	19.1512	83.8141
bong1285	Bongo	Central Sudanic	Africa	7.4145	27.9918
bora1263	Bora	Boran	South America	-2.91467	-68.9093
bora1271	Borana-Arsi-Guji Oromo	Afro-Asiatic	Africa	1.05676	37.882
bord1248	Border Kuna	Chibchan	South America	7.92993	-77.1664
boro1277	Boro (Ethiopia)	Ta-Ne-Omotic	Africa	10.6596	35.345
boro1282	Bororo	Bororoan	South America	-16.6029	-55.2004
boun1243	Bouna Kulango	Atlantic-Congo	Africa	8.46011	-2.74627
bouy1240	Bouyei	Tai-Kadai	Eurasia	24.8484	106.187
brah1256	Brahui	Dravidian	Eurasia	28.5347	64.2991
bret1244	Breton	Indo-European	Eurasia	48.2452	-3.78934
brib1243	Bribri	Chibchan	North America	9.39794	-83.0539
brok1247	Brokskat	Indo-European	Eurasia	34.5308	76.6026
buam1238	Buamu	Atlantic-Congo	Africa	11.1687	-3.50303
bubi1249	Bubia	Bookkeeping	Africa	4.02178	9.22304
budu1250	Budu	Atlantic-Congo	Africa	2.00501	27.951
bugi1244	Buginese	Austronesian	Papunesia	-4.47	119.977
bujh1238	Bujhyal	Sino-Tibetan	Eurasia	28.0084	84.5068
bukh1238	Bukharic	Indo-European	Eurasia	41.0	64.0
buku1249	Bukusu	Atlantic-Congo	Africa	0.68043	34.7719
bula1255	Bularnu	Pama-Nyungan	Australia	-21.02656922	138.1566659
bulg1262	Bulgarian	Indo-European	Eurasia	43.3646	25.047
buli1254	Buli (Ghana)	Atlantic-Congo	Africa	10.5763	-1.26748
bulu1251	Bulu (Cameroon)	Atlantic-Congo	Africa	3.16141	11.6365
bumb1241	Bumbita Arapesh	Nuclear Torricelli	Papunesia	-3.65508	142.859
bumm1238	Bum	Atlantic-Congo	Africa	6.48655	10.418
buna1275	Bunaba	Bunaban	Australia	-17.8297	125.631
bund1253	Bundeli	Indo-European	Eurasia	24.8982	78.9542
bung1264	Bunganditj	Pama-Nyungan	Australia	-36.5	140.5
buol1237	Buol	Austronesian	Papunesia	0.97727	121.519
bura1267	Burarra	Maningrida	Australia	-12.3061	134.365
burd1238	Burduna	Pama-Nyungan	Australia	-22.9646	114.658
burj1242	Burji	Afro-Asiatic	Africa	4.44624	38.4646
buru1296	Burushaski	(isolate or unclassified)	Eurasia	36.2161	74.8236
buru1301	Burun	Nilotic	Africa	10.725	33.921
busa1253	Busa	Mande	Africa	9.91074	4.39929
buwa1243	Buwal	Afro-Asiatic	Africa	10.6151	13.8838
cabi1241	Cabiyarí	Arawakan	South America	0.16101	-71.0622
cacu1241	Kakua	Kakua-Nukak	South America	0.88778	-69.5659
cadd1256	Caddo	Caddoan	North America	35.1826	-98.2634
caja1238	Cajamarca Quechua	Quechuan	South America	-7.09314	-78.3214
call1235	Callawalla	Mixed Language	South America	-15.88451	-68.10176
came1252	Donga Mambila	Atlantic-Congo	Africa	6.43829	11.41953
camp1261	Campidanese Sardinian	Indo-European	Eurasia	39.0566	9.03935
cams1241	Camsá	(isolate or unclassified)	South America	1.14537	-76.8931
cand1248	Candoshi-Shapra	(isolate or unclassified)	South America	-4.23835	-76.9347
cane1242	Canela-Krahô	Nuclear-Macro-Je	South America	-6.10712	-45.1299
capa1241	Capanahua	Pano-Tacanan	South America	-6.63254	-74.3813
caqu1242	Caquinte	Arawakan	South America	-11.4812	-73.4451
cara1272	Carapana	Tucanoan	South America	0.06168	-69.6465
cari1279	Carijona	Cariban	South America	1.21894	-72.0664
carn1240	Car Nicobarese	Austroasiatic	Eurasia	9.18853	92.7671
cash1251	Cashibo-Cacataibo	Pano-Tacanan	South America	-8.70232	-75.4206
cash1254	Cashinahua	Pano-Tacanan	South America	-9.72027	-71.1733
cavi1250	Cavineña	Pano-Tacanan	South America	-13.3544	-66.6277
cayu1262	Cayubaba	(isolate or unclassified)	South America	-13.2482	-65.4822
ceba1235	Cebaara Senoufo	Atlantic-Congo	Africa	9.50768	-6.15264
cebu1242	Cebuano	Austronesian	Papunesia	8.38799	124.367
cent1972	Central Kurdish	Indo-European	Eurasia	35.6539	45.8077
cent1973	Central Pashto	Indo-European	Eurasia	31.9153	69.4529
cent1989	Central Khmer	Austroasiatic	Eurasia	12.0515	105.015
cent1990	Central Nicobarese	Austroasiatic	Eurasia	7.94812	93.3921
cent2004	Central Bai	Sino-Tibetan	Eurasia	26.1666	99.7052
cent2018	Central-Eastern Niger Fulfulde	Atlantic-Congo	Africa	15.0907	8.43261
cent2050	Central Kanuri	Saharan	Africa	11.8863	16.3918
cent2087	Coastal-Naga Bikol	Austronesian	Papunesia	13.7574	123.403
cent2092	Central Sama	Austronesian	Papunesia	7.004574	118.455978
cent2128	Central Siberian Yupik	Eskimo-Aleut	Eurasia	63.4308	-170.272
cent2142	Central Aymara	Aymaran	South America	-17.0	-68.5
cent2144	Central Mazahua	Otomanguean	North America	19.7357	-100.018
cent2150	Central Tunebo	Chibchan	South America	6.8867	-72.097
cent2194	Central Moroccan Berber	Afro-Asiatic	Africa	32.7415	-2.40872
cerm1238	Cerma	Atlantic-Congo	Africa	10.1245	-4.94917
chac1249	Cha'palaa	Barbacoan	South America	0.71489	-79.0508
chac1250	Chachapoyas Quechua	Quechuan	South America	-6.27021	-77.6615
chac1251	Chácobo	Pano-Tacanan	South America	-12.133	-66.7164
chah1248	Chaha	Afro-Asiatic	Africa		
cham1312	Chamorro	Austronesian	Papunesia	13.438011	144.74474
cham1315	Chamacoco	Zamucoan	South America	-20.5899	-58.2005
cham1318	Chamicuro	Arawakan	South America	-5.1149	-75.6778
chan1310	Chantyal	Sino-Tibetan	Eurasia	28.684	83.4488
chau1259	Chaudangsi	Sino-Tibetan	Eurasia	29.7033	80.4832
chay1248	Shawi	Cahuapanan	South America	-5.63764	-76.8252
chec1245	Chechen	Nakh-Daghestanian	Eurasia	43.5	45.5
chee1238	Che	Atlantic-Congo	Africa	10.0031	8.67024
chen1255	Chenchu	Dravidian	Eurasia	15.8787	79.2534
chep1245	Chepang	Sino-Tibetan	Eurasia	27.7206	84.9017
cher1271	Cherepon	Atlantic-Congo	Africa	6.05387	-0.10955
cher1273	Cherokee	Iroquoian	North America	35.4664	-83.163
chib1270	Chibcha	Chibchan	South America	6.24999	-74.1666
chic1270	Chickasaw	Muskogean	North America	33.9452	-97.1301
chim1300	Chimalapa Zoque	Mixe-Zoque	North America	16.6543	-94.6913
chim1301	Chimariko	(isolate or unclassified)	North America	41.0	-123.0
chim1302	Chimborazo Highland Quichua	Quechuan	South America	-1.36727	-78.8521
chim1309	Chimila	Chibchan	South America	10.1902	-74.2559
chip1261	Chipewyan	Athabaskan-Eyak-Tlingit	North America	58.3637	-110.832
chip1262	Chipaya	Uru-Chipaya	South America	-18.73951	-67.89633
chiq1248	Chiquitano	(isolate or unclassified)	South America	-17.6354	-59.9172
chiq1250	Chiquihuitlán Mazatec	Otomanguean	North America	18.0541	-96.6659
chir1286	Chiripá	Tupian	South America	-25.6521	-55.051
choc1276	Choctaw	Muskogean	North America	33.8993	-94.819
chok1243	Chokri Naga	Sino-Tibetan	Eurasia	25.5636	94.2887
chol1282	Chol	Mayan	North America	17.4897	-92.4698
chol1284	Cholón	Hibito-Cholon	South America	-9.23129	-75.9621
chon1284	Chong of Chanthaburi	Austroasiatic	Eurasia	12.5218	102.514
chon1287	Chonyi-Dzihana-Kauma	Atlantic-Congo	Africa	-6.518	38.672
chra1242	Chrau	Austroasiatic	Eurasia	10.8021	107.293
chua1250	Chuave	Nuclear Trans New Guinea	Papunesia	-6.17824	145.139
chua1256	Chuanqiandian Cluster Miao	Bookkeeping	Eurasia	22.5638	101.95
chuk1273	Chukchi	Chukotko-Kamchatkan	Eurasia	68.6436	170.045
chum1261	Chumburung	Atlantic-Congo	Africa	8.15211	-0.2755
chuv1255	Chuvash	Turkic	Eurasia	55.487	47.163
coca1259	Cocama-Cocamilla	Tupian	South America	-4.5	-74.0
coco1260	Cocos Islands Malay	Austronesian	Papunesia	-12.193342	96.833679
coeu1236	Coeur d'Alene	Salishan	North America	47.2958	-116.715
cofa1242	Cofán	(isolate or unclassified)	South America	0.276675	-77.0643
cogu1240	Cogui	Chibchan	South America	10.9485	-73.8043
cola1237	Colac	Pama-Nyungan	Australia	-38.471266	143.422444
colo1256	Tsafiki	Barbacoan	South America	-0.21181	-79.2347
coma1245	Comanche	Uto-Aztecan	North America	34.5701	-98.424
como1259	Comox	Salishan	North America	49.7233	-124.967
copa1236	Copainalá Zoque	Mixe-Zoque	North America	17.2157	-93.3183
copi1238	Copi	Atlantic-Congo	Africa		
coro1247	Corongo Ancash Quechua	Quechuan	South America	-8.57647	-77.9864
croa1245	Croatian	Indo-European	Eurasia	45.2006	16.826
cros1244	Cross River Mbembe	Atlantic-Congo	Africa	6.16926	8.23592
crow1244	Crow	Siouan	North America	45.368	-107.874
cube1242	Cubeo	Tucanoan	South America	1.32382	-70.1939
cuib1242	Cuiba	Guahiboan	South America	6.19829	-69.8197
culi1244	Culina	Arawan	South America	-8.55268	-70.6648
cupe1243	Cupeño	Uto-Aztecan	North America	33.3148	-116.515
curr1243	Curripaco	Arawakan	South America	0.69618	-67.5028
cusc1236	Cusco Quechua	Quechuan	South America	-14.0853	-71.7663
cuvo1236	Cuvok	Afro-Asiatic	Africa	10.6448	14.0006
czec1258	Czech	Indo-European	Eurasia	49.873398	15.10437
dadi1250	Dadibi	Teberan	Papunesia	-6.65765	144.511
dagb1246	Dagbani	Atlantic-Congo	Africa	9.64745	-0.43227
dagi1241	Dagik	Narrow Talodi	Africa	10.583	29.9404
daha1245	Dahalo	Afro-Asiatic	Africa	-2.1843	40.37
dakp1242	Dakpakha	Sino-Tibetan	Eurasia	27.3762	91.8245
dalo1238	Daloa Bété	Atlantic-Congo	Africa	6.69281	-6.63944
dang1274	Dangaleat	Afro-Asiatic	Africa	12.1517	18.385
dani1285	Danish	Indo-European	Eurasia	54.8655	9.36284
dann1241	Dan	Mande	Africa	7.22812	-8.24535
darf1239	Dar Fur Daju	Dajuic	Africa	12.2598	25.3127
dark1243	Darkhat	Mongolic	Eurasia	50.623	99.4449
darl1243	Paakantyi	Pama-Nyungan	Australia	-32.7021	142.695
darm1243	Darma	Sino-Tibetan	Eurasia	29.8629	80.5439
daun1234	Daungwurrung	Pama-Nyungan	Australia		
daur1238	Dagur	Mongolic	Eurasia	48.0	124.0
dawr1236	Dawro	Ta-Ne-Omotic	Africa	6.95	37.0
daww1239	Dâw	Nadahup	South America	-0.1177	-67.2934
daza1242	Dazaga	Saharan	Africa	15.7358	15.8517
defa1248	Defaka	Ijoid	Africa	4.58451	7.50186
dege1246	Degema	Atlantic-Congo	Africa	4.73373	6.80991
degg1238	Deg	Atlantic-Congo	Africa	8.43846	-2.28724
deni1241	Deni	Arawan	South America	-6.74962	-67.5029
deny1238	Denya	Atlantic-Congo	Africa	5.97237	9.39989
dera1245	Dera (Indonesia)	Senagi	Papunesia	-3.52309	140.947
dera1248	Dera (Nigeria)	Afro-Asiatic	Africa	10.072	12.0256
desa1247	Desano	Tucanoan	South America	0.58157	-69.4955
dghw1239	Dghwede	Afro-Asiatic	Africa	11.05751	13.77847
dhal1245	Dhalandji	Pama-Nyungan	Australia	-22.196	114.937
dhal1246	Dhalwangu	Pama-Nyungan	Australia		
dhan1270	Dhangu	Pama-Nyungan	Australia	-11.9493	135.752
dhar1247	Dhargari	Pama-Nyungan	Australia	-24.0601	114.847
dhar1248	Dharumbal	Pama-Nyungan	Australia	-23.307	150.593
dhim1246	Dhimal	Sino-Tibetan	Eurasia	26.6283	88.3798
dhiv1236	Dhivehi	Indo-European	Eurasia	1.928498	73.54433
dhud1236	Dhudhuroa	Pama-Nyungan	Australia	-36.95881441	147.0450379
dhur1239	Dhurga	Pama-Nyungan	Australia	-35.412	150.134
dhuw1249	Dhuwal	Pama-Nyungan	Australia	-12.7825	136.008
dibo1245	Dibole	Atlantic-Congo	Africa	1.07773	17.2305
didi1258	Didinga	Surmic	Africa	4.21489	33.6869
dido1241	Tsez	Nakh-Daghestanian	Eurasia	42.2646	45.8096
dier1241	Dieri	Pama-Nyungan	Australia	-28.1667	138.0
digo1242	Digor	Indo-European	Eurasia		
digo1243	Digo	Atlantic-Congo	Africa	-4.62101	39.1752
dime1235	Dime	South Omotic	Africa	6.20951	36.3329
diml1238	Dimli	Indo-European	Eurasia	38.6147	39.6388
dink1262	Dinka	Nilotic	Africa		
dira1238	Dirari	Pama-Nyungan	Australia	-28.7992	138.078
diri1252	Diriku	Atlantic-Congo	Africa	-18.1681	20.6678
dita1238	Ditammari	Atlantic-Congo	Africa	10.1614	1.18045
dizi1235	Dizin	Dizoid	Africa	6.1405	35.5763
djab1234	Djabwurrung	Pama-Nyungan	Australia		
djad1246	Djadjawurrungic	Pama-Nyungan			
djam1255	Jaminjung-Ngaliwurru	Mirndi	Australia	-15.0558	130.06
djam1256	Djambarrpuyngu	Pama-Nyungan	Australia	-12.021	135.59
djan1238	Djangun	Pama-Nyungan	Australia	-16.91051	144.93245
djap1238	Djapu	Pama-Nyungan	Australia	-12.879764	136.417978
djau1244	Jawoyn	Gunwinyguan	Australia	-14.1361	133.002
djaw1238	Djawi	Nyulnyulan	Australia	-16.4163	123.186
djee1236	Djeebbana	Maningrida	Australia	-12.0133	134.097
djeo1235	Djeoromitxí	Nuclear-Macro-Je	South America	-12.038	-64.6694
djin1251	Jingulu	Mirndi	Australia	-17.165	133.659
djin1252	Djinba	Pama-Nyungan	Australia	-12.93	134.967
djin1253	Djinang	Pama-Nyungan	Australia	-12.462	134.82
djindewal		(isolate or unclassified)			
djiw1241	Djiwarli	Pama-Nyungan	Australia	-24.10724	116.98858
dobu1241	Dobu	Austronesian	Papunesia	-9.63239	150.825
dolg1241	Dolgan	Turkic	Eurasia	71.1083	94.2936
doma1258	Domari	Indo-European	Eurasia	32.0	35.0
domp1238	Dompo	Atlantic-Congo	Africa	8.182	-2.295
dong1285	Dongxiang	Mongolic	Eurasia	35.5808	103.558
doya1240	Doyayo	Atlantic-Congo	Africa	8.68604	13.0768
dual1243	Duala	Atlantic-Congo	Africa	4.10208	9.61877
dupa1235	Dupaninan Agta	Austronesian	Papunesia	17.3748	122.188
duru1236	Duruwa	Dravidian	Eurasia	19.0534	82.4881
duru1249	Duruma	Atlantic-Congo	Africa	-4.09629	39.322
dutc1256	Dutch	Indo-European	Eurasia	52.0	5.0
duun1241	Duungidjawu	Pama-Nyungan	Australia		
dyaa1242	Dyaabugay	Pama-Nyungan	Australia	-16.596	145.388
dyab1238	Dyaberdyaber	Nyulnyulan	Australia	-17.18653	122.52306
dyan1250	Dyangadi	Pama-Nyungan	Australia	-30.8469	152.602
dyir1250	Dyirbal	Pama-Nyungan	Australia	-17.4516	145.544
dyug1238	Dyugun	Nyulnyulan	Australia	-17.906	122.408
dyul1238	Dyula	Mande	Africa	10.4536	-4.72007
dzal1238	Dzalakha	Sino-Tibetan	Eurasia	27.7855	91.374
dzon1239	Dzongkha	Sino-Tibetan	Eurasia	27.410786	89.581604
dzuu1241	Dzùùngoo	Mande	Africa	11.3796	-4.92036
east1436	Eastern Pahari	Indo-European	Eurasia	27.5947033333	87.6200833333
east2282	East Latvian	Indo-European	Eurasia		
east2295	Eastern Yiddish	Indo-European	Eurasia	51.75	19.42
east2304	Eastern Balochi	Indo-European	Eurasia	28.0	62.0
east2328	Eastern Mari	Uralic	Eurasia	55.8307	48.405
east2337	East Yugur	Mongolic	Eurasia	37.9882	101.762
east2347	Eastern Tamang	Sino-Tibetan	Eurasia	27.3239	87.0832
east2379	Eastern Arrernte	Pama-Nyungan	Australia	-23.3583	135.046
east2380	Eastern Anmatyerre	Pama-Nyungan	Australia		
east2398	Eastern Karaboro	Atlantic-Congo	Africa	10.4987	-4.52253
east2426	Eastern Maninkakan	Mande	Africa	9.33048	-10.5394
east2440	East Makian	Austronesian	Papunesia	0.07337	127.423
east2516	East Kewa	Nuclear Trans New Guinea	Papunesia	-6.32989	143.931
east2542	Eastern Ojibwa	Algic	North America	45.0112	-79.7503
east2555	Eastern Bolivian Guaraní	Tupian	South America	-21.0909	-61.7179
east2563	Eastern Cham	Austronesian	Eurasia	11.2853	108.49
east2652	Eastern Oromo	Afro-Asiatic	Africa	8.67428	41.4395
east2773	Eastern Newari	Sino-Tibetan	Eurasia		
ebir1243	Ebira	Atlantic-Congo	Africa	8.15516	7.06183
efik1245	Efik	Atlantic-Congo	Africa	4.89379	8.38121
efut1241	Efutu	Atlantic-Congo	Africa		
egaa1242	Ega	Atlantic-Congo	Africa	5.56081	-5.41732
eggo1239	Eggon	Atlantic-Congo	Africa	8.71442	8.45686
egyp1253	Egyptian Arabic	Afro-Asiatic	Africa	31.0	31.0
ejag1239	Ejagham	Atlantic-Congo	Africa	5.54442	8.90959
ekar1243	Ekari	Nuclear Trans New Guinea	Papunesia	-3.88974	136.018
ekpe1253	Ekpeye	Atlantic-Congo	Africa	5.06715	6.53362
elfd1234	Elfdalian	Indo-European	Eurasia		
elip1238	Elip	Atlantic-Congo	Africa	4.45694	11.193
eloy1241	Eloyi	Atlantic-Congo	Africa	8.24696	7.97061
emai1241	Emai-Iuleha-Ora	Atlantic-Congo	Africa	7.09089	5.84494
embe1259	Emberá-Baudó	Chocoan	South America	5.2824	-76.32548
embe1260	Emberá-Catío	Chocoan	South America	7.52721	-76.7476
embe1262	Emberá-Chamí	Chocoan	South America	4.8791	-76.0749
emer1243	Emerillon	Tupian	South America	3.23694	-52.3699
enap1235	Panare	Cariban	South America	6.95035	-65.8483
enaw1238	Enawené-Nawé	Arawakan	South America	-12.4302	-58.9802
endo1242	Endo	Nilotic	Africa		
enge1239	Engenni	Atlantic-Congo	Africa	5.11931	6.37339
epen1239	Epena	Chocoan	South America	4.25877	-77.3566
erre1238	Erre	Giimbiyu	Australia	-12.2839	132.868
ersu1241	Ersu	Sino-Tibetan	Eurasia	29.2867	102.213
erzy1239	Erzya	Uralic	Eurasia	52.8548	45.3901
esee1248	Ese Ejja	Pano-Tacanan	South America	-11.7268	-67.515
esim1238	Esimbi	Atlantic-Congo	Africa	6.50094	9.86936
esto1258	Estonian	Uralic	Eurasia	58.55	25.82
eten1239	Eten	Atlantic-Congo	Africa	9.73073	8.61443
eton1253	Eton-Mengisa	Atlantic-Congo	Africa	4.21045	11.3935
even1259	Evenki	Tungusic	Eurasia	53.85	108.626
even1260	Even	Tungusic	Eurasia	70.6687	130.914
ewee1241	Ewe	Atlantic-Congo	Africa	6.46061	0.814975
ewon1239	Ewondo	Atlantic-Congo	Africa	4.21141	11.93646
eyak1241	Eyak	Athabaskan-Eyak-Tlingit	North America	60.4232	-144.762
ezaa1238	Ezaa	Atlantic-Congo	Africa		
ezha1238	Ezha	Afro-Asiatic	Africa		
faiw1243	Faiwol	Nuclear Trans New Guinea	Papunesia	-5.4967	141.656
fali1285	Fali	Afro-Asiatic	Africa	10.5419	13.4087
fang1246	Fang (Equatorial Guinea)	Atlantic-Congo	Africa	1.723965	11.61454
fang1248	Fang (Cameroon)	Atlantic-Congo	Africa	6.54384	10.319
faro1244	Faroese	Indo-European	Eurasia	62.0732	-6.88497
fasu1242	Fasu	(isolate or unclassified)	Papunesia	-6.62687	143.284
fefe1239	Fe'fe'	Atlantic-Congo	Africa	5.18158	10.1442
fern1234	Pichi	Indo-European	Africa	3.74	8.78
fiji1243	Fijian	Austronesian	Papunesia	-18.0	178.33
fili1244	Filipino	Austronesian	Papunesia	12.265	123.464
finn1318	Finnish	Uralic	Eurasia	64.7628	25.5577
fipa1238	Fipa	Atlantic-Congo	Africa	-7.88963	31.3442
fonn1241	Fon	Atlantic-Congo	Africa	7.15484	1.66495
food1238	Foodo	Atlantic-Congo	Africa	9.56489	1.40486
fore1265	Forest Enets	Uralic	Eurasia	69.9829	88.2121
fore1274	Forest Nenets	Uralic	Eurasia	63.72	71.97
fraf1238	Frafra	Atlantic-Congo	Africa		
friu1240	Friulian	Indo-European	Eurasia	46.1473	13.0493
fuli1240	Fuliiru	Atlantic-Congo	Africa	-3.04022	28.9865
fuln1247	Fulniô	(isolate or unclassified)	South America	-9.02591	-37.1402
furr1244	Fur	Furan	Africa	12.0455	23.6401
furu1242	Furu	Central Sudanic	Africa	4.485	20.6448
fwai1237	Fwâi	Austronesian	Papunesia	-20.6873	164.901
fwee1238	Fwe	Atlantic-Congo	Africa	-17.72372	24.43151
gaaa1244	Ga	Atlantic-Congo	Africa	5.65488	-0.18598
gaaa1245	Gaa	Atlantic-Congo	Africa	8.4809	11.9603
gaam1241	Gaam	Eastern Jebel	Africa	11.4674	33.9797
gabi1248	Gabigabi	Pama-Nyungan			
gade1236	Gade Lohar	Indo-European	Eurasia	25.8583	78.2187
gads1258	Gadsup	Nuclear Trans New Guinea	Papunesia	-6.31631	145.997
gaga1249	Gagauz	Turkic	Eurasia	44.5988	28.0277
gaga1251	Gaagudju	(isolate or unclassified)	Australia	-12.5176	132.643
gagn1235	Gagnoa Bété	Atlantic-Congo	Africa	6.10051	-5.9701
gagu1242	Gban	Mande	Africa	6.40859	-5.51851
gali1258	Galician	Indo-European	Eurasia	42.2446	-7.5343
gali1262	Galibi Carib	Cariban	South America	5.83772	-56.8323
galo1242	Galo	Sino-Tibetan	Eurasia	27.9805586	94.6884956
gamb1251	Gambera	Worrorran	Australia	-14.29546	126.27131
gami1243	Yuwaalaraay-Gamilaraay	Pama-Nyungan	Australia	-29.9037	149.543
gamo1243	Gamo	Ta-Ne-Omotic	Africa	6.27645	37.23808
gana1268	Birrdhawal	Pama-Nyungan	Australia	-37.05	148.93
gana1278	Ganai	Pama-Nyungan	Australia		
gand1255	Ganda	Atlantic-Congo	Africa	0.66884	32.15153
gang1267	Ganggalida	Tangkic	Australia	-17.5446	139.426
gang1268	Gangulu	Pama-Nyungan	Australia	-22.7637	149.416
gara1269	Garrwa	Garrwan	Australia	-17.4504	137.72014
gari1254	Garig	Iwaidjan Proper	Australia		
garo1247	Garo	Sino-Tibetan	Eurasia	25.2954	90.462
gata1239	Gata'	Austroasiatic	Eurasia	18.6076	82.984
gava1241	Gavar	Afro-Asiatic	Africa	10.5603	13.8188
gavi1246	Gavião Do Jiparaná	Tupian	South America	-10.7235	-61.6752
gayo1244	Gayo	Austronesian	Papunesia	4.3733	97.3456
gbag1258	Gbagyi	Atlantic-Congo	Africa	9.29842	6.90495
gbar1246	Gbari	Atlantic-Congo	Africa	8.46411	7.10757
gbay1281	Gbaya-Mbodomo	Atlantic-Congo	Africa	4.800365	14.606865
gbay1287	Gbaya-Bossangoa	Atlantic-Congo	Africa	6.61896	17.645
gbay1288	Gbaya (Sudan)	Kresh-Aja	Africa	8.43391	25.5173
gbes1238	Gbesi Gbe	Atlantic-Congo	Africa	6.55911	2.0269
genn1243	Gen	Atlantic-Congo	Africa	6.25971	1.67727
gheg1238	Gheg Albanian	Indo-European	Eurasia	42.317	21.3837
ghod1238	Godoberi	Nakh-Daghestanian	Eurasia	42.7428	46.2252
ghom1247	Ghomálá'	Atlantic-Congo	Africa	5.39619	10.352
gida1240	Gidabal	Pama-Nyungan	Australia		
gida1247	Gidar	Afro-Asiatic	Africa	9.874715	14.07845
giky1238	Gikyode	Atlantic-Congo	Africa	8.39478	0.56975
gily1242	Nivkh	(isolate or unclassified)	Eurasia	52.59	140.681
giny1241	Ginyanga	Atlantic-Congo	Africa	8.2327	0.98348
giry1241	Giryama	Atlantic-Congo	Africa	-3.30638	39.6648
glav1244	Glavda	Afro-Asiatic	Africa	11.1334	13.8652
godi1239	Godié	Atlantic-Congo	Africa	5.3944	-5.82696
goli1247	Golin	Nuclear Trans New Guinea	Papunesia	-6.2249	144.8505
gonj1241	Gonja	Atlantic-Congo	Africa	8.48801	-0.72757
goon1238	Gooniyandi	Bunaban	Australia	-18.4073	126.351
gore1235	Goreng	Pama-Nyungan	Australia		
gour1243	Gourmanchéma	Atlantic-Congo	Africa	11.6711	1.28489
gras1249	Grass Koiari	Koiarian	Papunesia	-9.51218	147.437
guah1255	Guahibo	Guahiboan	South America	5.81736	-68.9839
guaj1255	Guajajára	Tupian	South America	-4.69461	-45.7081
guaj1256	Guajá	Tupian	South America	-3.93574	-46.3683
guam1248	Guambiano	Barbacoan	South America	2.55849	-76.582
guan1269	Kotiria	Tucanoan	South America	1.07554	-69.5705
guan1270	Kinikinao	Arawakan	South America	-19.1667	-54.0333
guar1292	Guarayu	Tupian	South America	-15.8247	-61.6934
guar1293	Baniva de Maroa	Arawakan	South America	1.80835	-66.922505
guat1253	Guató	(isolate or unclassified)	South America	-17.8696	-57.2897
guay1257	Guayabero	Guahiboan	South America	2.8969	-71.844
guda1243	Gudanji	Mirndi	Australia		
gude1246	Gude	Afro-Asiatic	Africa	10.2138	13.403
gudj1237	Gudjal	Pama-Nyungan	Australia	-19.44157406	144.6482584
guer1243	Guerrero Amuzgo	Otomanguean	North America	16.77226	-98.18953
guga1239	Gugadj	Pama-Nyungan	Australia	-17.8372	141.168
gugu1253	Gugu Badhun	Pama-Nyungan	Australia	-18.4921	144.46
gugu1254	Gugubera	Pama-Nyungan	Australia	-15.4296	141.635
gugu1255	Guugu Yimidhirr	Pama-Nyungan	Australia	-14.9424	144.831
guin1254	Guinea Kpelle	Mande	Africa	7.93196	-8.98843
guja1252	Gujarati	Indo-European	Eurasia	22.687	71.0962
guja1253	Gujari	Indo-European	Eurasia	34.3768	73.1461
guma1252	Kunwinjku	Gunwinyguan	Australia		
guma1253	Gumatj	Pama-Nyungan	Australia	-12.25254	136.83042
gume1239	Gumer	Afro-Asiatic	Africa		
gumu1244	Northern Gumuz	Gumuz	Africa	11.05	35.93
gund1246	Kundjeyhmi	Gunwinyguan	Australia		
gund1248	Gundungurra	Pama-Nyungan	Australia	-33.7	150.3
gune1238	Kune	Gunwinyguan	Australia		
gung1248	Gungabula	Pama-Nyungan	Australia	-25.6896	148.604
gunw1252	Bininj Kun-Wok	Gunwinyguan	Australia	-12.3398	133.358
guny1241	Gunya	Pama-Nyungan	Australia	-27.0642	145.862
gupa1247	Gupapuyngu	Pama-Nyungan	Australia	-12.2868	135.337
gura1252	Guragone	Maningrida	Australia	-12.66855	134.09501
gurd1238	Gurdjar	Pama-Nyungan	Australia	-17.1653	141.145
gure1255	Gureng Gureng	Pama-Nyungan	Australia	-25.3893	151.175
guri1247	Gurindji	Pama-Nyungan	Australia	-17.0329	130.379
guro1248	Guro	Mande	Africa	7.34954	-6.31154
guru1261	Gurung	Sino-Tibetan	Eurasia	27.41687	86.28988
guwa1242	Guwa	Pama-Nyungan	Australia	-21.35147706	142.5243782
guwa1243	Guwamu	Pama-Nyungan	Australia	-27.8289	148.867
guwa1244	Guwar	Pama-Nyungan	Australia	-27.16698973	153.3998245
gwan1268	Gwandara	Afro-Asiatic	Africa	9.20464	7.49931
gwen1239	Gweno	Atlantic-Congo	Africa	-3.68407	37.6827
hadi1240	Hadiyya	Afro-Asiatic	Africa	7.57377	37.7577
hadz1240	Hadza	(isolate or unclassified)	Africa	-3.83115	35.0458
hain1253	Hainyaxo Bozo	Mande	Africa	13.8734	-5.65085
haio1238	Hai//om	Khoe-Kwadi	Africa	-19.7637	17.0299
haka1240	Haka Chin	Sino-Tibetan	Eurasia	22.8735	92.8208
hakk1236	Hakka Chinese	Sino-Tibetan	Eurasia	25.0	116.0
halb1244	Halbi	Indo-European	Eurasia	20.3081	81.3742
halh1238	Halh Mongolian	Mongolic	Eurasia	48.324	106.289
halk1245	Halkomelem	Salishan	North America	48.0751	-122.029
hame1242	Hamer-Banna	South Omotic	Africa	5.06515	36.5176
hang1258	Hanga	Atlantic-Congo	Africa	9.33929	-1.57833
hang1260	Hangaza	Atlantic-Congo	Africa	-2.52347	30.7074
hang1263	Hanga Hundi	Ndu	Papunesia	-3.90364	142.849
hara1271	Harari	Afro-Asiatic	Africa	9.30485	42.1332
haus1257	Hausa	Afro-Asiatic	Africa	11.1513	8.7804
hawa1245	Hawaiian	Austronesian	Papunesia	19.6297	-155.43
hawk1239	Hawkesbury	Pama-Nyungan	Australia	-33.11470744	150.4952383
haya1250	Haya	Atlantic-Congo	Africa	-1.70878	31.4846
hdii1240	Hdi	Afro-Asiatic	Africa	10.942	13.6881
hebr1245	Modern Hebrew	Afro-Asiatic	Eurasia	31.1056	35.0179
heib1243	Ebang	Heibanic	Africa	11.2908	30.5282
hela1238	Lamjung-Melamchi Yolmo	Sino-Tibetan	Eurasia	27.9212	85.6289
here1253	Herero	Atlantic-Congo	Africa	-21.0231	20.5655
hili1240	Hiligaynon	Austronesian	Papunesia	10.4018	122.974
hind1269	Hindi	Indo-European	Eurasia	25.0	77.0
hixk1239	Hixkaryána	Cariban	South America	-0.16265	-58.80153
hmon1264	Hmong Njua	Hmong-Mien	Eurasia	22.5638	101.95
hoav1238	Hoava	Austronesian	Papunesia	-8.19679	157.595
holo1240	Holoholo	Atlantic-Congo	Africa	-5.37545	28.3274
hooo1248	Ho	Austroasiatic	Eurasia	23.9596	87.1188
hopi1249	Hopi	Uto-Aztecan	North America	35.7653	-110.535
huaa1248	East Taa	Tuu	Africa	-24.20022	20.79583
hual1241	Huallaga Huánuco Quechua	Quechuan	South America	-9.57135	-75.594
huam1247	Huambisa	Chicham	South America	-3.99109	-77.9797
huam1248	Huamalíes-Dos de Mayo Huánuco Quechua	Quechuan	South America	-9.15718	-76.3372
huar1255	Huarijio	Uto-Aztecan	North America	27.8685	-108.437
huas1242	Huastec	Mayan	North America	21.6153	-98.5028
huay1240	Huaylas Ancash Quechua	Quechuan	South America	-9.38709	-77.7768
huba1236	Huba	Afro-Asiatic	Africa	10.3544	13.139
hueh1236	Huehuetla Tepehua	Totonacan	North America	20.6189	-97.9347
huic1243	Huichol	Uto-Aztecan	North America	21.954	-104.062
huml1238	Humla	Sino-Tibetan	Eurasia	30.1451	81.5659
hung1274	Hungarian	Uralic	Eurasia	46.9068585714	19.6555271429
hung1278	Hungana-Saamba	Atlantic-Congo	Africa	-3.69695	18.4312
hunz1247	Hunzib	Nakh-Daghestanian	Eurasia	42.0808	46.1369
hupa1239	Hupa	Athabaskan-Eyak-Tlingit	North America	41.0982	-123.68
hupd1244	Hupdë	Nadahup	South America	0.58622	-69.8359
huro1249	Huron	Iroquoian	North America		
iaai1238	Iaai	Austronesian	Papunesia	-20.6301	166.59
iban1261	Ibani	Ijoid	Africa	4.49119	7.23558
iban1264	Iban	Austronesian	Papunesia	2.09041	112.934
ibib1240	Ibibio	Atlantic-Congo	Africa	5.15279	7.86688
icel1247	Icelandic	Indo-European	Eurasia	63.4837	-19.0212
idaa1241	Ida'an	Austronesian	Papunesia	5.29059	118.515
idom1241	Idoma	Atlantic-Congo	Africa	7.19139	7.71261
ifee1241	Ifè	Atlantic-Congo	Africa	7.63568	1.58494
iged1239	Igede	Atlantic-Congo	Africa	6.95522	8.27362
igna1246	Ignaciano	Arawakan	South America	-15.1188	-65.3993
igoo1238	Igo	Atlantic-Congo	Africa	7.25499	0.67846
ikal1242	Ikalanga	Atlantic-Congo	Africa		
ikar1243	Ikaranggal	Pama-Nyungan	Australia		
ikkk1242	Ik	Kuliak	Africa	3.61407	34.2507
ikpe1245	Ikpeng	Cariban	South America	-11.37822	-53.49553
ikwe1242	Ikwere	Atlantic-Congo	Africa	5.04333	6.86651
ikwo1238	Ikwo	Atlantic-Congo	Africa		
ilga1238	Ilgar	Iwaidjan Proper	Australia		
ilok1237	Iloko	Austronesian	Papunesia	15.9361	120.993
imba1240	Imbabura Highland Quichua	Quechuan	South America	0.31776	-78.3729
imon1245	Imonda	Border	Papunesia	-3.31228	141.171
inap1243	Iñapari	Arawakan	South America	-12.4653	-69.3083
indo1316	Indonesian	Austronesian	Papunesia	-7.33458	109.716
indo1317	Indonesian Bajau	Austronesian	Papunesia	-3.68664	122.253
inga1252	Inga	Quechuan	South America	1.00313	-76.8606
ingu1240	Ingush	Nakh-Daghestanian	Eurasia	43.11	45.03
inor1238	Inor	Afro-Asiatic	Africa	7.94883	37.7968
iqui1243	Iquito	Zaparoan	South America	-3.31233	-73.97046
iran1263	Irántxe-Münkü	(isolate or unclassified)	South America	-12.7178	-57.9806
iraq1241	Iraqw	Afro-Asiatic	Africa	-4.19948	35.2939
irar1238	Irarutu	Austronesian	Papunesia	-2.94438	133.586
irig1241	Irigwe	Atlantic-Congo	Africa	9.85197	8.6525
iris1253	Irish	Indo-European	Eurasia	53.2186	-7.61509
irul1243	Irula of the Nilgiri	Dravidian	Eurasia	12.70645	79.95209
iseb1246	Isebe	Nuclear Trans New Guinea	Papunesia	-5.20719	145.691
ishk1246	Ishkashimi	Indo-European	Eurasia	36.67	71.55
isla1278	Island Carib	Arawakan	North America	15.364795	-61.342957
isok1239	Isoko	Atlantic-Congo	Africa	5.52889	6.24682
isth1244	Isthmus Zapotec	Otomanguean	North America	16.4548	-94.8444
ital1282	Italian	Indo-European	Eurasia	43.0464	12.6489
itel1242	Itelmen	Chukotko-Kamchatkan	Eurasia	56.7798	156.906
iton1250	Itonama	(isolate or unclassified)	South America	-12.80431	-64.35748
iumi1238	Iu Mien	Hmong-Mien	Eurasia	20.83	101.17
ivat1242	Itbayat	Austronesian	Papunesia	20.3848	121.975
iwai1244	Iwaidja	Iwaidjan Proper	Australia	-11.3379	132.453
iwam1256	Iwam	Sepik	Papunesia	-4.27346	141.817
iyiv1238	Iyive	Atlantic-Congo	Africa	6.50437	9.53302
iyow1239	Iyo'wujwa Chorote	Matacoan	South America	-22.2067	-62.6508
izer1241	Izere	Atlantic-Congo	Africa	9.5	8.7
izii1239	Izi	Atlantic-Congo	Africa	6.33	8.0
izon1238	Izon	Ijoid	Africa	5.17986	5.51702
jahh1242	Jah Hut	Austroasiatic	Eurasia	3.67619	102.291
jama1261	Madi	Arawan	South America	-7.62223	-66.5662
jama1262	Jamaican Creole English	Indo-European	North America	18.13	-77.2612
jams1239	Jamsay Dogon	Dogon	Africa	14.1794	-2.57999
jand1248	Jandai	Pama-Nyungan	Australia		
japh1234	Japhug	Sino-Tibetan	Eurasia	32.1	102.36
japr1238	Japrería	Cariban	South America	10.5523	-72.7101
jaqa1244	Jaqaru	Aymaran	South America	-12.8823	-75.8958
jaru1254	Jaru	Pama-Nyungan	Australia	-18.3288	128.262
jauj1238	Jauja Wanca Quechua	Quechuan	South America	-11.6747	-75.2786
jaun1243	Jaunsari	Indo-European	Eurasia	30.5587	77.9084
java1254	Javanese	Austronesian	Papunesia	-0.572307	110.885
jebe1250	Jebero	Cahuapanan	South America	-5.40317	-76.4103
jeme1245	Towa	Kiowa-Tanoan	North America	35.5994	-106.766
jenn1240	Jennu Kurumba	Dravidian	Eurasia	11.5041	76.5767
jere1244	Jere	Atlantic-Congo	Africa	10.1962	8.95834
jerr1238	Jerriais	Indo-European	Eurasia		
jiar1240	Northern Gyalrong	Sino-Tibetan	Eurasia	31.60295	102.22875
jica1244	Jicarilla Apache	Athabaskan-Eyak-Tlingit	North America	36.8079	-107.007
jita1239	Jita	Atlantic-Congo	Africa	-1.62681	33.9141
jola1262	Jola-Esulalu	Atlantic-Congo	Africa	12.5089	-16.5539
jola1263	Jola-Fonyi	Atlantic-Congo	Africa	12.75752	-15.7354766667
jowu1238	Jowulu	Mande	Africa	10.7691	-5.47873
juan1238	Juang	Austroasiatic	Eurasia	21.2606	85.5845
jude1256	Judeo-Tat	Indo-European	Eurasia	42.068306	48.264749
juho1239	South-Eastern Ju	Kxa	Africa	-19.688	20.7673
juma1249	Júma	Tupian	South America	-7.27501	-64.0998
jumj1238	Jumjum	Nilotic	Africa	10.4349	33.7494
jung1240	Jungle Inga	Quechuan	South America	0.88872	-76.6593
jurm1239	Jur Modo	Central Sudanic	Africa	6.03321	29.974
juru1256	Jurúna	Tupian	South America	-10.9354	-53.3472
kaba1278	Kabardian	Abkhaz-Adyge	Eurasia	43.5082	43.3918
kabi1260	Kabikabi	Pama-Nyungan	Australia	-25.44486229	153.1539929
kabi1261	Kabiyé	Atlantic-Congo	Africa	8.96816	0.495023
kabu1256	Kabuverdianu	Indo-European	Africa	15.0586	-23.6148
kaby1243	Kabyle	Afro-Asiatic	Africa	36.4103	4.76137
kach1280	Southern Jinghpaw	Sino-Tibetan	Eurasia	25.4634	97.3278
kadi1248	Kadiwéu	Guaicuruan	South America	-19.7222	-57.582
kafa1242	Kafa	Ta-Ne-Omotic	Africa	7.34022	36.1718
kagf1238	Ut-Main	Atlantic-Congo	Africa	11.5319	4.8387
kagu1239	Kagulu	Atlantic-Congo	Africa	-6.38204	37.0534
kahe1238	Kahe	Atlantic-Congo	Africa	-3.51412	37.5759
kain1272	Kaingang	Nuclear-Macro-Je	South America	-27.7671	-52.5394
kaiw1246	Kaiwá	Tupian	South America	-24.589	-54.6815
kaka1265	Kakabe	Mande	Africa	10.5962	-11.4418
kako1242	Kako	Atlantic-Congo	Africa	3.79989	15.6282
kala1377	Kala Lagaw Ya	Pama-Nyungan	Papunesia	-10.6748	142.196
kala1378	Kalaw Kawaw	Pama-Nyungan	Australia		
kala1379	Kalarko	Pama-Nyungan	Australia	-31.7154	118.911
kala1380	Kalali	Pama-Nyungan	Australia		
kala1381	Kalabari	Ijoid	Africa	4.53194	6.69539
kala1399	Kalaallisut	Eskimo-Aleut	Eurasia	69.3761	-52.864
kala1401	Kalaamaya	Pama-Nyungan	Australia		
kali1299	Kaliai	Austronesian	Papunesia		
kalk1246	Kalkutung	Pama-Nyungan	Australia	-21.0	139.5
kalm1243	Oirad-Kalmyk	Mongolic	Eurasia	46.566667	45.316667
kama1351	Kamas-Koibal	Uralic	Eurasia	55.07	94.83
kama1365	Kamang	Timor-Alor-Pantar	Papunesia	-8.26897	124.792
kama1367	Kamasau	Nuclear Torricelli	Papunesia	-3.8503	143.842
kama1373	Kamayurá	Tupian	South America	-12.2661	-53.4651
kamb1297	Kamba (Kenya)	Atlantic-Congo	Africa	-1.60827	37.9532
kamb1298	Kambe	Atlantic-Congo	Africa		
kamb1299	Kambera	Austronesian	Papunesia	-9.88447	120.235
kamb1316	Kambaata	Afro-Asiatic	Africa	7.37582	37.9088
kamw1239	Kamwe	Afro-Asiatic	Africa	10.646	13.5136
kang1280	Kangri	Indo-European	Eurasia	31.915	76.366
kang1281	Kangjia	Mongolic	Eurasia	35.043	101.254
kang1288	Kanga	Kadugli-Krongo	Africa	11.0174	29.3463
kani1276	Kaniyang	Pama-Nyungan	Australia		
kano1245	Kanoê	(isolate or unclassified)	South America	-12.1789	-64.5812
kara1462	Taiga Sayan Turkic	Turkic	Eurasia	53.7145	98.3792
kara1464	Karaim	Turkic	Eurasia	54.5534	25.1054
kara1467	Kara-Kalpak	Turkic	Eurasia	39.98	63.3223
kara1474	Karata	Nakh-Daghestanian	Eurasia	42.6501	46.3151
kara1476	Karadjeri	Pama-Nyungan	Australia	-18.6771	122.334
kara1478	Karang	Atlantic-Congo	Africa	8.01727	15.2114
kara1483	Karamojong	Nilotic	Africa	2.45157	34.2761
kara1500	Karajá	Nuclear-Macro-Je	South America	-11.1881	-50.3492
kara1508	Karangura	Pama-Nyungan			
karb1241	Hills Karbi	Sino-Tibetan	Eurasia	25.7317	93.0462
kare1335	Karelian	Uralic	Eurasia	65.1691	30.8655
kare1338	Kare (Central African Republic)	Atlantic-Congo	Africa	7.05641	15.2207
kari1255	Karirí-Xocó	Unclassifiable	South America	-9.84999	-36.3333
kari1301	Karipúna Creole French	Indo-European	South America	3.42825	-51.6888
kari1304	Kariyarra	Pama-Nyungan	Australia	-20.445	118.613
kari1311	Karitiâna	Tupian	South America	-9.37937	-64.1522
karo1304	Karok	(isolate or unclassified)	North America	41.8228	-123.315
karo1306	Karo	Tupian	South America		
kart1247	Kartujarra	Pama-Nyungan	Australia		
kase1253	Kasem	Atlantic-Congo	Africa	11.0824	-1.39076
kash1277	Kashmiri	Indo-European	Eurasia	34.166825	74.330455
katc1249	Katcha-Kadugli-Miri	Kadugli-Krongo	Africa	10.8423	29.4914
katc1250	Katcha	Kadugli-Krongo	Africa		
kaum1238	Kauma	Atlantic-Congo	Africa		
kaur1267	Kaurna	Pama-Nyungan	Australia	-34.34966141	138.4800794
kawa1283	Kawaiisu	Uto-Aztecan	North America	36.0538	-118.679
kawa1290	Kawarrang-Ogh Undjan	Pama-Nyungan	Australia	-16.1	142.5
kaxa1239	Kaxararí	Pano-Tacanan	South America	-9.47288	-66.3329
kaxu1237	Kaxuiâna	Cariban	South America	2.17138	-55.9101
kaya1319	Kayardild	Tangkic	Australia	-17.0695	139.489
kaya1329	Kayabí	Tupian	South America	-11.2747	-55.5479
kaya1330	Kayapó	Nuclear-Macro-Je	South America	-7.77352	-51.6737
kayt1238	Kaytetye	Pama-Nyungan	Australia	-21.5844	133.602
keda1250	Kedayan	Austronesian	Papunesia		
keig1242	Keiga	Kadugli-Krongo	Africa	11.2064	29.3889
kekc1242	Kekchí	Mayan	North America	15.3788	-89.2452
kela1255	Kela (Papua New Guinea)	Austronesian	Papunesia	-7.47103	147.173
kele1255	Kele-Foma	Atlantic-Congo	Africa	0.36906	24.3098
keli1248	Keliko	Central Sudanic	Africa	3.56039	30.556
keme1240	Kemezung	Atlantic-Congo	Africa	6.69577	10.4984
kens1251	Kenswei Nsei	Atlantic-Congo	Africa	6.01713	10.412
keny1279	Kenyang	Atlantic-Congo	Africa	5.58288	9.55918
keoo1238	Ke'o	Austronesian	Papunesia	-8.8704	121.256
kera1255	Kera	Afro-Asiatic	Africa	9.88165	15.1419
kera1256	Keramin	Pama-Nyungan			
kete1252	Kete	Atlantic-Congo	Africa	-7.15104	22.9027
kett1243	Ket	Yeniseian	Eurasia	63.7551	87.5466
kgal1244	Kgalagadi	Atlantic-Congo	Africa	-24.9208	22.72016
khak1248	Khakas	Turkic	Eurasia	50.7393	107.169
khal1271	Khalkhal	Indo-European	Eurasia		
kham1282	Khams Tibetan	Sino-Tibetan	Eurasia	31.9313	91.7062
khan1273	Kazym-Berezover-Suryskarer Khanty	Uralic	Eurasia	62.4308	66.1218
khar1287	Kharia	Austroasiatic	Eurasia	22.3571	84.3922
khas1269	Khasi	Austroasiatic	Eurasia	24.977	91.9998
khez1235	Khezha Naga	Sino-Tibetan	Eurasia	25.7078	94.3114
khit1238	Khithaulhu	Nambiquaran	South America		
khmu1256	Khmu	Austroasiatic	Eurasia	20.2463	101.671
kich1262	K'iche'	Mayan	North America	14.5278	-91.1696
kiku1240	Kikuyu	Atlantic-Congo	Africa	-0.29005	36.719
kild1236	Kildin Saami	Uralic	Eurasia	68.2158	35.8348
kima1244	Kimaragang	Austronesian	Papunesia	6.61982	116.96
kima1246	Kimaama	Kolopom	Papunesia	-8.01899	138.355
kinn1249	Kinnauri	Sino-Tibetan	Eurasia	31.3688	78.3148
kiny1244	Kinyarwanda	Atlantic-Congo	Africa	-1.56771	29.6441
kiow1266	Kiowa	Kiowa-Tanoan	North America	34.9403	-98.9042
kips1239	Kipsigis	Nilotic	Africa	-0.35774	35.258532
kirg1245	Kirghiz	Turkic	Eurasia	42.0	74.0
kiri1254	Kirike	Ijoid	Africa	4.41126	6.98938
kisa1263	Kisa	Atlantic-Congo	Africa	0.1529	34.5708
kist1241	Kistane	Afro-Asiatic	Africa	8.33561	38.4763
kita1249	Kita Maninkakan	Mande	Africa	13.1798	-9.49151
kitj1240	Kitja	Jarrakan	Australia	-17.5758	127.392
kitu1245	Kituba (Congo)	Atlantic-Congo	Africa	-4.15654	14.5648
kitu1246	Kituba (Democratic Republic of Congo)	Atlantic-Congo	Africa	-2.29601	17.1548
klam1254	Klamath-Modoc	(isolate or unclassified)	North America	42.5861	-121.704
klao1243	Klao	Atlantic-Congo	Africa	6.87233	-10.9214
koal1240	Koalib-Rere	Heibanic	Africa	11.69648	30.47166
koas1236	Koasati	Muskogean	North America	30.4096	-92.709
koda1255	Kodava	Dravidian	Eurasia	12.2443	75.9161
kofy1242	Pan	Afro-Asiatic	Africa	8.79947	9.15279
koho1244	Koho	Austroasiatic	Eurasia	11.6444	108.057
kohu1244	Kohumono	Atlantic-Congo	Africa	5.92596	7.96202
koka1244	Kokata	Pama-Nyungan	Australia	-31.2052	136.813
kokb1239	Kok Borok	Sino-Tibetan	Eurasia	23.1916	91.4673
kokn1236	Kok-Nar	Pama-Nyungan	Australia	-16.181	141.608
koko1269	Kokota	Austronesian	Papunesia	-8.16481	159.191
komc1235	Kom (Cameroon)	Atlantic-Congo	Africa	6.2596	10.3348
komi1268	Komi-Zyrian	Uralic	Eurasia	64.0527	54.946
komi1269	Komi-Permyak	Uralic	Eurasia	59.6602	54.7959
komi1277	Komi-Yazva	Uralic	Eurasia	60.717	55.756
komo1258	Komo (Sudan)	Koman	Africa	8.94162	34.0939
komo1260	Komo (Democratic Republic of Congo)	Atlantic-Congo	Africa	-0.76333	26.7144
kond1295	Konda-Dora	Dravidian	Eurasia	18.26754	82.93402
kond1303	Konda	Konda-Yahadian	Papunesia	-1.82635	132.06
konk1267	Maharashtrian Konkani	Indo-European	Eurasia	19.2414	73.9166
konk1269	Konkomba	Atlantic-Congo	Africa	9.82224	0.2783
konn1242	Konni	Atlantic-Congo	Africa	10.2368	-1.54376
koon1245	Koonzime	Atlantic-Congo	Africa	3.25933	13.54152
koor1239	Koorete	Ta-Ne-Omotic	Africa	5.80545	37.8679
kora1295	Korafe	Nuclear Trans New Guinea	Papunesia		
kore1280	Korean	Koreanic	Eurasia	37.5	128.0
kore1283	Koreguaje	Tucanoan	South America	0.92316	-75.3475
kork1243	Korku	Austroasiatic	Eurasia	21.8358	77.5541
korr1238	Korra Koraga	Dravidian	Eurasia	12.9163	75.2
koru1247	Korubo	Pano-Tacanan	South America	-5.3655	-70.5094
kory1246	Koryak	Chukotko-Kamchatkan	Eurasia	63.8977	166.695
kosh1246	Koshin	Atlantic-Congo	Africa	6.5817	10.299
kota1263	Kota (India)	Dravidian	Eurasia	11.4978	76.9387
kota1272	Kotafon Gbe	Atlantic-Congo	Africa	6.64027	1.72346
koya1251	Koya	Dravidian	Eurasia	17.6772	81.2096
koya1253	Koyaga	Mande	Africa	8.29177	-6.23255
koyr1240	Koyra Chiini Songhay	Songhay	Africa	16.192	-3.73962
koyr1242	Koyraboro Senni Songhai	Songhay	Africa	16.9634	-0.55187
kpan1246	Kpan	Atlantic-Congo	Africa	7.58343	10.1642
krac1238	Krache	Atlantic-Congo	Africa	7.93475	0.01925
krah1246	Krahô	Nuclear-Macro-Je	South America	-8.01172	-47.5774
kren1239	Krenak	Nuclear-Macro-Je	South America	-18.9988	-41.2299
krik1239	Krikati-Timbira	Nuclear-Macro-Je	South America	-5.94252	-46.7504
krim1238	Krim	Atlantic-Congo	Africa	7.24116	-11.8393
krio1253	Krio	Indo-European	Africa	10.8811	-14.3204
kris1246	I'saka	Sko	Papunesia	-2.80084	141.303
kron1241	Krongo	Kadugli-Krongo	Africa	10.514	30.003
kuan1247	Kuanyama	Atlantic-Congo	Africa	-17.7176	16.58
kuay1244	Kuay	Austroasiatic	Eurasia		
kuii1252	Kui (India)	Dravidian	Eurasia	19.2043	83.5859
kuik1246	Kuikúro-Kalapálo	Cariban	South America	-12.3035	-53.2261
kuka1246	Kukatja	Pama-Nyungan	Australia	-20.3321	127.666
kuku1273	Kuku-Yalanji	Pama-Nyungan	Australia	-16.0036	145.188
kulu1253	Kulung (Nepal)	Sino-Tibetan	Eurasia	27.1606	87.5717
kuma1273	Kumaoni	Indo-European	Eurasia	29.5622	80.0171
kumb1268	Kumbainggar	Pama-Nyungan	Australia	-29.8189	152.913
kumi1248	Tipai	Cochimi-Yuman	North America	32.331	-116.604
kumy1244	Kumyk	Turkic	Eurasia	43.0	47.0
kumz1235	Kumzari	Indo-European	Eurasia	26.1602	56.4202
kuna1268	Kunama	(isolate or unclassified)	Africa	14.5879	37.5292
kung1258	Kunggari	Pama-Nyungan	Australia	-24.2182	143.222
kung1259	Kungarakany	(isolate or unclassified)	Australia	-12.7	130.881
kung1261	North-Central Ju	Kxa	Africa	-21.92	18.0
kuni1267	Kunimaipa	Goilalan	Papunesia	-8.09371	146.908
kuni1268	Kunigami	Japonic	Eurasia	26.5911	128.068
kunj1245	Kunjen	Pama-Nyungan	Australia	-16.6807	143.53
kuny1238	Kunyi	Atlantic-Congo	Africa	-3.69702	12.5197
kunz1244	Kunza	(isolate or unclassified)	South America	-23.0	-69.0
kuoo1238	Kuo	Atlantic-Congo	Africa	7.97771	15.4843
kuot1243	Kuot	(isolate or unclassified)	Papunesia	-3.06952	151.537
kupa1239	Kupang Malay	Austronesian	Papunesia	-10.2526	123.63
kups1238	Kupsabiny	Nilotic	Africa	1.33197	34.5991
kura1250	Kuranko	Mande	Africa	9.49325	-10.6122
kuri1259	Kuria	Atlantic-Congo	Africa	-1.50636	34.5049
kurr1243	Kurrama	Pama-Nyungan	Australia	-22.2134	117.51
kurt1248	Kurtokha	Sino-Tibetan	Eurasia	27.5365	90.9822
kuru1302	Kurukh	Dravidian	Eurasia	24.4644	86.4657
kuru1309	Kuruáya	Tupian	South America	-3.09561	-52.2303
kusa1250	Kusaal	Atlantic-Congo	Africa	10.9703	-0.38756
kusu1250	Kusunda	(isolate or unclassified)	Eurasia	29.1766	80.6309
kute1248	Kutep	Atlantic-Congo	Africa	7.07479	10.0916
kuth1240	Kuthant	Pama-Nyungan	Australia	-17.4566	140.958
kuuk1238	Kuuku-Ya'u	Pama-Nyungan	Australia	-12.4947	143.165
kuun1236	Kuungkari of Barcoo River	Pama-Nyungan	Australia	-24.75108713	143.5365228
kuvi1243	Kuvi	Dravidian	Eurasia	18.8832	83.7552
kuwa1246	Kuwaataay	Atlantic-Congo	Africa	12.48255	-16.74835
kwai1243	Kwaio	Austronesian	Papunesia	-8.93744	160.965
kwak1269	Kwak'wala	Wakashan	North America	50.9269	-127.308
kwam1249	Kwama	Koman	Africa	9.50836	34.2457
kwam1250	Kwami	Atlantic-Congo	Africa	-1.53712	27.4633
kwam1251	Kwambi	Atlantic-Congo	Africa	-18.0339	15.7294
kwan1273	Kwangali	Atlantic-Congo	Africa	-17.9026	19.256
kwan1276	Kwanja	Atlantic-Congo	Africa	6.30293	11.6931
kway1241	Kwaya	Atlantic-Congo	Africa	-1.80737	33.71
kwaz1243	Kwaza	(isolate or unclassified)	South America	-11.6667	-61.1833
kwes1244	Kwese	Atlantic-Congo	Africa	-5.60445	18.5759
kwin1241	Kwini	Worrorran	Australia	-14.2515	126.562
kwom1262	Kwoma	Sepik	Papunesia	-4.08721	142.664
kyen1242	Kyenga	Mande	Africa	11.5953	3.58651
kyer1238	Kyerung	Sino-Tibetan	Eurasia	28.2922	85.4257
lada1244	Leh-Kenhat	Sino-Tibetan	Eurasia	33.468	80.6013
ladi1251	Ladino	Indo-European	Eurasia	41.205	28.6632
ladj1234	Ladji Ladji	Pama-Nyungan	Australia		
lagw1237	Lagwan	Afro-Asiatic	Africa	11.5592	14.9884
lahu1253	Lahu	Sino-Tibetan	Eurasia	21.2701	100.214
lake1258	Lake Miwok	Miwok-Costanoan	North America	39.0021	-122.621
lakk1238	Lakkia	Tai-Kadai	Eurasia	24.1169	110.106
lakk1252	Lak	Nakh-Daghestanian	Eurasia	42.1328	47.0809
lako1244	Lakota Dida	Atlantic-Congo	Africa	5.86012	-5.40633
lako1247	Lakota	Siouan	North America	46.3699	-103.95
lama1275	Lama (Togo)	Atlantic-Congo	Africa	8.66954	0.833293
lama1288	Lamang	Afro-Asiatic	Africa	11.0243	13.7362
lamb1269	Lambadi	Indo-European	Eurasia	16.5734	76.9717
lamb1276	Lambayeque Quechua	Quechuan	South America	-6.1715	-79.468
lamn1239	Lamnso'	Atlantic-Congo	Africa	6.39743	11.0684
lamu1254	Lamalama	Pama-Nyungan	Australia	-14.559	143.977
lang1320	Langi	Atlantic-Congo	Africa	-4.71413	35.9517
lang1322	Lango (Sudan)	Nilotic	Africa	4.04948	33.0412
lang1324	Lango (Uganda)	Nilotic	Africa	2.13867	33.0553
laoo1244	Lao	Tai-Kadai	Eurasia	16.0726	104.568
lara1258	Laragia	(isolate or unclassified)	Australia	-12.4111	130.922
lara1260	Larantuka Malay	Austronesian	Papunesia	-8.4746	122.7619
lard1243	Lardil	Tangkic	Australia	-16.56152	139.4343
latu1238	Latundê	Nambiquaran	South America	-12.608792	-60.422423
lave1249	Brao	Austroasiatic	Eurasia	14.5994	107.008
lavu1241	Lavukaleve	(isolate or unclassified)	Papunesia	-9.05569	159.119
lazz1240	Laz	Kartvelian	Eurasia	41.5004	41.9096
leal1235	Lealao Chinantec	Otomanguean	North America	17.3162	-95.9265
leco1242	Leco	(isolate or unclassified)	South America	-15.0092	-67.8818
lega1249	Lega-Shabunda	Atlantic-Congo	Africa	-3.83196	27.1424
legb1242	Legbo	Atlantic-Congo	Africa	6.02645	7.98385
lele1264	Lelemi	Atlantic-Congo	Africa	7.34549	0.50746
lele1266	Lele (Guinea)	Mande	Africa	8.98043	-10.371
lele1276	Lele (Chad)	Afro-Asiatic	Africa	9.158	15.81149
lena1238	Lenakel	Austronesian	Papunesia	-19.4763	169.261
lend1245	Lendu	Central Sudanic	Africa	2.1898	30.6794
leng1258	Lengola	Atlantic-Congo	Africa	-1.95874	25.3343
leni1238	Linngithigh	Pama-Nyungan	Australia	-12.771375	141.962
lepc1244	Lepcha	Sino-Tibetan	Eurasia	27.0869	88.5726
lese1243	Lese	Central Sudanic	Africa	1.3	29.3
leti1246	Leti (Indonesia)	Austronesian	Papunesia	-8.19808	127.674
lezg1247	Lezgian	Nakh-Daghestanian	Eurasia	41.5157	47.8951
libe1240	Kru Pidgin English	Pidgin	Africa	6.423	-10.5284
libe1247	Liberia Kpelle	Mande	Africa	6.92048	-9.96128
liby1240	Libyan Arabic	Afro-Asiatic	Africa	22.0032	15.0014
ligb1244	Ligbi	Mande	Africa	7.94291	-2.56353
ligu1248	Ligurian	Indo-European	Eurasia	44.0816	7.90522
liji1238	Lijili	Atlantic-Congo	Africa	8.52193	8.35562
lika1243	Liko	Atlantic-Congo	Africa	2.13777	27.6088
limb1268	Limbum	Atlantic-Congo	Africa	6.58608	10.9802
ling1263	Lingala	Atlantic-Congo	Africa	1.40324	19.7829
lish1246	Lishán Didán	Afro-Asiatic	Eurasia	38.0	47.0
lisu1250	Lisu	Sino-Tibetan	Eurasia	22.5488	94.0184
lith1251	Lithuanian	Indo-European	Eurasia	55.1429	23.9601
livv1244	Liv	Uralic	Eurasia	57.566	22.0262
lizu1234	Lizu	Sino-Tibetan	Eurasia	28.333425	101.350309
logb1245	Logba	Atlantic-Congo	Africa	6.92838	0.43068
logo1259	Logo	Central Sudanic	Africa	3.32608	29.8866
loko1255	Loko	Mande	Africa	9.11838	-12.1583
loma1260	Loma (Liberia)	Mande	Africa	7.91585	-9.69906
long1387	Longto	Atlantic-Congo	Africa	8.33313	13.0568
loni1238	Loniu	Austronesian	Papunesia	-2.06124	147.35
loth1237	Lotha Naga	Sino-Tibetan	Eurasia	26.01396	94.04355
lowa1242	Lowa	Sino-Tibetan	Eurasia	29.0324	83.8959
lowe1385	Lower Sorbian	Indo-European	Eurasia	51.6621	13.9407
lowe1402	Lower Riverland	Pama-Nyungan	Australia		
lowe1415	Lower Grand Valley Dani	Nuclear Trans New Guinea	Papunesia	-4.25684	138.992
lowe1436	Lower Southern Aranda	Pama-Nyungan	Australia	-26.3	135.4
loxi1235	Loxicha Zapotec	Otomanguean	North America	15.8442	-96.6997
luch1239	Luchazi	Atlantic-Congo	Africa	-14.0648	22.2437
lugb1240	Lugbara	Central Sudanic	Africa	3.02245	30.8642
luis1253	Luiseno	Uto-Aztecan	North America	33.3184	-116.939
lukp1238	Lukpa	Atlantic-Congo	Africa	9.51949	1.66954
lumu1239	Lumun	Narrow Talodi	Africa	10.8308	30.253
lund1266	Lunda	Atlantic-Congo	Africa	-11.1793	23.8662
luok1236	Luo (Kenya and Tanzania)	Nilotic	Africa	-0.93296	34.4896
lush1249	Mizo	Sino-Tibetan	Eurasia	22.6138	92.6247
lush1252	Northern Lushootseed	Salishan	North America	48.42	-122.529
lusi1240	Lusi	Austronesian	Papunesia	-5.55033	149.148
luth1234	Luthigh	Pama-Nyungan			
luuu1242	Lü	Tai-Kadai	Eurasia	21.0321	101.282
luva1239	Luvale	Atlantic-Congo	Africa	-13.5382	22.2924
luwo1239	Luwo	Nilotic	Africa	7.35089	28.1378
luxe1241	Luxembourgish	Indo-European	Eurasia	49.6839	6.14931
luya1241	Luyi	Atlantic-Congo	Africa	-15.01	22.67
lyel1241	Lyélé	Atlantic-Congo	Africa	12.4305	-2.59229
maas1239	Maasina Fulfulde	Atlantic-Congo	Africa	11.1324	-3.64763
maay1238	Maay	Afro-Asiatic	Africa	3.22288	43.6182
maba1273	Mabaan	Nilotic	Africa	9.81455	33.5404
maba1277	Maba (Chad)	Maban	Africa	12.89147	20.8889
maca1259	Macaguán	Guahiboan	South America	6.34582	-71.2671
maca1260	Maca	Matacoan	South America	-25.0119	-57.3694
mace1250	Macedonian	Indo-European	Eurasia	41.5957	21.7932
mach1266	Machame	Atlantic-Congo	Africa	-3.29385	37.0703
mach1267	Machiguenga	Arawakan	South America	-12.1291	-72.5017
mach1268	Machinere	Arawakan	South America	-10.4804	-69.7683
macu1259	Macushi	Cariban	South America	4.31861	-60.2209
macu1260	Macuna	Tucanoan	South America	-0.14459	-70.0749
mada1282	Mada (Nigeria)	Atlantic-Congo	Africa	9.02294	8.34119
mada1293	Mada (Cameroon)	Afro-Asiatic	Africa	10.8806	14.1142
madh1244	Madhi Madhi	Pama-Nyungan	Australia	-34.5	143.5
madi1260	Ma'di	Central Sudanic	Africa	3.62499	31.8471
madi1261	Madi (Papua New Guinea)	Nuclear Trans New Guinea	Papunesia	-5.63017	146.407
madn1237	Madngele	Eastern Daly	Australia	-13.9479	130.6
mafe1237	Mafea	Austronesian	Papunesia	-15.4316	167.241
maga1260	Magahi	Indo-European	Eurasia	25.0915	85.3335
maib1239	Maybrat-Karon	(isolate or unclassified)	Papunesia	-1.3679	132.591
mait1250	Maithili	Indo-European	Eurasia	26.3817	86.2211
maka1304	Makaa	Atlantic-Congo	Africa	4.15471	13.0789
maka1311	Makasar	Austronesian	Papunesia	-5.65551	119.838
mako1251	Makonde	Atlantic-Congo	Africa	-10.9906	39.5133
maku1278	Makuráp	Tupian	South America	-11.8701	-64.3201
mala1464	Malayalam	Dravidian	Eurasia	9.59208	76.7651
mala1481	Manado Malay	Austronesian	Papunesia	1.48099	124.843
mala1522	Malayo	Chibchan	South America	10.9286	-73.4056
malg1242	Malgana	Pama-Nyungan	Australia	-26.211	114.245
mall1246	Mal	Austroasiatic	Eurasia	19.273	101.204
maln1239	Malngin	Pama-Nyungan	Australia		
malo1243	Tamambo	Austronesian	Papunesia	-15.6835	167.16
malt1254	Maltese	Afro-Asiatic	Eurasia	35.8884	14.4508
maly1234	Malyangapa	Pama-Nyungan	Australia	-29.43	142.0
mama1271	Mamara Senoufo	Atlantic-Congo	Africa	12.4871	-5.28245
mama1278	Mamaindé	Nambiquaran	South America	-12.986439	-60.101072
mamb1294	Mambai	Atlantic-Congo	Africa	9.6121	14.0013
mamb1296	Mambwe-Lungu	Atlantic-Congo	Africa	-8.86817	31.2269
mamm1241	Mam	Mayan	North America	14.8034	-91.7231
mamp1244	Mampruli	Atlantic-Congo	Africa	10.3884	-0.74675
mana1288	Manange	Sino-Tibetan	Eurasia	28.6416	84.0515
mana1295	Manam	Austronesian	Papunesia	-4.07921	145.033
manc1252	Manchu	Tungusic	Eurasia	47.3122	126.557
mand1415	Mandarin Chinese	Sino-Tibetan	Eurasia	40.0209	116.228
mand1436	Mandinka	Mande	Africa	12.8165233333	-15.6539466667
mang1381	Mangarrayi	Mangarrayi-Maran	Australia	-14.7982	133.803
mang1382	Mangerr	Giimbiyu	Australia	-12.2391	132.973
mang1383	Mangala	Pama-Nyungan	Australia	-18.6597	123.769
mang1394	Mangbetu	Central Sudanic	Africa	2.5511	27.0712
mani1292	Manipuri	Sino-Tibetan	Eurasia	24.4409	93.3426
mann1248	Mann	Mande	Africa	7.04616	-8.86405
mans1258	Northern Mansi	Uralic	Eurasia	64.4118	61.344
many1256	Manyjilyjara	Pama-Nyungan	Australia		
many1261	Manya	Mande	Africa	8.56186	-9.44257
maon1238	Mao Naga	Sino-Tibetan	Eurasia	25.3836	94.0035
maor1246	Maori	Austronesian	Papunesia	-38.2881	176.541
mapo1246	Mapoyo	Cariban	South America	5.96952	-67.2581
mapu1245	Mapudungun	Araucanian	South America	-38.7392	-71.277
maqu1238	Maquiritari	Cariban	South America	4.70705	-64.3877
mara1378	Marathi	Indo-European	Eurasia	17.9344	76.6665
mara1385	Marra	Mangarrayi-Maran	Australia	-14.7927	134.865
mara1386	Maranunggu	Western Daly	Australia	-13.6754	130.12
mara1404	Maranao	Austronesian	Papunesia	7.79414	124.175
marg1251	Margu	Marrku-Wurrugu	Australia	-11.1823	132.587
marg1253	Margany	Pama-Nyungan	Australia	-26.789	144.892
marg1265	Marghi Central	Afro-Asiatic	Africa	10.93854	13.0521
mari1417	Marimanindji	Western Daly	Australia	-14.1788	130.561
mari1419	Maringarr	Western Daly	Australia	-14.3819	130.25
mari1424	Marithiel	Western Daly	Australia	-13.8818	130.237
mart1254	Marti Ke	Western Daly	Australia	-14.0058	129.837
mart1255	Martuthunira	Pama-Nyungan	Australia	-20.9294	116.607
marw1260	Marwari (India)	Indo-European	Eurasia	27.002	75.0656
masa1299	Masaaba	Atlantic-Congo	Africa	1.05906	34.2829
masa1300	Masai	Nilotic	Africa	-3.1419	36.4573
matb1237	Matbat	Austronesian	Papunesia	-1.8801	130.075
mati1255	Matís	Pano-Tacanan	South America	-4.3553	-70.2079
mato1253	Mato Grosso Arára	(isolate or unclassified)	South America	-13.175	-55.869
mats1244	Matsés	Pano-Tacanan	South America	-5.73914	-72.6281
matu1259	Matumbi	Atlantic-Congo	Africa	-8.53734	39.0409
maun1240	Mawng	Iwaidjan Proper	Australia	-11.8393	133.185
mawa1270	Mawa (Chad)	Afro-Asiatic	Africa	11.7461	18.2999
maxa1247	Maxakalí	Nuclear-Macro-Je	South America	-16.9402	-40.7891
maya1280	Mayaguduna	Pama-Nyungan	Australia	-18.1147	140.337
mayi1235	Mayi-Yapi	Pama-Nyungan	Australia	-19.25	140.61
mayi1236	Mayi-Kulan	Pama-Nyungan	Australia	-18.56	141.46
mayo1261	Mayogo	Atlantic-Congo	Africa	2.79827	27.8282
maza1291	Mazanderani	Indo-European	Eurasia	36.241	52.3009
mbaa1245	Mba	Atlantic-Congo	Africa	1.06885	25.143
mbab1239	Mbabaram	Pama-Nyungan	Australia	-20.1389	143.438
mbal1255	Mbalanhu	Atlantic-Congo	Africa	-19.593	16.617
mbar1253	Rimanggudhinma	Pama-Nyungan	Australia	-14.529	143.789
mbar1254	Mbara-Yanga	Pama-Nyungan	Australia	-19.29	142.475904
mbay1241	Mbay	Central Sudanic	Africa	8.23066	15.7328
mbee1249	Mbe	Atlantic-Congo	Africa	6.57067	8.82998
mbee1250	Mbe'	Atlantic-Congo	Africa	6.25838	11.0906
mbiy1238	Mbiywom	Pama-Nyungan	Australia	-12.89620501	142.2710997
mboc1235	Mbo (Cameroon)	Atlantic-Congo	Africa	5.13981	9.92766
mbuk1240	Mbukushu	Atlantic-Congo	Africa	-17.6827	22.5026
mbuk1243	Mbuko	Afro-Asiatic	Africa	10.7788	14.1677
mbum1254	Mbum	Atlantic-Congo	Africa	7.5789	14.2722
mbuu1238	Ajumbu	Atlantic-Congo	Africa	6.53792	10.2556
mbya1239	Mbyá Guaraní	Tupian	South America	-26.0188	-52.711
medu1238	Medumba	Atlantic-Congo	Africa	5.10901	10.6118
meen1242	Me'en	Surmic	Africa	6.63207	35.6255
mehi1240	Mehináku	Arawakan	South America	-12.5364	-53.521
mehr1241	Mehri	Afro-Asiatic	Eurasia	21.4268	51.1512
mend1266	Mende (Sierra Leone)	Mande	Africa	7.90935	-10.9926
mere1246	Merey	Afro-Asiatic	Africa	10.7458	14.09
merg1238	Myeik	Sino-Tibetan	Eurasia		
meru1245	Meru	Atlantic-Congo	Africa	0.26484	37.7396
mesc1238	Mescalero-Chiricahua Apache	Athabaskan-Eyak-Tlingit	North America	33.1291	-105.566
mesq1240	Mesqan	Afro-Asiatic	Africa	8.10617	38.3386
meta1238	Meta'	Atlantic-Congo	Africa	5.88942	9.87416
mewa1250	Mewati	Indo-European	Eurasia	27.736	76.947
mezq1235	Mezquital Otomi	Otomanguean	North America	20.2274	-99.5564
mfum1238	Southern Mfumte	Atlantic-Congo	Africa	6.6	10.936386
mian1257	Mianmin	Nuclear Trans New Guinea	Papunesia		
mich1243	Michif	Mixed Language	North America	49.1681	-99.9119
mich1245	Michoacán Nahuatl	Uto-Aztecan	North America	18.3412	-103.361
miju1243	Kman	Sino-Tibetan	Eurasia	28.4732	97.0444
mina1268	Minangkabau	Austronesian	Papunesia	4.17	96.25
mind1253	Min Dong Chinese	Sino-Tibetan	Eurasia	26.0	119.5
ming1252	Mingrelian	Kartvelian	Eurasia	42.5129	41.8719
mini1256	Minica Huitoto	Huitotoan	South America	-1.54535	-73.1107
minj1242	Minjangbal	Pama-Nyungan	Australia		
mink1237	Minkin	(isolate or unclassified)	Australia	-17.736653	139.541931
minn1241	Min Nan Chinese	Sino-Tibetan	Eurasia	24.5	118.17
miny1240	Mising	Sino-Tibetan			
mira1251	Mirandese	Indo-European	Eurasia	41.5375	-6.38371
mira1254	Miraña	Boran	South America		
miri1266	Miriwung	Jarrakan	Australia	-16.3596	128.889
mith1236	Mithaka	Pama-Nyungan	Australia	-25.13606725	139.598447
miya1259	Miyako	Japonic	Eurasia	24.7564	125.363
mmaa1238	Mmaala	Atlantic-Congo	Africa	4.52188	11.0599
mman1238	Mmani	Atlantic-Congo	Africa		
mmen1238	Mmen	Atlantic-Congo	Africa	6.43213	10.2541
moch1256	Mochi	Atlantic-Congo	Africa	-3.33743	37.3357
moch1259	Mochica	(isolate or unclassified)	South America	-8.01667	-79.0
moco1246	Mocoví	Guaicuruan	South America	-28.097	-60.4145
mode1248	Modern Greek	Indo-European	Eurasia	42.3224	24.8699
modernaramaicnortheastern		(isolate or unclassified)			
mofu1248	Mofu-Gudur	Afro-Asiatic	Africa	10.567	14.0314
mogh1245	Mogholi	Mongolic	Eurasia	34.2504	62.2802
mogh1246	Moghamo	Atlantic-Congo	Africa		
moke1242	Moken	Austronesian	Eurasia	10.1474	98.6765
mokl1243	Moklen	Austronesian	Eurasia	8.16761	98.3176
mokp1239	Mokpwe	Atlantic-Congo	Africa	4.24178	9.23887
moks1248	Moksha	Uralic	Eurasia	54.1855	42.6728
mola1238	Molale	(isolate or unclassified)	North America	44.556	-122.857
molo1266	Moloko	Afro-Asiatic	Africa	10.7933	14.2521
mong1331	Mongolian	Mongolic	Eurasia		
mong1338	Mongo	Atlantic-Congo	Africa	-1.54228	20.4259
mono1269	Mono (Cameroon)	Atlantic-Congo	Africa	8.78372	14.2254
mono1270	Mono (Democratic Republic of Congo)	Atlantic-Congo	Africa	4.57915	19.8264
morb1239	Mor (Bomberai Peninsula)	(isolate or unclassified)	Papunesia	-2.85747	132.845
mori1268	Mori Bawah	Austronesian	Papunesia	-2.56016	121.37
mori1278	Morisyen	Indo-European	Africa	-20.2613	57.5517
moro1284	Morokodo	Central Sudanic	Africa	5.5103	30.0229
moro1285	Moro	Heibanic	Africa	10.9194	30.2138
moro1292	Moroccan Arabic	Afro-Asiatic	Africa	32.5	-7.5
moru1253	Moru	Central Sudanic	Africa	5.1232	30.3287
mose1249	Mosetén-Chimané	(isolate or unclassified)	South America	-14.64448	-67.83756
moss1236	Mossi	Atlantic-Congo	Africa	10.4524	-1.17278
motl1237	Mwotlap	Austronesian	Papunesia	-13.655015	167.706277
movi1243	Movima	(isolate or unclassified)	South America	-13.8115	-65.6348
moyo1238	Moyon	Sino-Tibetan	Eurasia	24.4793	94.3421
mpad1242	Mpade	Afro-Asiatic	Africa	12.4609	14.5833
mpal1238	Mpalitjanh	Pama-Nyungan	Australia		
mpar1238	Mparntwe Arrernte	Pama-Nyungan	Australia		
mpon1254	Mpongmpong	Atlantic-Congo	Africa	3.14015	14.866
mudb1240	Mudburra	Pama-Nyungan	Australia	-16.7694	132.329
mudh1235	Mudhili Gadaba	Dravidian	Eurasia	18.276	83.378
mufi1238	Mufian	Nuclear Torricelli	Papunesia	-3.57932	142.955
muin1242	Muinane	Boran	South America	-0.8652	-72.4249
mull1237	Mullukmulluk	Northern Daly	Australia	-13.2973	130.615
mulu1243	Muluridyi	Pama-Nyungan	Australia	-17.0601	145.329
muna1247	Muna	Austronesian	Papunesia	-5.40419	122.541
mund1320	Mundari	Austroasiatic	Eurasia	25.0391	87.1792
mund1325	Mundang	Atlantic-Congo	Africa	9.83195	14.4751
mund1326	Mündü	Atlantic-Congo	Africa	4.22755	29.9967
mund1327	Mundani	Atlantic-Congo	Africa	5.68073	9.91533
mund1328	Mundabli	Atlantic-Congo	Africa	6.59969	10.2704
mund1330	Mundurukú	Tupian	South America	-8.41095	-57.691
mung1266	Mungaka	Atlantic-Congo	Africa	5.89752	10.0294
muni1258	Muniche	(isolate or unclassified)	South America	-5.80546	-76.2811
munj1244	Munji	Indo-European	Eurasia	35.9321	70.9404
mura1269	Kuninjku	Gunwinyguan	Australia		
murl1244	Murle	Surmic	Africa	6.69756	33.988
murr1258	Murriny Patha	Southern Daly	Australia	-14.74852	129.70152
murr1259	Murrinhpatha	Southern Daly	Australia		
muru1266	Muruwari	Pama-Nyungan	Australia	-28.9618	146.546
muru1274	Murui Huitoto	Huitotoan	South America	-1.13669	-73.8331
muya1243	Muyang	Afro-Asiatic	Africa	10.86047	14.21246
mvum1238	Mvumbo	Atlantic-Congo	Africa		
mwag1236	Mwaghavul	Afro-Asiatic	Africa	9.47205	8.96522
mwal1237	Mwali Comorian	Atlantic-Congo	Africa	-12.3164	43.741
mwan1247	Mwani	Atlantic-Congo	Africa	-12.5821	40.4601
mwan1250	Mwan	Mande	Africa	7.87533	-5.94577
myen1241	Myene	Atlantic-Congo	Africa	-1.48741	9.50247
naas1242	Naasioi	South Bougainville	Papunesia	-6.46022	155.632
nade1244	Nadëb	Nadahup	South America	-1.24449	-66.3068
nafa1258	Nafaanra	Atlantic-Congo	Africa	8.00522	-2.51001
naga1394	Naga Pidgin	Indo-European	Eurasia	25.2508	93.4438
naia1238	Manyallaluk Mayali	Gunwinyguan	Australia		
naik1250	Naiki	Dravidian	Eurasia		
najd1235	Najdi Arabic	Afro-Asiatic	Eurasia	30.3371	42.1773
naka1260	Nakara	Maningrida	Australia	-12.07653	134.32729
naki1238	Naki	Atlantic-Congo	Africa	6.62784	10.2378
nama1264	Nama (Namibia)	Khoe-Kwadi	Africa	-25.0747	17.9767
nama1265	Nama	Khoe-Kwadi	Africa		
nami1256	Namia	Sepik	Papunesia	-3.85538	141.788
nana1257	Nanai	Tungusic	Eurasia	48.4343	134.797
nand1266	Nandi	Nilotic	Africa	0.793737	35.408478
nang1259	Nangikurrunggurr	Southern Daly	Australia	-14.268	131.237
nank1250	Nankina	Nuclear Trans New Guinea	Papunesia	-5.80804	146.464
nant1250	Nanti	Arawakan	South America	-12.1018	-72.3507
napo1242	Napo Lowland Quechua	Quechuan	South America	-0.072525	-76.3889
nara1262	Nara	(isolate or unclassified)	Africa	15.3251	37.499
nari1240	Narim	Surmic	Africa	4.80331	33.3312
nari1241	Nari Nari	Pama-Nyungan	Australia		
narp1239	Nar Phu	Sino-Tibetan	Eurasia	28.76714	84.22852
narr1259	Narrinyeri	Pama-Nyungan	Australia	-36.2301	140.158
naru1238	Narungga	Pama-Nyungan	Australia	-34.69	137.535
nate1242	Nateni	Atlantic-Congo	Africa	10.5191	1.21879
natu1246	Natügu	Austronesian	Papunesia	-10.6771	165.835
nauk1242	Naukan Yupik	Eskimo-Aleut	Eurasia	65.5184	-171.755
nava1243	Navajo	Athabaskan-Eyak-Tlingit	North America	36.2106	-110.082
nawd1238	Nawdm	Atlantic-Congo	Africa	7.17037	0.58553
nawu1242	Nawuri	Atlantic-Congo	Africa	8.45116	0.04947
naxi1245	Naxi	Sino-Tibetan	Eurasia	27.5	100.0
ncan1245	Ncane	Atlantic-Congo	Africa	6.50696	10.5312
ndai1238	Ndai	Atlantic-Congo	Africa	8.09039	14.2888
ndal1241	Ndali	Atlantic-Congo	Africa	-9.88948	33.6118
ndam1239	Ndamba	Atlantic-Congo	Africa	-8.40485	36.0271
ndem1249	Ndemli	Atlantic-Congo	Africa	4.58061	10.2197
ndog1248	Ndogo	Atlantic-Congo	Africa	7.73028	27.5588
ndon1254	Ndonga	Atlantic-Congo	Africa	-17.6417	19.1631
ndra1239	Ndra'ngith	Pama-Nyungan	Australia		
ndut1239	Ndut	Atlantic-Congo	Africa	14.925	-16.9811
ndzw1235	Ndzwani Comorian	Atlantic-Congo	Africa	-12.2123	44.3709
nene1249	Tundra Nenets	Uralic	Eurasia	66.1775	71.0234
nepa1253	Nepali Kurux	Dravidian	Eurasia	26.72057	86.00255
nepa1254	Nepali	Indo-European	Eurasia	28.0	85.0
newa1246	Kathmandu Valley Newari	Sino-Tibetan	Eurasia	27.2614	84.9577
nezp1238	Nez Perce	Sahaptian	North America	46.3073	-116.408
ngaa1240	Ngaanyatjarra	Pama-Nyungan	Australia	-25.7514	127.602
ngad1258	Ngadjunmaya	Pama-Nyungan	Australia	-32.02447	124.46601
ngad1261	Ngad'a	Austronesian	Papunesia	-8.79508	120.976
ngal1292	Ngalkbun	Gunwinyguan	Australia	-13.9783	133.936
ngal1293	Ngalakgan	Gunwinyguan	Australia	-14.4281	134.716
ngal1294	Ngaliwurru	Mirndi	Australia		
ngam1268	Ngambay	Central Sudanic	Africa	8.57051	15.414
ngam1284	Ngamini	Pama-Nyungan			
ngan1291	Nganasan	Uralic	Eurasia	73.1354	86.2106
ngan1295	Ngandi	Gunwinyguan	Australia	-12.8448	134.649
ngan1296	Nganyaywana	Pama-Nyungan	Australia	-29.581	151.313
ngan1299	Ngangam	Atlantic-Congo	Africa	10.2523	0.70509
ngan1300	Ngandyera	Atlantic-Congo	Africa	-16.6359	21.1928
ngar1235	Ngarinman	Pama-Nyungan	Australia	-15.4661	130.651
ngar1283	Ngarnka	Mirndi	Australia	-17.42	134.73
ngar1284	Ngarinyin	Worrorran	Australia	-16.4006	126.433
ngar1286	Ngarla on the Ashburton river south of the Hamersley range	Bookkeeping	Australia		
ngar1287	Ngarluma	Pama-Nyungan	Australia	-20.9235	117.203
ngar1288	Ngardi	Pama-Nyungan	Australia		
ngar1296	Ngarla	Pama-Nyungan	Australia	-20.20748	119.30579
ngar1297	Ngarigu	Pama-Nyungan	Australia	-36.23	149.13
ngas1238	Ngasa	Nilotic	Africa	-2.97716	37.528
ngas1240	Ngas	Afro-Asiatic	Africa	9.32042	9.46146
ngaw1240	Ngawun	Pama-Nyungan	Australia	-19.4484	141.471
ngaz1238	Ngazidja Comorian	Atlantic-Congo	Africa	-11.6129	43.36
ngba1285	Ngbaka Minagende	Atlantic-Congo	Africa	2.98887	18.994
ngem1255	Ngemba	Atlantic-Congo	Africa	5.97864	10.1469
ngie1241	Ngiemboon	Atlantic-Congo	Africa	5.56777	10.1266
ngin1247	Ngindadj	Pama-Nyungan			
ngit1239	Ngiti	Central Sudanic	Africa	1.30455	30.2242
ngiz1242	Ngizim	Afro-Asiatic	Africa	12.1051	11.0178
ngko1236	Ngkoth	Pama-Nyungan	Australia	-12.740575	141.886762
ngom1271	Ngombale	Atlantic-Congo	Africa	5.70306	10.1446
ngom1272	Ngomba	Atlantic-Congo	Africa	5.63067	10.237
ngos1238	Ngoshie	Atlantic-Congo	Africa	6.04616	9.83193
ngum1253	Ngumbarl	Nyulnyulan	Australia		
ngwe1238	Ngwe	Atlantic-Congo	Africa	5.49787	9.9028
nhan1238	Nhanda	Pama-Nyungan	Australia	-27.42523643	114.2680442
nhen1239	Nhengatu	Tupian	South America	1.04503	-66.9646
nhir1234	Nhirrpi	Pama-Nyungan	Australia		
nhuw1239	Nhuwala	Pama-Nyungan	Australia	-21.38154	115.74542
nias1242	Nias	Austronesian	Papunesia	0.90691	97.4961
niel1243	Niellim	Atlantic-Congo	Africa	9.70362	17.81346
nige1253	Hausa States Fulfulde	Atlantic-Congo	Africa	10.9972	11.1188
nige1255	Western Mambila	Atlantic-Congo	Africa	6.69736	11.3161
nige1257	Nigerian Pidgin	Indo-European	Africa	9.65873	4.21068
nija1241	Nyiyaparli	Pama-Nyungan	Australia	-22.8558	120.831
nima1245	Nimanbur	Nyulnyulan	Australia	-17.374	123.228
nina1238	Ninam	Yanomamic	South America	4.03894	-62.7801
ning1273	Ningil	Nuclear Torricelli	Papunesia	-3.49733	142.251
nisg1240	Nisga'a	Tsimshian	North America	55.199	-129.192
niva1238	Nivaclé	Matacoan	South America	-22.8557	-61.7606
njeb1242	Njebi	Atlantic-Congo	Africa	-2.18115	12.7063
njye1238	Njyem	Atlantic-Congo	Africa	2.30483	14.1175
nkon1248	Nkonya	Atlantic-Congo	Africa	7.20316	0.3209
nobi1240	Nobiin	Nubian	Africa	22.8142	31.8376
noma1260	Nomaande	Atlantic-Congo	Africa	4.5893	10.9157
noma1263	Nomatsiguenga	Arawakan	South America	-11.5349	-74.4371
nonu1241	Nonuya	Huitotoan	South America	-1.25	-72.5
noon1243	Noone	Atlantic-Congo	Africa	6.37256	10.5707
nort1550	Taos Northern Tiwa	Kiowa-Tanoan	North America	36.4277	-105.604
nort2626	Northern Frisian	Indo-European	Eurasia	54.6409	8.58489
nort2627	Eastern Low German	Indo-European	Eurasia	50.771	6.092
nort2641	Northern Kurdish	Indo-European	Eurasia	37.0	43.0
nort2646	Northern Pashto	Indo-European	Eurasia	34.0	71.33
nort2647	Northwestern Pakhto	Indo-European	Eurasia		
nort2671	North Saami	Uralic	Eurasia	68.725	22.1113
nort2684	Northern Khmer	Austroasiatic	Eurasia	14.4674	103.863
nort2686	Northern Altai	Turkic	Eurasia	50.8998	88.0672
nort2690	Northern Uzbek	Turkic	Eurasia	43.7489	59.231
nort2697	North Azerbaijani	Turkic	Eurasia	40.9777	46.4737
nort2699	Northwestern Kolami	Dravidian	Eurasia	20.1022	78.4934
nort2722	Northern Qiang	Sino-Tibetan	Eurasia	32.2766	103.192
nort2735	Northern Dong	Tai-Kadai	Eurasia	26.9944	109.204
nort2740	Northern Thai	Tai-Kadai	Eurasia	18.857495	100.20739
nort2741	Northeastern Thai	Tai-Kadai	Eurasia	14.3253	102.986
nort2745	Northern Yukaghir	Yukaghir	Eurasia	65.3874	151.318
nort2765	Northern Kissi	Atlantic-Congo	Africa	8.7283	-10.4063
nort2774	Northern Ngbandi	Atlantic-Congo	Africa	3.56357	21.85251
nort2775	Northwest Gbaya	Atlantic-Congo	Africa	5.9503	15.2569
nort2780	Northern Dagara	Atlantic-Congo	Africa	11.0441	-3.0124
nort2784	Northern Nuni	Atlantic-Congo	Africa	12.131	-2.98206
nort2787	Northern Toussian	Atlantic-Congo	Africa	11.133	-4.88274
nort2795	Zimbabwean Ndebele	Atlantic-Congo	Africa	-20.2513	27.4096
nort2810	Northern Grebo	Atlantic-Congo	Africa	5.17103	-8.1409
nort2815	Northeastern Dinka	Nilotic	Africa	9.27995	31.8392
nort2819	Northern Bobo Madaré	Mande	Africa	12.4182	-4.47538
nort2828	North Moluccan Malay	Austronesian	Papunesia	-0.86437	128.323
nort2845	North Marquesan	Austronesian	Papunesia	-8.89412	-140.108
nort2938	Northern Haida	Haida	North America	54.004532	-132.079257
nort2943	North Alaskan Inupiatun	Eskimo-Aleut	North America	69.582	-143.77
nort2952	Northeast Maidu	Maiduan	North America	40.4102	-120.645
nort2954	Northern Paiute	Uto-Aztecan	North America	40.0799	-119.536
nort2957	Northern Puebla Nahuatl	Uto-Aztecan	North America	20.1356	-97.9814
nort2966	Northern Pomo	Pomoan	North America	39.1084	-123.209
nort2972	Northern Emberá	Chocoan	South America	7.12761	-77.574
nort2976	North Bolivian Quechua	Quechuan	South America	-14.4014	-68.7894
nort2979	Northern Conchucos Ancash Quechua	Quechuan	South America	-8.97356	-77.4146
nort2980	North Junín Quechua	Quechuan	South America	-11.2132	-75.8128
nort2984	Northern Pame	Otomanguean	North America	22.0968	-99.6434
nort3047	North Giziga	Afro-Asiatic	Africa	10.6755	14.219
norw1258	Norwegian	Indo-European	Eurasia	59.92	10.71
norw1259	Norwegian Bokmål	Indo-European	Eurasia	61.112	8.886
ntch1242	Ntcham	Atlantic-Congo	Africa	9.23971	0.599275
ntom1248	Ntomba	Atlantic-Congo	Africa	-1.99062	18.265
nubi1253	Nubi	Afro-Asiatic	Africa	-0.183215	34.7552
nucl1235	Eastern Armenian	Indo-European	Eurasia	40.0	45.0
nucl1240	Mumuye	Atlantic-Congo	Africa	8.90347	11.71545
nucl1290	Zhenkang Wa	Austroasiatic	Eurasia	23.1024	99.108
nucl1301	Turkish	Turkic	Eurasia	39.8667	32.8667
nucl1302	Georgian	Kartvelian	Eurasia	41.850397	43.78613
nucl1305	Kannada	Dravidian	Eurasia	13.5878	76.1198
nucl1310	Burmese	Sino-Tibetan	Eurasia	20.7926	93.9665
nucl1327	Limilngan	Limilngan-Wulna	Australia	-12.4294	131.845
nucl1339	Temein	Temeinic	Africa	11.8275	29.3898
nucl1347	Wolof	Atlantic-Congo	Africa	15.2534	-15.383
nucl1417	Igbo	Atlantic-Congo	Africa	4.62705	7.23441
nucl1418	Bassa	Atlantic-Congo	Africa	7.27501	-11.543
nucl1440	Masalit	Maban	Africa	13.2733	22.1752
nucl1454	Yawa	Yawa-Saweru	Papunesia	-1.77196	136.263
nucl1460	Madurese	Austronesian	Papunesia	-7.0	113.0
nucl1620	Wahgi	Nuclear Trans New Guinea	Papunesia	-6.11629	144.665
nucl1632	Sentani	Sentanic	Papunesia	-2.6013	140.512
nucl1633	Nimboran	Nimboranic	Papunesia	-2.5803	140.179
nucl1634	Skou	Sko	Papunesia	-2.64378	140.902
nucl1643	Japanese	Japonic	Eurasia	35.0	135.0
nucl1649	Southern-Coastal Tsimshian	Tsimshian	North America	52.59103	-128.544545
nucl1668	Katukína	Bookkeeping	South America	-8.19121	-70.3822
nucl1683	Daba	Afro-Asiatic	Africa	10.3521	13.6318
nucl1695	Bole	Afro-Asiatic	Africa	11.4839	11.2322
nucl1696	Tangale	Afro-Asiatic	Africa	9.75444	11.3228
nucl1729	Nuclear Tamang	Sino-Tibetan			
nuer1246	Nuer	Nilotic	Africa	8.13911	32.3829
nugu1241	Nugunu (Australia)	Pama-Nyungan	Australia	-31.9899	133.908
nugu1242	Nugunu (Cameroon)	Atlantic-Congo	Africa	4.63103	11.1837
nuka1242	Nukak Makú	Kakua-Nukak	South America	2.65939	-71.4629
nuku1263	Nukuini	Pano-Tacanan	South America	-7.339	-73.5044
nung1283	Nung (Viet Nam)	Tai-Kadai	Eurasia	20.8965	104.286
nung1290	Wubuy	Gunwinyguan	Australia	-14.2623	135.753
nung1291	Nungali	Mirndi	Australia	-14.9109	131.641
nupe1254	Nupe-Nupe-Tako	Atlantic-Congo	Africa	9.18404	5.40031
nuuc1236	Nuu-chah-nulth	Wakashan	North America	49.67	-126.67
nyab1255	Nyabwa	Atlantic-Congo	Africa	6.87615	-6.84428
nyah1250	Nyahkur	Austroasiatic	Eurasia	15.8909	101.515
nyam1271	Nyamal	Pama-Nyungan	Australia	-21.6092	119.693
nyam1276	Nyamwezi	Atlantic-Congo	Africa	-5.08559	32.94452
nyam1277	Nyambo	Atlantic-Congo	Africa	-1.6096	30.9156
nyam1285	Nyam	Afro-Asiatic	Africa	9.18024	10.83652
nyan1301	Nyangumarta	Pama-Nyungan	Australia	-20.6271	121.391
nyan1307	Nyankole	Atlantic-Congo	Africa	-0.46364	30.548
nyan1313	Nyang'i	Kuliak	Africa	3.4997	33.73651
nyaw1245	Nyaw	Tai-Kadai	Eurasia	17.1213	104.151
nyaw1247	Nyawaygi	Pama-Nyungan	Australia	-18.8743	146.216
nyeu1238	Nyeu	Austroasiatic	Eurasia	14.8817	104.33
nyig1240	Nyigina	Nyulnyulan	Australia	-17.9594	124.348
nyis1236	Nyishi-Hill Miri	Sino-Tibetan	Eurasia	27.278263	93.675529
nyol1238	Nyole	Atlantic-Congo	Africa	0.88072	33.9181
nyon1241	Nyong	Atlantic-Congo	Africa	7.274185	11.061485
nyul1247	Nyulnyul	Nyulnyulan	Australia	-16.9129	122.851
nyun1247	Nyunga	Pama-Nyungan	Australia	-33.1199	118.151
nzim1238	Nzima	Atlantic-Congo	Africa	5.1785	-2.81123
obol1243	Obolo	Atlantic-Congo	Africa	4.62851	7.81985
ocai1244	Ocaina	Huitotoan	South America	-2.159	-72.1422
occi1239	Occitan	Indo-European	Eurasia	44.1415	6.82979
ofay1240	Ofayé	Nuclear-Macro-Je	South America	-22.278	-53.7227
ogbi1239	Ogbia	Atlantic-Congo	Africa	4.75352	6.34034
okoo1245	Oko	Atlantic-Congo	Africa		
okuu1243	Oku	Atlantic-Congo	Africa	6.23712	10.5096
olub1238	Olu'bo	Central Sudanic	Africa	4.6242	31.9103
olut1240	Oluta Popoluca	Mixe-Zoque	North America	17.8937	-94.8863
omag1248	Omagua	Tupian	South America	-3.526	-69.1667
onaa1245	Selk'nam	Chonan	South America	-54.0	-68.5
onei1249	Oneida	Iroquoian	North America	43.438742	-75.708106
onge1236	Önge	Jarawa-Onge	Eurasia	10.6926	92.4707
opuu1239	T'apo	Koman	Africa	8.47526	33.853
orej1242	Maijiki	Tucanoan	South America	-2.86315	-72.4926
oriy1255	Odia	Indo-European	Eurasia	21.0	85.0
orma1241	Orma	Afro-Asiatic	Africa	-1.79489	39.60749
ormu1247	Ormuri	Indo-European	Eurasia	32.6819	69.3444
orok1266	Oroko	Atlantic-Congo	Africa	4.89504	9.15209
orok1269	Orokaiva	Nuclear Trans New Guinea	Papunesia	-8.79019	148.09
orow1243	Oro Win	Chapacuran	South America	-10.737	-64.0299
osse1243	Ossetian	Indo-European	Eurasia	41.7882	43.2674
otor1240	Otoro	Heibanic	Africa	11.1187	30.573
otuh1238	Otuho	Nilotic	Africa	4.16379	32.6641
oyka1239	Oykangand	Pama-Nyungan	Australia		
paca1246	Pacahuara	Pano-Tacanan	South America	-11.9968	-65.5568
paco1243	Pacoh	Austroasiatic	Eurasia	16.3353	107.094
paez1247	Páez	(isolate or unclassified)	South America	2.61516	-76.3125
pagi1243	Pagibete	Atlantic-Congo	Africa	3.15636	22.1212
pait1244	Paite Chin	Sino-Tibetan	Eurasia	24.0381	93.6136
pait1247	Pai Tavytera	Tupian	South America	-23.15945	-56.11758
paiw1248	Paiwan	Austronesian	Papunesia	22.3271	120.806
paka1251	Pakanha	Pama-Nyungan	Australia	-15.0908	142.74
pala1344	Palauan	Austronesian	Papunesia	7.34138	134.476678
pali1279	Palikúr	Arawakan	South America	3.63993	-51.6246
pall1243	Pallanganmiddang	Pama-Nyungan	Australia	-35.03278179	149.3371079
palo1243	Palor	Atlantic-Congo	Africa	14.8628	-16.9557
pamp1243	Pampanga	Austronesian	Papunesia	14.9603	120.502
pana1294	Pana	Atlantic-Congo	Africa		
pana1305	Panamint	Uto-Aztecan	North America	36.0007	-117.901
pana1307	Panará	Nuclear-Macro-Je	South America	-10.58	-53.0
pang1287	Pangwa	Atlantic-Congo	Africa	-9.96782	34.8039
pang1290	Pangasinan	Austronesian	Papunesia	15.9377	120.365
panj1256	Eastern Panjabi	Indo-European	Eurasia	30.0368	75.6702
pano1254	Panoan Katukína	Pano-Tacanan	South America	-7.97456	-71.56151
pano1255	Panobo	Pano-Tacanan	South America	-7.16666	-75.0
pany1241	Panytyima	Pama-Nyungan	Australia	-22.7816	118.723
paok1235	Pa'o Karen	Sino-Tibetan	Eurasia	20.211	97.5969
papa1238	Papantla Totonac	Totonacan	North America	20.5671	-97.2554
para1301	South Wa	Austroasiatic	Eurasia	22.8658	99.375
para1310	Pará Arára	Cariban	South America	-3.71263	-53.0657
para1311	Paraguayan Guaraní	Tupian	South America	-25.60551	-57.08816
para1312	Parakanã	Tupian	South America	-4.64681	-50.0621
para1315	Pará Gavião	Nuclear-Macro-Je	South America	-4.91161	-49.0217
para1316	Paraujano	Arawakan	South America	10.8427	-71.8399
pare1266	Gorum-Parenga	Austroasiatic	Eurasia	19.075	83.9723
pare1272	Parecís	Arawakan	South America	-14.5929	-57.4059
park1239	Parkwa	Afro-Asiatic	Africa	11.0206	14.0964
pate1247	Patep	Austronesian	Papunesia	-6.91988	146.639
patt1248	Pattani	Sino-Tibetan	Eurasia	32.6963	76.5966
paum1247	Paumari	Arawan	South America	-5.78403	-64.2803
pech1241	Pech	Chibchan	North America	15.8033	-85.558
pemo1245	Pémono	Cariban	South America	5.248	-66.082
pemo1248	Pemon	Cariban	South America	4.97031	-61.4033
peng1244	Pengo	Dravidian	Eurasia	19.3435	83.6552
pero1241	Pero	Afro-Asiatic	Africa	9.62092	11.044
peta1245	Petats	Austronesian	Papunesia	-5.34068	154.593
peve1243	Peve	Afro-Asiatic	Africa	9.16111	14.441
phai1238	Prai	Austroasiatic	Eurasia	19.0383	101.218
phal1254	Phalura	Indo-European	Eurasia	35.5096	71.8421
phut1244	Phu Thai	Tai-Kadai	Eurasia	17.7544966667	104.684233333
piap1246	Piapoco	Arawakan	South America	4.37718	-68.5953
piar1243	Piaroa	Jodi-Saliban	South America	4.41805	-67.7574
pich1237	Pichis Ashéninka	Arawakan	South America	-10.47249	-74.60281
pila1245	Pilagá	Guaicuruan	South America	-25.0058	-60.1537
pinj1244	Pinjarup	Pama-Nyungan	Australia		
pint1250	Pintupi-Luritja	Pama-Nyungan	Australia	-23.2963	130.643
piny1238	Pinyin	Atlantic-Congo	Africa	5.7991	10.0682
pira1253	Pirahã	(isolate or unclassified)	South America	-6.77713	-61.8167
pira1254	Wa'ikhana	Tucanoan	South America	0.50714	-69.5032
pirl1238	Pirlatapa	Pama-Nyungan	Australia	-29.524	139.77
pirr1240	Pirriya	Pama-Nyungan	Australia	-25.48006595	142.5485119
pisa1245	Pisamira	Tucanoan	South America	1.1017	-70.502483
pite1240	Pite Saami	Uralic	Eurasia	66.4011	17.4261
pitj1243	Pitjantjatjara	Pama-Nyungan	Australia	-26.9704	131.357
pitt1247	Pitta Pitta	Pama-Nyungan	Australia	-22.7952	139.983
plat1254	Plateau Malagasy	Austronesian	Africa	-19.5907	47.1211
plau1238	Plautdietsch	Indo-European	North America	49.578028	-109.353868
pnar1238	Pnar	Austroasiatic	Eurasia	24.8237	92.2628
pohn1238	Pohnpeian	Austronesian	Papunesia	6.87212	158.223
poko1263	Pökoot	Nilotic	Africa	1.57023	35.2318
poli1260	Polish	Indo-European	Eurasia	51.8439	18.6255
popt1235	Popti'	Mayan	North America	15.6609	-91.6633
port1283	Portuguese	Indo-European	Eurasia	39.91	-8.1
pott1240	Pottangi Ollar Gadaba	Dravidian	Eurasia	18.5968	82.7586
poya1241	Poyanáwa	Pano-Tacanan	South America	-7.46909	-73.0758
prin1242	Principense	Indo-European	Africa	1.614	7.392
pudi1238	Puditara	Pama-Nyungan	Australia		
puel1244	Puelche	(isolate or unclassified)	South America	-36.6376	-62.9413
puin1248	Puinave	(isolate or unclassified)	South America	3.92974	-67.6886
pula1262	Pular	Atlantic-Congo	Africa	12.1826	-12.7338
pula1263	Pulaar	Atlantic-Congo	Africa	13.8694	-13.4482
pume1238	Pumé	(isolate or unclassified)	South America	7.10677	-67.5996
punt1240	Punthamara	Pama-Nyungan	Australia	-27.33	143.0
puoc1238	Ksingmul	Austroasiatic	Eurasia	20.8862	103.931
pure1242	Purepecha	Tarascan	North America	19.2467	-101.631
puri1258	Purik-Sham-Nubra	Sino-Tibetan	Eurasia	34.3386	76.0127
puri1262	Puri	Puri-Coroado	South America	-20.7329	-43.6069
puxi1242	Puxi	Sino-Tibetan	Eurasia		
pwon1235	Pwo Northern Karen	Sino-Tibetan	Eurasia	18.016	98.2709
qaqe1238	Qaqet	Baining	Papunesia	-4.45258	151.702
qaua1234	Central Gelao-Qau	Tai-Kadai	Eurasia	26.155438	106.16455
qawa1238	Qawasqar	Kawesqar	South America	-49.703	-75.3756
qima1242	Qimant	Afro-Asiatic	Africa	12.8119	37.0542
quec1382	Quechan	Cochimi-Yuman	North America	32.7859	-114.599
quil1240	Quileute	Chimakuan	North America	47.9106	-124.603
quio1240	Quiotepec Chinantec	Otomanguean	North America	17.5621	-96.602
rajb1243	Rajbanshi	Indo-European	Eurasia	26.521945	88.038582
rama1270	Rama	Chibchan	North America	11.5007	-83.8571
ravu1237	Ravula	Dravidian	Eurasia	12.3231	75.6265
rawa1265	Rawang	Sino-Tibetan	Eurasia	27.1027	97.0738
reel1238	Reel	Nilotic	Africa	6.32234	30.49451
remb1249	Rembarrnga	Gunwinyguan	Australia	-12.9608	134.308
rend1243	Rendille	Afro-Asiatic	Africa	2.27065	37.3608
resi1247	Resígaro	Arawakan	South America	-2.48139	-71.3578
reun1238	Réunion Creole French	Indo-European	Africa	-21.1131	55.5321
reye1240	Reyesano	Pano-Tacanan	South America	-14.8333	-67.0833
rikb1245	Rikbaktsa	Nuclear-Macro-Je	South America	-11.1887	-58.1942
rita1239	Ritarungo	Pama-Nyungan	Australia	-13.4559	135.259
roma1326	Romansh	Indo-European	Eurasia	46.5538	9.92812
roma1327	Romanian	Indo-European	Eurasia	46.3913	24.2256
rong1268	Ronga	Atlantic-Congo	Africa	-26.7329	32.6167
roto1249	Rotokas	North Bougainville	Papunesia	-5.94339	155.154
ruka1240	Rukai	Austronesian	Papunesia	22.7738	120.844
rund1242	Rundi	Atlantic-Congo	Africa	-1.44174	31.3191
russ1263	Russian	Indo-European	Eurasia	59.0	50.0
russ1264	Russia Buriat	Mongolic	Eurasia	50.8533	105.564
rusy1239	Rusyn	Indo-European	Eurasia	48.7171	22.9579
rutu1240	Rutul	Nakh-Daghestanian	Eurasia	41.6187	47.3244
saam1283	Saamia	Atlantic-Congo	Africa	0.3652	34.0335
saan1246	Saanich	Salishan	North America		
saba1262	Sabaot	Nilotic	Africa	1.01297	34.6664
saba1265	Sa'ban	Austronesian	Papunesia	3.58723	115.664
saba1268	Sabanê	Nambiquaran	South America	-12.9857	-60.335
saek1240	Saek	Tai-Kadai	Eurasia	17.4558	104.787
saki1248	Mekens	Tupian	South America	-13.054	-62.0927
sala1264	Salar	Turkic	Eurasia	35.5457	102.819
sala1272	Salasaca Highland Quichua	Quechuan	South America	-1.35447	-78.3953
sali1298	Sáliba	Jodi-Saliban	South America	5.30115	-69.3843
samb1305	Samba Leko	Atlantic-Congo	Africa	8.19236	11.7366
samo1303	Samo	East Strickland	Papunesia	-6.15496	142.195
samr1245	Samre or Siem Reap	Bookkeeping	Eurasia	13.479	103.978
sand1273	Sandawe	(isolate or unclassified)	Africa	-5.26918	35.4808
sang1328	Sango	Atlantic-Congo	Africa	6.78584	20.1702
sanj1284	San Juan Guelavía Zapotec	Otomanguean	North America	17.0332	-96.5967
sanm1287	San Mateo del Mar Huave	Huavean	North America	16.2129	-95.0077
sanm1289	San Martín Quechua	Quechuan	South America	-6.9582	-76.6608
sanm1295	San Miguel El Grande Mixtec	Otomanguean	North America	17.0777	-97.5432
sanm1298	San Martín Itunyoso Triqui	Otomanguean	North America	17.2428	-97.9202
sans1269	Sanskrit	Indo-European	Eurasia	20.0	77.0
sant1410	Santali	Austroasiatic	Eurasia	25.0317	87.8185
sant1432	Santiago del Estero Quichua	Quechuan	South America	-27.821	-63.2466
sanu1240	Sanumá	Yanomamic	South America	1.31875	-67.6498
saop1235	São Paulo Kaingáng	Nuclear-Macro-Je	South America	-23.5708	-46.7609
saot1239	Sãotomense	Indo-European	Africa	0.28332	6.61935
sasa1249	Sasak	Austronesian	Papunesia	-8.58349	116.284
sata1237	Satawalese	Austronesian	Papunesia	7.36084	147.038
sate1243	Sateré-Mawé	Tupian	South America	-3.63897	-56.8749
saur1248	Saurashtra	Indo-European	Eurasia	9.99172	77.9427
saur1249	Sauria Paharia	Dravidian	Eurasia	24.8124	87.6432
sava1244	Savara	Bookkeeping	Eurasia	18.7302	84.1414
savo1255	Savosavo	(isolate or unclassified)	Papunesia	-9.12853	159.814
saxw1241	Saxwe Gbe	Atlantic-Congo	Africa	6.58269	1.92015
saya1246	Saya	Afro-Asiatic	Africa	9.69441	9.71748
sayu1241	Sayula Popoluca	Mixe-Zoque	North America	17.8606	-94.9531
scot1243	Scots	Indo-European	Eurasia	55.886945	-3.710133
scot1245	Scottish Gaelic	Indo-European	Eurasia	56.7574	-5.24366
seba1251	Sebat Bet Gurage	Afro-Asiatic	Africa	8.11879	37.9891
seco1241	Secoya	Tucanoan	South America	-0.459785	-75.5547
seda1262	Sedang	Austroasiatic	Eurasia	14.7793	108.027
seim1238	Seimat	Austronesian	Papunesia	-1.5297	145.074
sekp1241	Sekpele	Atlantic-Congo	Africa	7.16751	0.5886
sela1259	Selaru	Austronesian	Papunesia	-8.18376	130.961
sele1249	Selee	Atlantic-Congo	Africa	7.17462	0.42458
sele1250	Selepet	Nuclear Trans New Guinea	Papunesia	-6.03532	147.234
selk1253	Selkup	Uralic	Eurasia	59.9409	82.3004
seme1247	Semelai	Austroasiatic	Eurasia	2.82799	102.806
sena1262	Senara Sénoufo	Atlantic-Congo	Africa	10.4987	-5.28216
sene1264	Seneca	Iroquoian	North America	42.56	-77.53
sera1259	Saraiki	Indo-European	Eurasia	29.5534	71.906
serb1264	Serbian	Indo-European	Eurasia	44.3238	21.9192
sere1260	Sereer	Atlantic-Congo	Africa	13.8941	-16.3916
seri1257	Seri	(isolate or unclassified)	North America	28.9877	-112.384
serr1255	Serrano	Uto-Aztecan	North America	33.9479	-116.772
sgaw1245	S'gaw Karen	Sino-Tibetan	Eurasia	17.9872	97.7126
shab1252	Shabo	(isolate or unclassified)	Africa	7.64407	35.223
shal1242	Shall-Zwall	Atlantic-Congo	Africa	9.87556	9.64988
shan1277	Shan	Tai-Kadai	Eurasia	21.5995	98.0342
shan1282	Shanga	Mande	Africa	11.2752	4.41464
shar1245	Sharanahua	Pano-Tacanan	South America	-9.8626	-71.1232
shas1239	Shasta	Shastan	North America	41.7587	-122.738
shaw1249	Shawnee	Algic	North America	35.354	-96.7635
sheh1240	Jibbali	Afro-Asiatic	Eurasia	17.29154	53.99526
sher1255	Solu-Khumbu Sherpa	Sino-Tibetan	Eurasia	27.674	86.9994
sher1258	Sherbro	Atlantic-Congo	Africa	7.77585	-12.7405
shil1265	Shilluk	Nilotic	Africa	9.85472	31.7926
shin1264	Shina	Indo-European	Eurasia	34.6515	75.287
ship1255	Shipibo	Pano-Tacanan	South America		
shix1238	Shixing	Sino-Tibetan	Eurasia	28.3895	100.4
shon1251	Shona	Atlantic-Congo	Africa	-17.20849	29.75725
shua1257	Shuar	Chicham	South America	-3.45136	-78.1892
shum1243	Shumcho	Sino-Tibetan	Eurasia	31.6862	78.3865
shus1248	Shuswap	Salishan	North America	50.8734	-119.667
shwa1239	Shwai	Heibanic	Africa	11.2708	30.3533
siam1242	Siamou	(isolate or unclassified)	Africa	10.998	-4.92143
sian1254	Siang	Austronesian	Papunesia	-0.38398	114.693
siar1238	Siar-Lak	Austronesian	Papunesia	-4.62059	152.892
sich1238	Sichuan Yi	Sino-Tibetan	Eurasia	28.1947	102.121
sida1246	Sidamo	Afro-Asiatic	Africa	6.74176	38.3729
sikk1242	Sikkimese	Sino-Tibetan	Eurasia	27.85795	88.59153
siks1238	Siksika	Algic	North America	49.0669	-113.109
silt1240	Silt'e	Afro-Asiatic	Africa	7.77004	38.1449
sind1272	Sindhi	Indo-European	Eurasia	26.0	69.0
sinh1246	Sinhala	Indo-European	Eurasia	8.0	81.0
sion1247	Siona-Tetete	Tucanoan	South America	0.31733	-76.0237
sipa1247	Sipacapense	Mayan	North America	15.23054	-91.7041
siri1273	Sirionó	Tupian	South America	-15.5298	-63.9688
siri1274	Siriano	Tucanoan	South America	0.436515	-70.184
siss1242	Sissala of Burkina Faso	Atlantic-Congo	Africa	11.0916	-2.38217
siss1243	Sissano	Austronesian	Papunesia	-3.01976	142.049
siwi1239	Siwi	Afro-Asiatic	Africa	29.200415	25.519627
siwu1238	Siwu	Atlantic-Congo	Africa	7.23811	0.44362
skol1241	Skolt Saami	Uralic	Eurasia	68.8326	29.7204
slov1268	Slovenian	Indo-European	Eurasia	46.2543	14.7766
slov1269	Slovak	Indo-European	Eurasia	48.545705	18.78479
soch1239	Sochiapam Chinantec	Otomanguean	North America	17.7985	-96.6079
sodd1242	Soddo	Afro-Asiatic	Africa		
soma1255	Somali	Afro-Asiatic	Africa	4.778704	45.152856
soni1259	Soninke	Mande	Africa	13.1273	-11.7178
sooo1256	Soo	Kuliak	Africa	2.58367	34.7595
soqo1240	Soqotri	Afro-Asiatic	Eurasia	12.4892	53.9168
sora1254	Sora	Austroasiatic	Eurasia	19.1213	84.19
sout2436	Southwestern Pashto	Indo-European	Eurasia		
sout2642	Southern Balochi	Indo-European	Eurasia	26.0	64.0
sout2672	Southeast Pashayi	Indo-European	Eurasia	34.43099	70.30351
sout2674	South Saami	Uralic	Eurasia	62.8801	13.7006
sout2679	South Estonian	Uralic	Eurasia	57.85	27.0
sout2697	South Azerbaijani	Turkic	Eurasia	36.5137	48.4302
sout2729	Southern Pumi	Sino-Tibetan	Eurasia	27.8408	100.622
sout2746	Southern Thai	Tai-Kadai	Eurasia	6.85668	99.7031
sout2750	Southern Yukaghir	Yukaghir	Eurasia	64.218	154.375
sout2770	Southern Inland Yuin	Pama-Nyungan	Australia	-36.30008261	148.7238073
sout2771	Southern Coastal Yuin	Pama-Nyungan	Australia	-37.06227181	149.7169306
sout2774	Southeast Ijo	Ijoid	Africa	4.44235	6.32192
sout2789	Central Dagaare	Atlantic-Congo	Africa	10.4226	-2.52265
sout2790	Southern Birifor	Atlantic-Congo	Africa	9.2873	-2.72672
sout2795	Southern Nuni	Atlantic-Congo	Africa	11.5186	-2.14385
sout2828	Southern Ma'di	Central Sudanic	Africa	2.8735	31.25
sout2832	Southwestern Dinka	Nilotic	Africa	8.81115	28.0613
sout2833	South Central Dinka	Nilotic	Africa	6.7307	30.3021
sout2840	Southern Bobo Madaré	Mande	Africa	11.5409	-4.26497
sout2844	Southern Samo	Mande	Africa	12.713	-2.9052
sout2856	South Efate	Austronesian	Papunesia	-17.7006	168.377
sout2895	South Nuaulu	Austronesian	Papunesia	-3.23411	129.148
sout2918	Southern Sama	Austronesian	Papunesia	4.755836	119.483887
sout2949	Southern Kiwai	Kiwaian	Papunesia	-8.64889	143.244
sout2961	Southern Tiwa	Kiowa-Tanoan	North America	34.7873	-106.661
sout2982	Southeastern Pomo	Pomoan	North America	38.9354	-122.599
sout2985	Southern Sierra Miwok	Miwok-Costanoan	North America	38.2363	-120.507
sout2991	South Bolivian Quechua	Quechuan	South America	-20.9201	-66.3331
sout2994	Southern Nambikuára	Nambiquaran	South America	-14.3707	-59.5187
spit1240	Spiti Bhoti	Sino-Tibetan	Eurasia	32.526	77.833
spok1245	Spokane	Salishan	North America	47.9087	-118.062
squa1248	Squamish	Salishan	North America	49.3231	-123.014
stan1288	Spanish	Indo-European	Eurasia	40.4414	-1.11788
stan1289	Catalan	Indo-European	Eurasia	41.453	1.569
stan1290	French	Indo-European	Eurasia	48.0	2.0
stan1293	English	Indo-European	Eurasia	53.0	-1.0
stan1295	German	Indo-European	Eurasia	48.649	12.4676
stan1306	Standard Malay	Austronesian	Eurasia	3.08896	101.699
stan1318	Standard Arabic	Afro-Asiatic	Eurasia	27.9625	43.8525
stan1325	Standard Latvian	Indo-European	Eurasia	57.0	24.0
stod1241	Stod Bhoti	Sino-Tibetan	Eurasia	32.497	77.116
stra1244	Straits Salish	Salishan	North America	48.51614	-123.757114
suba1252	Suba-Simbiti	Atlantic-Congo	Africa	-1.103296	34.268
subi1246	Subiya	Atlantic-Congo	Africa	-17.5696	24.8867
suda1236	Sudanese Arabic	Afro-Asiatic	Africa	17.8021	33.3179
suen1241	Suena	Nuclear Trans New Guinea	Papunesia	-7.76339	147.534
suga1248	Nizaa	Atlantic-Congo	Africa	7.12906	12.3779
suii1243	Sui	Tai-Kadai	Eurasia	24.0488	106.563
suku1261	Sukuma	Atlantic-Congo	Africa	-3.16082	32.8765
sumb1240	Sumbwa	Atlantic-Congo	Africa	-3.47335	31.9457
sumi1235	Sumi Naga	Sino-Tibetan	Eurasia	25.9996	94.4235
sund1252	Sundanese	Austronesian	Papunesia	-6.89708	107.106
suri1267	Tirma-Chai	Surmic	Africa	6.03205	35.0823
surs1246	Sursurunga	Austronesian	Papunesia	-3.99078	152.768
suru1262	Suruí	Tupian	South America	-11.0989	-61.2818
suru1263	Suruahá	Arawan	South America	-6.82525	-66.3146
susu1250	Susu	Mande	Africa	10.4046	-13.3628
suya1243	Suyá	Nuclear-Macro-Je	South America	-11.5178	-53.0743
svan1243	Svan	Kartvelian	Eurasia	42.9134	42.5915
swah1253	Swahili	Atlantic-Congo	Africa	-8.25605	37.624
swed1254	Swedish	Indo-European	Eurasia	59.800634	17.389526
swis1247	Swiss German	Indo-European	Eurasia	47.0516	8.46419
sydn1236	Sydney	Pama-Nyungan	Australia	-33.52925837	150.3490464
taba1266	Tabasco Chontal	Mayan	North America	18.1713	-92.7367
taca1256	Tacana	Pano-Tacanan	South America	-13.39249	-68.04056
tach1250	Tachelhit	Afro-Asiatic	Africa	29.7854	-7.77879
tada1238	Tadaksahak	Songhay	Africa	16.685	2.32653
taga1270	Tagalog	Austronesian	Papunesia	14.06	121.747
tagw1240	Tagwana Senoufo	Atlantic-Congo	Africa	8.67053	-5.17372
taha1241	Tahaggart Tamahaq	Afro-Asiatic	Africa	22.5908	8.73169
taid1248	Tai Do-Mene-Yo	Tai-Kadai	Eurasia	19.1801	104.938
taid1249	Tai Daeng	Tai-Kadai	Eurasia	20.4559	104.625
tain1252	Tai Nüa	Tai-Kadai	Eurasia	21.7837	99.722
taji1245	Tajik	Indo-European	Eurasia	38.8213	68.5549
talo1250	Tasomi-Tata	Narrow Talodi	Africa	10.6453	30.4815
tama1331	Tama (Chad)	Tamaic	Africa	14.332	21.9951
tama1365	Tamasheq	Afro-Asiatic	Africa	14.2038	-2.41269
tami1289	Tamil	Dravidian	Eurasia	10.520219	78.825989
tamn1235	Tamnim Citak	Nuclear Trans New Guinea	Papunesia	-5.57962	139.233
tamp1252	Tampulma	Atlantic-Congo	Africa	9.75577	-1.35467
tana1290	Tanacross	Athabaskan-Eyak-Tlingit	North America	63.4046	-143.338
tang1336	East-Central Tangkhul Naga	Sino-Tibetan	Eurasia	25.0489	94.3567
tani1257	Tanimuca-Retuarã	Tucanoan	South America	-0.59023	-70.3853
tapi1253	Tapieté	Tupian	South America	-21.4169	-62.684
tapi1254	Tapirapé	Tupian	South America	-10.5373	-50.5438
tari1256	Tariana	Arawakan	South America	0.440205	-68.9042
tari1263	Tarifiyt-Beni-Iznasen-Eastern Middle Atlas Berber	Afro-Asiatic	Africa	34.916974	-3.430616
taro1263	Tarok	Atlantic-Congo	Africa	8.98356	10.0288
taro1264	Seediq	Austronesian	Papunesia	23.9032	121.358
tase1235	Pangwa Naga	Sino-Tibetan	Eurasia	27.2572	96.3855
tata1255	Tatar	Turkic	Eurasia	55.0	50.0
tata1257	Tatana	Austronesian	Papunesia	5.49808	115.553
tatu1247	Tatuyo	Tucanoan	South America	0.55582	-70.5327
taus1251	Tausug	Austronesian	Papunesia	5.12236	118.88
taus1253	Taushiro	(isolate or unclassified)	South America	-3.22497	-75.5603
tawa1286	Tawallammat Tamajaq	Afro-Asiatic	Africa	13.9878	4.47692
teda1241	Tedaga	Saharan	Africa	18.0426	14.7717
tedi1235	Tedim Chin	Sino-Tibetan	Eurasia	23.6079	93.519
teee1242	Tee	Atlantic-Congo	Africa	4.73213	7.37553
teen1242	Téén	Atlantic-Congo	Africa	9.84556	-3.71183
tehu1242	Tehuelche	Chonan	South America	-47.5796	-68.3235
teke1280	Teke-Kukuya	Atlantic-Congo	Africa	-2.27122	14.4407
tele1256	Telefol	Nuclear Trans New Guinea	Papunesia	-5.07444	141.731
telu1262	Telugu	Dravidian	Eurasia	16.4529	78.7024
temb1276	Tenetehara	Tupian	South America	-2.6123	-48.2359
temi1246	Temiar	Austroasiatic	Eurasia	4.974	101.438
temm1241	Tem	Atlantic-Congo	Africa	8.967	1.136
tena1240	Tena Lowland Quichua	Quechuan	South America	-0.76271	-77.5404
teng1272	Tengger	Austronesian	Papunesia	-7.89069	113.037
tenh1241	Tenharim-Parintintin-Diahoi	Tupian	South America	-7.92626	-61.936
tepo1239	Tepo Krumen	Atlantic-Congo	Africa	5.16267	-7.66346
tera1251	Tera	Afro-Asiatic	Africa	11.0376	11.80953
tere1279	Terena-Kinikinao-Chane	Arawakan	South America	-20.6614	-56.0329
tern1247	Ternate	North Halmahera	Papunesia	0.80562	127.333
ters1235	Ter Saami	Uralic	Eurasia	67.2458	38.5061
tese1238	Tese	Temeinic	Africa	11.3885	29.5803
tetu1245	Tetum	Austronesian	Papunesia	-9.11217	125.528
tewa1260	Rio Grande Tewa	Kiowa-Tanoan	North America	35.9053	-106.124
texi1237	Texistepec Popoluca	Mixe-Zoque	North America	17.8926	-94.8076
thad1238	Thado Chin	Sino-Tibetan	Eurasia	24.096	93.722
thai1261	Thai	Tai-Kadai	Eurasia	14.192	100.671
thak1245	Thakali	Sino-Tibetan	Eurasia	28.7014	83.6466
thay1248	Thaypan	Pama-Nyungan	Australia	-14.8292	143.324
thay1249	Thayore	Pama-Nyungan	Australia	-14.8159	142.034
thii1234	Thiin	Pama-Nyungan	Australia		
thul1246	Thulung	Sino-Tibetan	Eurasia	27.5389	87.6063
thur1254	Thurawal	Pama-Nyungan	Australia	-35.2853	147.475
tiag1235	Tiagbamrin Aizi	Atlantic-Congo	Africa	5.28022	-4.62352
tibe1272	Tibetan	Sino-Tibetan	Eurasia	28.3681	90.1872
ticu1245	Ticuna	Ticuna-Yuri	South America	-3.66289	-69.8723
tiey1235	Tiéyaxo Bozo	Mande	Africa	14.1223	-5.08609
tiga1245	Tigak	Austronesian	Papunesia	-2.70951	150.893
tigo1236	Tigon Mbembe	Atlantic-Congo	Africa	6.983995	10.70849
tigr1270	Tigre	Afro-Asiatic	Africa	17.3494	38.2233
tigr1271	Tigrinya	Afro-Asiatic	Africa	15.3359	38.9266
tika1246	Tikar	Atlantic-Congo	Africa	5.87004	11.6104
tilq1235	Tilquiapan Zapotec	Otomanguean	North America	16.8529	-96.6321
timn1235	Timne	Atlantic-Congo	Africa	8.90294	-12.3331
tini1245	Tinigua	(isolate or unclassified)	South America	2.716	-73.768
tinp1237	Tinputz	Austronesian	Papunesia	-5.58358	154.972
tira1254	Tira	Heibanic	Africa	11.0963	30.8092
tiru1241	Tiruray	Austronesian	Papunesia	6.77321	124.127
tivv1240	Tiv	Atlantic-Congo	Africa	6.88039	9.26287
tiwi1244	Tiwi	(isolate or unclassified)	Australia	-11.6308	130.949
tlac1235	Tlachichilco Tepehua	Totonacan	North America	20.704	-98.1947
tlin1245	Tlingit	Athabaskan-Eyak-Tlingit	North America	59.4447	-135.29
toar1246	Toaripi	Eleman	Papunesia	-8.07231	146.206
toba1269	Toba	Guaicuruan	South America	-24.40253	-60.4472866667
toca1235	Tocantins Asurini	Tupian	South America	-3.59359	-49.8991
toch1257	Tocho	Narrow Talodi	Africa	10.8828	30.1567
toda1252	Toda	Dravidian	Eurasia	11.4184	77.0168
tofi1235	Tofin Gbe	Atlantic-Congo	Africa	6.51774	2.43226
toho1245	Tohono O'odham	Uto-Aztecan	North America	31.7973	-111.995
tokp1240	Tok Pisin	Indo-European	Papunesia	-9.41971	147.303
toll1241	Tol	Jicaquean	North America	14.6686	-87.0372
tolo1259	Tolowa-Chetco	Athabaskan-Eyak-Tlingit	North America	41.9192	-124.1
tong1318	Tonga (Zambia)	Atlantic-Congo	Africa	-17.422325	27.103495
tong1325	Tonga (Tonga Islands)	Austronesian	Papunesia	-21.17	-175.25
tonk1249	Tonkawa	(isolate or unclassified)	North America	30.25	-96.75
topo1242	Toposa	Nilotic	Africa	5.15904	34.2159
toro1252	Toro So Dogon	Dogon	Africa	14.40749	-3.10006
torw1241	Torwali	Indo-European	Eurasia	35.3101	72.5316
tosk1239	Northern Tosk Albanian	Indo-European	Eurasia	41.0	20.0
tote1238	Totela	Atlantic-Congo	Africa	-16.9575	24.3751
toto1305	Totontepec Mixe	Mixe-Zoque	North America	17.2157	-96.0179
tour1242	Toura (Côte d'Ivoire)	Mande	Africa	7.76747	-7.33105
trin1274	Trinitario	Arawakan	South America	-15.3331	-65.4096
trio1238	Trió	Cariban	South America	2.53616	-55.7599
trum1247	Trumai	(isolate or unclassified)	South America	-11.8119	-53.5717
tsam1247	Tsamai	Afro-Asiatic	Africa	5.3097	36.9139
tsha1245	Tshangla	Sino-Tibetan	Eurasia	27.3694	91.7741
tsot1241	Tsotso	Atlantic-Congo	Africa	0.2975	34.6961
tsou1248	Tsou	Austronesian	Papunesia	23.216	120.787
tsuv1239	Tsuvadi	Atlantic-Congo	Africa	10.8421	5.22095
tuca1252	Tucano	Tucanoan	South America	0.579755	-69.5763
tuka1248	Tukang Besi North	Austronesian	Papunesia	-5.30994	123.578
tuki1240	Tuki	Atlantic-Congo	Africa	4.64348	11.5353
tuli1249	Tulishi	Kadugli-Krongo	Africa	11.4507	29.108
tulu1258	Tulu	Dravidian	Eurasia	12.8114	75.2651
tumt1243	Tumtum	Kadugli-Krongo	Africa	10.6378	30.4128
tune1261	Tunen	Atlantic-Congo	Africa	4.75	10.67
tuni1251	Tunia	Atlantic-Congo	Africa	9.42506	18.2059
tuni1252	Tunica	(isolate or unclassified)	North America	30.9888	-92.5403
tupa1250	Tuparí	Tupian	South America	-11.8884	-62.2544
tupi1273	Tupinambá	Tupian	South America	-22.807778	-42.106389
tupu1244	Tupuri	Atlantic-Congo	Africa	10.0144	14.8697
turk1304	Turkmen	Turkic	Eurasia	37.0872	59.1757
tuuu1240	Tu	Mongolic	Eurasia	36.8177	102.117
tuvi1240	Tuvinian	Turkic	Eurasia	48.436	92.6693
tuyu1244	Tuyuca	Tucanoan	South America	0.39441	-70.043515
twee1234	Tweed-Albert	Pama-Nyungan	Australia	-28.028726	153.286993
tyan1235	Tyanngayt-Mamngayt-Ntrwangayt-Ntrangit	Pama-Nyungan	Australia	-12.544	141.984
tzel1254	Tzeltal	Mayan	North America	16.6384	-92.2786
tzot1259	Tzotzil	Mayan	North America	16.6362	-92.7388
tzut1248	Tz'utujil	Mayan	North America	14.6351	-91.2012
ucay1237	Ucayali-Yurúa Ashéninka	Arawakan	South America	-9.49424	-73.1836
udih1248	Udihe	Tungusic	Eurasia	46.6309	135.678
udmu1245	Udmurt	Uralic	Eurasia	56.12921	52.63548
uduk1239	Uduk	Koman	Africa	9.16012	34.2293
uigh1240	Uighur	Turkic	Eurasia	43.67	79.75
ukra1253	Ukrainian	Indo-European	Eurasia	48.175842	24.395786
ulku1238	Ulkulu	Pama-Nyungan	Australia		
ulwa1239	Ulwa	Misumalpan	North America	12.932292	-83.581467
umbu1235	Umbugarla	(isolate or unclassified)	Australia	-12.9325	131.825
umbu1256	Umbuygamu	Pama-Nyungan	Australia	-14.25876	143.6305
umbu1257	Umbundu	Atlantic-Congo	Africa	-12.4763	14.4148
umii1236	Umiida	Worrorran	Australia	-16.615461	124.079216
umot1240	Umotína	Bororoan	South America	-15.5929	-57.4192
umpi1239	Umpila	Pama-Nyungan	Australia	-13.1528	143.467
unam1242	Unami	Algic	North America	35.0264	-98.3201
ungg1243	Unggumi	Worrorran	Australia	-15.65	124.67
uppe1395	Upper Sorbian	Indo-European	Eurasia	51.2403	14.4098
uppe1400	Upper Saxon	Indo-European	Eurasia	51.152	12.692
uppe1439	Upper Chehalis	Salishan	North America	46.7981	-123.169
uppe1455	Upper Guinea Crioulo	Indo-European	Africa	13.2335066667	-15.33254
ural1274	Urali of Idukki	Dravidian	Eurasia	10.8519	76.8007
urar1246	Urarina	(isolate or unclassified)	South America	-4.44006	-75.4211
urdu1245	Urdu	Indo-European	Eurasia	25.0	67.0
urii1240	Uri	Nuclear Trans New Guinea	Papunesia	-6.41993	146.608
urni1239	Urningangg	Giimbiyu	Australia	-13.4766	133.023
urub1250	Urubú-Kaapor	Tupian	South America	-2.46455	-46.2204
urue1240	Uru-Eu-Wau-Wau	Tupian	South America	-10.9176	-63.8086
uruu1244	Uru	Uru-Chipaya	South America	-16.72547	-68.97119
usan1239	Usan	Nuclear Trans New Guinea	Papunesia	-4.84265	145.362
usar1243	Usarufa	Nuclear Trans New Guinea	Papunesia	-6.38898	145.633
utes1238	Ute-Southern Paiute	Uto-Aztecan	North America	40.0965	-110.305
vaag1238	Vaagri Booli	Indo-European	Eurasia	12.215	79.5335
vach1239	Vach Khanty	Uralic	Eurasia		
vagl1239	Vagla	Atlantic-Congo	Africa	9.33848	-2.31333
vaii1241	Vai	Mande	Africa	7.05085	-11.3262
vame1236	Vame	Afro-Asiatic	Africa	10.9481	14.2131
vani1248	Vanimo	Sko	Papunesia	-2.68501	141.258
varl1238	Varli	Indo-European	Eurasia	20.5635	73.2975
veng1238	Vengo	Atlantic-Congo	Africa	6.11403	10.4137
veps1250	Veps	Uralic	Eurasia	60.3353	34.7865
viet1252	Vietnamese	Austroasiatic	Eurasia	20.681188	105.774071
vile1241	Vilela	(isolate or unclassified)	South America	-27.4063	-58.9661
vlax1238	Vlax Romani	Indo-European	Eurasia	46.8191	14.8451
voti1245	Votic	Uralic	Eurasia	59.3802	28.6235
vute1244	Vute	Atlantic-Congo	Africa	6.13603	11.8839
waal1238	Waalubal	Pama-Nyungan			
waam1244	Waama	Atlantic-Congo	Africa	10.5956	1.65318
wadi1260	Wadi Wadi	Pama-Nyungan	Australia		
wadi1261	Wadikali	Pama-Nyungan	Australia		
wadj1254	Wadjiginy	(isolate or unclassified)	Australia	-12.8596	130.737
waga1260	Wagaya	Pama-Nyungan	Australia	-20.329	137.623
wage1238	Wageman	(isolate or unclassified)	Australia	-13.8627	131.893
waim1251	Waima	Austronesian	Papunesia	-8.67145	146.544
waim1253	Waimiri-Atroari	Cariban	South America	-0.61832	-60.4259
waim1255	Waimaha	Tucanoan	South America	0.30416	-70.1644
waiw1244	Waiwai	Cariban	South America	1.50881	-59.1417
waja1257	Wajarri	Pama-Nyungan	Australia	-28.1761	117.153
waju1234	Wajuk	Pama-Nyungan	Australia		
waka1274	Wakawaka	Pama-Nyungan	Australia	-26.248	151.868
wakh1245	Wakhi	Indo-European	Eurasia	37.1768	73.9777
wala1263	Walangama	Pama-Nyungan	Australia	-17.60243295	142.4891266
walm1241	Walmajarri	Pama-Nyungan	Australia	-19.7229	126.113
walu1241	Walungge	Sino-Tibetan	Eurasia	27.695	87.2374
wamb1258	Wambayan	Mirndi	Australia	-17.496	135.683
wamb1259	Wambon	Nuclear Trans New Guinea	Papunesia	-5.44334	140.48
wame1240	Wamey	Atlantic-Congo	Africa	12.5421	-13.177
wami1239	Wamin	Pama-Nyungan	Australia	-18.3727	143.943
wand1263	Wandarang	Mangarrayi-Maran	Australia	-14.2996	135.705
wand1278	Wandala	Afro-Asiatic	Africa	11.3169	13.8996
wane1241	Waneci	Indo-European	Eurasia	30.0501	67.8327
wang1288	Wangkajunga	Pama-Nyungan	Australia		
wang1289	Wanggamala	Pama-Nyungan	Australia	-24.7022	137.433
wang1290	Wangganguru	Pama-Nyungan	Australia	-25.8148	135.941
wang1291	Ngiyambaa	Pama-Nyungan	Australia	-30.6481	146.18
wanm1242	Wanman	Pama-Nyungan	Australia	-22.7078	122.325
wann1242	Wan	Mande	Africa	7.88773	-5.82092
want1252	Wantoat	Nuclear Trans New Guinea	Papunesia	-6.15216	146.513
wany1244	Wanyjirra	Pama-Nyungan	Australia		
wany1247	Wanyi	Garrwan	Australia	-18.6529	137.608
waor1240	Waorani	(isolate or unclassified)	South America	-1.12312	-76.683
wapi1253	Wapishana	Arawakan	South America	2.58744	-59.8021
wapp1239	Wappo	Yuki-Wappo	North America	38.25	-122.5
wara1290	Warray	Gunwinyguan	Australia	-13.0941	131.236
wara1303	Warao	(isolate or unclassified)	South America	7.50851	-59.3528
ward1246	Wardaman	Yangmanic	Australia	-15.4155	132.604
ward1248	Wardandi	Pama-Nyungan	Australia		
wari1262	Wariyangga	Pama-Nyungan	Australia	-24.353	116.927
wari1266	Waris	Border	Papunesia	-3.139	140.931
wari1268	Wari'	Chapacuran	South America	-10.69948	-64.56152
warl1254	Warlpiri	Pama-Nyungan	Australia	-20.1008	131.05
warl1255	Warlmanpa	Pama-Nyungan	Australia	-18.949	133.862
warl1256	Warluwara	Pama-Nyungan	Australia	-22.2909	138.738
warr1255	Warrgamay	Pama-Nyungan	Australia	-18.5468	146.179
warr1257	Warrnambool	Pama-Nyungan	Australia	-38.345	142.4608
warr1258	Warrwa	Nyulnyulan	Australia	-17.0965	123.971
waru1264	Warrongo	Pama-Nyungan	Australia	-18.2496	144.37
waru1265	Warumungu	Pama-Nyungan	Australia	-20.6479	134.375
wash1253	Washo	(isolate or unclassified)	North America	38.8184	-119.64
wath1238	Wathawurrung	Pama-Nyungan	Australia	-37.68777565	144.1013148
waur1244	Waurá	Arawakan	South America	-13.296	-53.6971
wawa1246	Wawa	Atlantic-Congo	Africa	6.68974	11.7802
waya1269	Wayana	Cariban	South America	2.77537	-54.4429
waya1270	Wayampi	Tupian	South America	1.73817	-52.6887
wayi1238	Wayilwan	Pama-Nyungan	Australia		
wayu1241	Wayu	Sino-Tibetan	Eurasia	27.3047	86.1227
wayu1243	Wayuu	Arawakan	South America	11.395566	-72.199791
wehh1238	Weh	Atlantic-Congo	Africa	6.46164	10.121
wels1247	Welsh	Indo-European	Eurasia	52.0	-4.0
wemb1241	Wemba Wemba	Pama-Nyungan	Australia	-35.445	144.09
weno1238	Wobe-Wè Northern	Atlantic-Congo	Africa	7.40391	-7.24617
werg1234	Wergaia	Pama-Nyungan	Australia		
west2354	Western Frisian	Indo-European	Eurasia	53.143	5.86091
west2368	Western Balochi	Indo-European	Eurasia	37.83	62.17
west2369	Western Farsi	Indo-European	Eurasia	28.6593	55.1586
west2392	Western Mari	Uralic	Eurasia	56.22	46.569
west2397	Western Bru	Austroasiatic	Eurasia	16.4906	104.754
west2408	Western Muria	Dravidian	Eurasia	20.2384	80.7006
west2437	Western Warlpiri	Pama-Nyungan	Australia		
west2441	Western Arrarnta	Pama-Nyungan	Australia	-24.05052	133.24621
west2442	Western Anmatyerre	Pama-Nyungan	Australia		
west2443	Western Victoria	Pama-Nyungan	Australia	-34.13829932	143.6694397
west2450	West-Central Limba	Atlantic-Congo	Africa	9.52392	-12.3138
west2454	Western Niger Fulfulde	Atlantic-Congo	Africa	14.2471	-0.52004
west2456	Western Xwla Gbe	Atlantic-Congo	Africa	6.33455	2.03904
west2458	West Central Banda	Atlantic-Congo	Africa	6.81435	24.1012
west2466	Western Karaboro	Atlantic-Congo	Africa	10.6298	-4.76482
west2500	Western Maninkakan	Mande	Africa	13.5677	-12.8009
west2560	West Coast Bajau	Austronesian	Papunesia	6.00631	116.124
west2600	West Makian	North Halmahera	Papunesia	0.45332	127.63
west2632	Western Keres	Keresan	North America	34.9733	-107.517
west2644	Western Highland Chatino	Otomanguean	North America	16.2495	-97.3244
west2650	Western Cham	Austronesian	Eurasia	12.4771	104.026
wich1260	Wichita	Caddoan	North America	35.0665	-98.1831
wich1262	Wichí Lhamtés Nocten	Matacoan	South America	-21.988	-63.5971
wikm1247	Wik-Mungkan	Pama-Nyungan	Australia	-13.98051	141.81611
wikn1245	Wik-Ngathana	Pama-Nyungan	Australia	-13.8691	141.532
wikn1246	Wikngenchera	Pama-Nyungan	Australia	-13.4957	141.599
wint1259	Wintu	Wintuan	North America	39.7176	-122.445
wira1260	Wirangu-Nauo	Bookkeeping	Australia	-31.6356	131.719
wira1262	Wiradhuri	Pama-Nyungan	Australia	-34.0742	145.994
wirr1237	Wirriyaraay	Pama-Nyungan	Australia		
wiyo1248	Wiyot	Algic	North America	39.2492	-122.952
woge1237	Wogeo	Austronesian	Papunesia	-3.20238	144.089
woiw1237	Woiwurrung	Pama-Nyungan	Australia	-37.64264501	145.5879962
wola1242	Wolaytta	Ta-Ne-Omotic	Africa	6.32668	37.7537
wong1246	Wangkumara	Pama-Nyungan	Australia		
wong1247	Wongo	Atlantic-Congo	Africa	-5.73837	20.5054
wori1245	Worimi	Pama-Nyungan	Australia	-32.4806	152.107
worr1237	Worrorra	Worrorran	Australia	-15.612781	124.881218
wotj1234	Wotjobaluk	Pama-Nyungan	Australia		
woun1238	Woun Meu	Chocoan	South America	8.5	-78.0
wuch1236	Wu Chinese	Sino-Tibetan	Eurasia	29.8621	119.682
wulg1239	Wulguru	Pama-Nyungan	Australia	-19.85103121	146.3453957
wuli1242	Wuliwuli	Pama-Nyungan	Australia	-24.415	149.843
wuna1249	Wunambal	Worrorran	Australia	-14.8347	125.72
wurr1238	Wurrugu	Marrku-Wurrugu	Australia	-11.364	132.303
wuzl1236	Wuzlam	Afro-Asiatic	Africa	10.955	14.1378
wymy1235	Wymysorys	Indo-European	Eurasia	49.91617	19.15195
xamt1239	Xamtanga	Afro-Asiatic	Africa	12.4479	38.8352
xava1240	Xavánte	Nuclear-Macro-Je	South America	-14.3017	-52.4367
xere1240	Xerénte	Nuclear-Macro-Je	South America	-9.59426	-48.2629
xeta1241	Xetá	Tupian	South America	-24.9408	-52.2266
xhos1239	Xhosa	Atlantic-Congo	Africa	-31.0389	28.0769
xing1248	Xingú Asuriní	Tupian	South America	-4.13463	-52.321
xipa1240	Xipaya	Tupian	South America	-4.133	-49.948
xiri1243	Xiriâna	Arawakan	South America	2.69932	-62.5413
xokl1240	Xokleng	Nuclear-Macro-Je	South America	-26.9217	-49.5886
xwel1235	Xwela Gbe	Atlantic-Congo	Africa	6.41342	2.02985
yaba1248	Yabarana	Cariban	South America	5.32692	-66.276
yadh1237	Yadhaykenu	Pama-Nyungan	Australia	-11.314	142.725
yaga1260	Yagaria	Nuclear Trans New Guinea	Papunesia	-6.32432	145.388
yaga1262	Yagara	Pama-Nyungan	Australia		
yagn1238	Yagnobi	Indo-European	Eurasia	39.1486	69.2422
yagu1244	Yagua	Peba-Yagua	South America	-3.42913	-72.2186
yaku1245	Sakha	Turkic	Eurasia	61.6974	133.98
yala1262	Yalarnnga	Pama-Nyungan	Australia	-21.731	139.511
yala1263	Yala	Atlantic-Congo	Africa	6.73852	8.60748
yalu1240	Yalunka	Mande	Africa	9.97186	-11.2836
yama1264	Yámana	(isolate or unclassified)	South America	-55.2748	-68.2648
yamb1251	Yamba	Atlantic-Congo	Africa	6.535505	11.07711
yamb1252	Yambeta	Atlantic-Congo	Africa	4.83615	10.9369
yame1242	Yameo	Peba-Yagua	South America	-4.16666	-73.6667
yami1256	Yaminahua	Pano-Tacanan	South America	-9.8846	-71.5964
yana1271	Yana	(isolate or unclassified)	North America	39.2769	-121.608
yand1251	Yanda	Pama-Nyungan	Australia	-21.23270508	140.5134756
yand1253	Yandruwandha	Pama-Nyungan	Australia	-28.4744	140.583
yane1238	Yanesha'	Arawakan	South America	-10.5454	-75.315
yang1288	Yangman	Yangmanic	Australia	-14.4964	132.52
yank1247	Yankunytjatjara	Pama-Nyungan	Australia	-26.4064	133.577
yann1237	Yan-nhangu	Pama-Nyungan	Australia	-12.0853	134.877
yano1261	Yanomamö	Yanomamic	South America	1.67967	-64.8781
yano1262	Yanomámi	Yanomamic	South America	2.48999	-62.8522
yans1239	Yansi	Atlantic-Congo	Africa	-3.8231	18.2341
yany1243	Yanyuwa	Pama-Nyungan	Australia	-15.7621	136.055
yaoo1241	Yao	Atlantic-Congo	Africa	-13.6119	35.2387
yaou1238	Yaouré	Mande	Africa	6.95282	-5.57851
yape1248	Yapese	Austronesian	Papunesia	9.55811	138.125
yaqu1251	Yaqui	Uto-Aztecan	North America	29.9446	-110.681
yard1234	Yardliyawarra	Pama-Nyungan	Australia		
yare1248	Yareba	Yareban	Papunesia	-9.50651	148.605
yari1243	Yari-Yari	Pama-Nyungan			
yavi1244	Yavitero	Arawakan	South America	2.800281	-68.084219
yawa1258	Yawarawarga	Pama-Nyungan	Australia	-26.7334	140.871
yawa1260	Yawanawa	Pano-Tacanan	South America	-8.87563	-71.8199
yawa1261	Yawalapití	Arawakan	South America	-12.5104	-53.4236
yawi1239	Yawijibaya	Worrorran	Australia	-15.348087	124.529665
yawu1244	Yawuru	Nyulnyulan	Australia	-18.004	122.693
yayg1236	Yaygir	Pama-Nyungan	Australia	-29.91558791	153.2691386
yekh1238	Yekhee	Atlantic-Congo	Africa	7.10204	6.44919
yemb1246	Yemba	Atlantic-Congo	Africa	5.47421	10.0214
yems1235	Yemsa	Ta-Ne-Omotic	Africa	7.79821	37.4412
yeru1240	Yerukula	Dravidian	Eurasia	17.3702	81.9748
yess1239	Yessan-Mayo	Sepik	Papunesia	-4.15721	142.574
yeyi1239	Yeyi	Atlantic-Congo	Africa	-18.9178	23.6088
yidi1250	Yidiñ	Pama-Nyungan	Australia	-17.1332	145.876
yill1241	Yil	Nuclear Torricelli	Papunesia	-3.46501	142.178
yind1247	Yindjibarndi	Pama-Nyungan	Australia	-21.5379	117.001
yine1238	Yine	Arawakan	South America	-11.1086	-73.3087
ying1247	Yinggarda	Pama-Nyungan	Australia	-25.4446	115.58
yinw1236	Yinwum	Pama-Nyungan	Australia	-12.52068956	142.7036225
yiry1245	Yir-Yoront	Pama-Nyungan	Australia	-15.1117	141.767
yith1234	Yitha Yitha	Pama-Nyungan	Australia	-33.89	144.22
yomm1242	Yom	Atlantic-Congo	Africa	9.87186	1.81099
yong1270	Yongning Na	Sino-Tibetan	Eurasia	27.8	100.9
yora1241	Yora	Pano-Tacanan	South America	-11.3704	-72.0409
yort1237	Yorta Yorta	Pama-Nyungan	Australia	-35.9	145.01
yoru1245	Yoruba	Atlantic-Congo	Africa	7.15345	3.67225
yuca1254	Yucatec Maya	Mayan	North America	18.7757	-88.9567
yuch1247	Yuchi	(isolate or unclassified)	North America	35.96146	-95.03933
yucu1253	Yucuna	Arawakan	South America	-0.76075	-71.0033
yuec1235	Yue Chinese	Sino-Tibetan	Eurasia	23.0	113.0
yuga1244	Yugambal	Pama-Nyungan	Australia	-27.803	153.082
yugu1249	Yugumbir	Pama-Nyungan	Australia		
yuhu1238	Yuhup	Nadahup	South America	0.2485	-69.8079
yuki1243	Yuki	Yuki-Wappo	North America	39.8389	-123.296
yukp1241	Yukpa	Cariban	South America	9.67534	-73.0557
yulp1239	Yulparija	Pama-Nyungan	Australia	-18.923519	122.370316
yulu1243	Yulu	Central Sudanic	Africa	8.04124	23.6166
yuqu1240	Yuqui	Tupian	South America	-16.7875	-64.9438
yura1255	Yuracaré	(isolate or unclassified)	South America	-16.7479	-65.1224
yuro1248	Yurok	Algic	North America	41.3262	-123.824
yuru1263	Yurutí	Tucanoan	South America	0.735585	-69.6955
yuwa1242	Yuwaalaraay	Pama-Nyungan	Australia	-29.758184	147.923684
yuwa1243	Yuwaalayaay	Pama-Nyungan	Australia		
yuwa1244	Hoti	Jodi-Saliban	South America	5.63879	-65.4267
zagh1240	Beria	Saharan	Africa	17.4842	23.4626
zaiw1241	Zaiwa	Sino-Tibetan	Eurasia	24.1726	98.3643
zand1248	Zande	Atlantic-Congo	Africa	4.62047	26.7157
zapa1253	Záparo	Zaparoan	South America	-1.99871	-76.364
zarm1239	Zarma-Kaado	Songhay	Africa	12.8554	2.41173
zays1236	Zayse	Ta-Ne-Omotic	Africa		
zayy1238	Zay	Afro-Asiatic	Africa	8.01148	38.8258
zhon1235	Zhongu	Sino-Tibetan	Eurasia	32.43582	103.44179
zinz1238	Zinza	Atlantic-Congo	Africa	-2.64132	32.1755
zoee1240	Zo'é	Tupian	South America	-1.77208	-55.50746
zoog1238	Zoogocho Zapotec	Otomanguean	North America	17.2016	-96.3433
zulg1242	Zulgo-Gemzek	Afro-Asiatic	Africa	10.827	14.0578
zulu1248	Zulu	Atlantic-Congo	Africa	-25.3305	31.3512
zuni1245	Zuni	(isolate or unclassified)	North America	35.0056	-108.782
